baseline_ignition_altitude,ascent_twr,descent_velocity,current_altitude,vertical_acceleration,lateral_velocity_x,lateral_velocity_y,lateral_position_x,lateral_position_y,pitch_angle,roll_angle,yaw_angle,omega_x,omega_y,omega_z,inferred_mass,inferred_drag_coeff,estimated_drag_area,air_density,ambient_temp,wind_speed,dynamic_pressure,time_since_apogee,thrust_available,burn_time_remaining,predicted_ignition_altitude,rocket_class,fault_type,TARGET_correction
77,7.322268749895413,-34.94567130572672,1079.7571891739858,-9.68200126055989,-0.007336553248219723,0.10666539513672964,2.085055548315876,4.162309285605782,-0.20462725140587282,-0.19239694814372707,-0.11269836500842056,0.03140297505973636,-0.06945716633145432,-0.20910279380262353,27.072141134280443,0.1610808996454553,0.003946371706496226,1.070968454892608,17.206301641806405,-0.7363418826870826,650.8704810808714,5.0,1980.1806869205134,3.2904180608409974,12.298835281428252,Large,wind_gust,3
77,6.946282761653421,-34.3177416153005,1088.2664746434,-9.754600601865635,0.06559149481615874,0.2645283116845832,-5.045426714325538,-7.916471067684437,-0.15127227324625564,-0.21781210275888763,-0.1847885590923447,0.015950518971766775,-0.07936050440469991,-0.20742657097567788,26.744715413316037,0.24438742297966787,0.0039267240773665744,1.070968454892608,15.554596064217822,-0.4143317802091485,650.8704810808714,5.0,1739.9941398180813,3.2904180608409974,12.298835281428252,Large,mass_loss,-4
77,7.352982704659537,-34.28135342472707,1082.218353185441,-10.165645599681083,0.36365170263993774,0.37004904136291716,-7.870776434720273,3.189764716124449,-0.2921784451789355,-0.13743097536589313,-0.16414279626987988,0.032598513508777224,-0.07420373895205734,-0.2054419353970688,21.989179876897254,0.18595968542366234,0.0035828129436008874,1.070968454892608,15.966948002565061,3.588561686017172,650.8704810808714,5.0,1679.6938463030813,3.2904180608409974,12.298835281428252,Large,mass_loss,-4
77,7.9633025727148805,-35.122872856616155,1081.0928613545086,-10.093438690030512,0.27462063531062225,0.09862533289790533,-2.648801018835194,2.5663371655667806,-0.18510341662053773,-0.14247277014909518,-0.152557308918145,0.02147981016626016,-0.07197606288920581,-0.22340600928327928,26.40783293723868,0.21305276360899447,0.0036062163991824963,1.070968454892608,13.575426202978058,-2.8307414841008285,650.8704810808714,5.0,1760.525175311435,3.2904180608409974,12.298835281428252,Large,mass_loss,-4
77,7.1683941117740755,-35.120631493233454,1083.3124941621943,-10.271100836366681,-0.19882149401346402,-0.04394184202248486,-4.23008508227853,-4.112446843900312,-0.13562094293597604,-0.14065567564060805,-0.13954295538557804,0.023914780780426068,-0.05568482062851962,-0.2230356486492136,28.600904288241683,0.2987285598476743,0.00431264520581824,1.070968454892608,10.164778032521864,-1.5252539284303033,650.8704810808714,5.0,1960.0727890145463,3.2904180608409974,12.298835281428252,Large,wind_gust,3
77,7.118056053726867,-34.171729888013,1085.5202591720515,-9.674266182515405,-0.2641922455589308,0.023068484575371428,-2.4671624110166332,4.615813041709764,-0.10462704640401663,-0.1472255488939707,-0.11699743693727051,0.021101038663912414,-0.061564114031593176,-0.22099959516871115,28.87978792948272,0.15426545343693615,0.0038280420617601285,1.070968454892608,13.722725716002225,-0.7765287979532283,650.8704810808714,5.0,1857.6240667638706,3.2904180608409974,12.298835281428252,Large,drag_change,6
77,8.109542524763729,-34.665550777447116,1081.4586159698292,-10.096563814501211,0.003910169929965279,0.11333087759192746,0.3141229986659121,2.5079818267308625,-0.19730456373395838,-0.18187387098872865,-0.06921412510785563,0.014108120103607782,-0.06696786336161038,-0.2077132233316805,27.37230799884298,0.18866387722253192,0.003839756309318572,1.070968454892608,16.249975400653774,-3.699605874328463,650.8704810808714,5.0,1914.0479134862894,3.2904180608409974,12.298835281428252,Large,mass_loss,-4
77,8.107115998257456,-34.62682128702344,1080.3272415658898,-9.872936899577166,-0.29240450106819643,0.2361253811227356,5.79297789503702,-4.103411591758553,-0.14178848762572366,-0.17026597332891472,-0.07635164622455287,0.04372436145877731,-0.07050886251791294,-0.216308221445533,23.436563125511412,0.1592094857517281,0.00357658298409135,1.070968454892608,14.72690441936164,0.5533815986600381,650.8704810808714,5.0,1765.1307100445538,3.2904180608409974,12.29883528142825,Large,mass_loss,-7
77,7.9212350839069074,-34.27772329557713,1081.9636101809945,-9.878678039340366,0.835181413946951,-0.009356039450053252,-0.05791659890996852,0.9529935255726141,-0.15960850860950848,-0.20835007881437723,-0.08714818606932313,0.005314135694741845,-0.06469099372002171,-0.2082645616928064,27.81974575756936,0.17623713257997622,0.0033847324048087066,1.070968454892608,12.417558275808304,-4.6361364963756575,650.8704810808714,5.0,1917.634660757163,3.2904180608409974,12.298835281428252,Large,thrust_var,6
77,7.648958901260811,-33.98226901132772,1083.1717560061854,-10.141184830447402,0.31722705265871287,0.01540825784389061,4.362235788302265,5.330992720488691,-0.23790769890927868,-0.12180478946714247,-0.07219855622644941,0.018717387907392552,-0.0650104901591757,-0.206198784892157,28.159205391085454,0.24359569944061965,0.004122450198417975,1.070968454892608,14.059213215209615,2.661762655944171,650.8704810808714,5.0,2039.7193505729617,3.2904180608409974,12.298835281428252,Large,thrust_var,3
12,17.984129042098285,-40.30687914796533,529.9111850824996,-10.104700022610054,0.0045429834779592854,0.13262220506001943,5.24009871997476,-3.1428487373785323,-0.12623419213333462,-0.06120716163653335,0.15813044838471543,-0.21184406687417656,0.4619093594792661,-0.04591330745137729,24.830733731535503,0.11938863464127383,0.003929674271262704,1.12088368894145,31.806449243166995,0.7545925309208183,952.6369768448887,5.0,3961.6417649608816,4.640763337373659,7.289584802045499,Large,thrust_var,0
12,16.134655923034455,-41.52502739335578,525.8243054323603,-10.323134387104483,-0.08419646260224616,-0.18119277584932442,-2.7462645368215095,5.48398127220702,0.0016463529255346526,-0.0026708748173290414,0.18050162989418322,-0.22321099417395301,0.4971221637714995,-0.041893203176192245,25.63105785866214,0.2772237419353896,0.0037137871978436044,1.12088368894145,31.126100618191312,1.2156770806696091,952.6369768448887,5.0,3848.4102518209343,4.640763337373659,7.289584802045499,Large,thrust_var,0
12,17.77849341348972,-42.20462992688685,526.8807439105251,-10.152789776834112,0.08429756032050979,-0.18680985594617813,-1.0406112517863761,-2.465004673294164,-0.13347749276958606,0.06472956116904448,0.21457217657080557,-0.23538618013286466,0.4742478291451023,-0.03966184317750536,25.435798955612988,0.23148144209618063,0.003292627280402599,1.12088368894145,28.153273452027307,1.4945872102465236,952.6369768448887,5.0,3771.168999377325,4.640763337373659,7.289584802045499,Large,wind_gust,2
12,15.76971371941879,-41.502447768605265,529.2716653913337,-10.305475812105804,-0.4602195356096783,0.10892088100119261,5.721857677373418,4.289323293942331,-0.1353521483992832,-0.044850908884674565,0.18042274522347876,-0.19591723291938207,0.4498018409047998,-0.05116218935114068,21.200427942071364,0.1937737376203158,0.0035183791461349877,1.12088368894145,33.32307752842326,-1.7065198840759535,952.6369768448887,5.0,3110.8589794661675,4.640763337373659,7.289584802045499,Large,mass_loss,0
12,17.032983058258836,-41.826916261732364,528.7256707596424,-10.181384473180207,-0.20974397342757517,-0.0026451138737422944,-10.450088743151397,8.852157582833593,-0.11946388038222157,0.06244010888680617,0.22741346934632442,-0.21487827629925824,0.4609187963217442,-0.04069661111099679,22.918581851534498,0.243627079571524,0.004004700840710689,1.12088368894145,28.318872071270604,-1.3284548866088455,952.6369768448887,5.0,3565.0332513939848,4.640763337373659,7.2895848020455,Large,mass_loss,-2
12,17.252536391775674,-41.66831994724898,525.6008741432851,-10.504848589021117,-0.47593908552790026,-0.12665315248529904,7.2187360484288075,-9.574536848047611,-0.06141203154414124,0.06066642903324345,0.22445604198373462,-0.2211253505328146,0.45420961250529845,-0.03511911997329549,23.77112554760223,0.07704033189607258,0.003610870595043306,1.12088368894145,27.585420067603753,2.7176332666654575,952.6369768448887,5.0,3607.0928336201014,4.640763337373659,7.289584802045499,Large,wind_gust,0
12,16.24512505336867,-41.2222898267347,527.3796662976939,-10.527993789195955,0.007353052277682814,0.14939948737363493,7.255718038975209,4.796354130426034,0.0036498679532023515,-0.016117921826409233,0.2403374341085871,-0.2266236641228746,0.4871498597229465,-0.05081782123982297,19.137726870272402,0.1700303677277989,0.002827724533169232,1.12088368894145,28.222125489059724,-1.518265323107396,952.6369768448887,5.0,3013.343942691641,4.640763337373659,7.289584802045499,Large,mass_loss,2
12,15.667595257165294,-41.2533258035172,525.8936696822012,-10.632350351416601,-0.4543724531448713,0.20389790074902564,-0.6139437457875738,3.2444662062677487,-0.06499549670137539,0.029803454425629664,0.13513486389706192,-0.22656123497865224,0.47924779686929714,-0.04720911862885284,22.790933987471178,0.19931110223664042,0.004082976884272861,1.12088368894145,27.918063346434476,2.307063744015737,952.6369768448887,5.0,3292.1839473360988,4.640763337373659,7.289584802045499,Large,mass_loss,-2
12,14.095324979918786,-41.679232936457936,526.9670567724185,-10.372055483852282,0.07781679269990821,0.0907044870994928,7.581166614669481,1.5622924054897371,-0.1196604403331975,-0.057706717308880884,0.12829189649546033,-0.22310216608050606,0.47585629853187444,-0.02732112841708963,19.58168455102832,0.18480677822845365,0.0036772619085854914,1.12088368894145,33.36843337468172,0.22972293642779115,952.6369768448887,5.0,3295.562529101903,4.640763337373659,7.289584802045499,Large,mass_loss,0
12,16.39743872497798,-40.55754177497264,521.9667380812275,-10.488878772865606,0.1781226527523635,0.36384452210480556,1.0155677397325313,0.2478636464970223,-0.023480331761210463,0.08594912584743418,0.15329230542016822,-0.22729297437905055,0.4688535204121249,-0.025548844646134595,25.50082596085136,0.19482119500491885,0.0036692702253283164,1.12088368894145,25.50586855395346,1.9372569692546895,952.6369768448887,5.0,3777.6394339135663,4.640763337373659,7.289584802045499,Large,drag_change,0
43,13.670350494429407,-30.381135116015336,588.6256122991092,-9.858599968615978,-0.07075794244520309,-0.023029172708499607,8.414632321864682,11.908183972539753,0.1238265446675329,-0.23106070128152323,-0.2096050157783203,-0.1625194865293226,0.39053602807047627,-0.028774457172167332,1.5791947370291937,0.19013891645732384,0.0003280939885639593,0.9990333015608464,15.419364706919797,0.356256851522129,468.7425490860267,5.0,196.97482643949218,1.7389271409893043,5.0,Small,mass_loss,-3
43,16.413913141504178,-30.7885506781692,588.3790389050636,-10.464329526347893,0.2554206277136486,-0.2963807537389624,0.14310279783913088,4.843115781522106,0.03591141949572517,-0.21272957381947702,-0.11468257885082267,-0.17890018724477158,0.3886833514362196,-0.035083778574998364,1.7000555771736017,0.1976104561313231,0.000334256178762591,0.9990333015608464,14.027287480443,-1.546449940905646,468.7425490860267,5.0,230.53892574138862,1.7389271409893043,5.0,Small,wind_gust,2
43,13.075379915125952,-30.828705546475852,589.0358767317348,-9.611106357863093,0.46884406986243315,0.1666920718900603,10.42238615270782,6.954517480926374,-0.015853554186209942,-0.16333088779861635,-0.15529923610077176,-0.1572264961474637,0.38263638471083666,-0.020084348380023417,1.408693398421155,0.198926251881267,0.00035086560629476787,0.9990333015608464,12.81835008956464,2.3776020153044115,468.7425490860267,5.0,214.52492351536895,1.7389271409893043,5.0,Small,mass_loss,-3
43,14.707812991920331,-31.048663604066125,590.1730009220004,-10.035951136989324,-0.07168441405992292,-0.27226909861247933,-2.8838566528416636,3.77695612912878,0.1095707062631478,-0.2655814586502815,-0.1859053340890518,-0.1468188454424189,0.3800943570947981,-0.020604757813328295,1.659236708341889,0.228529933429658,0.0003453997552198137,0.9990333015608464,11.726269971339992,-3.2550848757663253,468.7425490860267,5.0,235.21880977534875,1.7389271409893043,5.0,Small,thrust_var,10
43,14.515611156597464,-30.563934564666383,591.1605916676588,-10.023743882137557,0.2645789731149719,-0.5054616416903217,-3.7398499491324513,-10.694001574046577,0.18437525472407604,-0.11750409002610722,-0.15954114598386387,-0.16445889738526712,0.4206871926281951,-0.03208250451844477,1.697798743021555,0.20797667028653613,0.0003908251957297593,0.9990333015608464,16.62363937607767,1.3679232749489019,468.7425490860267,5.0,232.9589796028832,1.7389271409893043,5.0,Small,wind_gust,2
43,15.030251431093324,-29.843121498323004,589.3923854317095,-10.0031576230569,-0.1783548158172748,0.1764985555381927,-1.5923925532516967,-1.5952851053317152,0.11169900453011763,-0.16495765005632398,-0.301277276944207,-0.15072493242940252,0.39408637671923646,-0.016562190360513554,1.6946312238563859,0.265052621658115,0.0003486472896743104,0.9990333015608464,10.875374357417254,2.1031860813433325,468.7425490860267,5.0,224.75755492277,1.7389271409893043,5.0,Small,wind_gust,2
43,13.784180215019695,-31.439893873636002,588.1378714925602,-10.014919655369045,0.07260454322033896,-0.4591436229561758,-9.336759131845547,-3.823956934777253,0.1303334101621598,-0.16218555082567165,-0.10558070639362882,-0.15465601918538793,0.4050699448099129,-0.015939410126631047,1.6734600918739762,0.21939224407652333,0.0003985728520236651,0.9990333015608464,13.517718938498783,3.2841923422148867,468.7425490860267,5.0,234.19926786287922,1.7389271409893043,5.0,Small,wind_gust,2
43,14.474233818538778,-31.12257040375176,588.7435007502885,-9.950443416490526,0.22709658499360555,-0.27664959725328764,4.348029600528301,6.778189294024754,0.1051965920431138,-0.12286390578245064,-0.22956140931569174,-0.16677926370925097,0.379001207416969,-0.011077916622235817,1.7722405179137404,0.19722076645447725,0.00038441033556909217,0.9990333015608464,13.085056078072277,4.891503959233653,468.7425490860267,5.0,236.17075948780013,1.7389271409893043,5.0,Small,thrust_var,7
43,14.029922340121473,-30.530883441098148,588.4267916598301,-9.765533681467478,-0.1882256653132431,-0.14861677287937405,2.0941970693424348,-1.9464409586374645,0.022777627205058083,-0.27167148765195837,-0.16398365144016533,-0.1679198318217574,0.41076005418149997,-0.03294235258014515,1.768967084479053,0.1684793687985183,0.0003397165143810383,0.9990333015608464,15.828241537249395,2.1035669340318,468.7425490860267,5.0,231.75234242742914,1.7389271409893043,5.0,Small,wind_gust,2
43,15.603994880981745,-31.042425654381802,586.6265572351795,-10.078050548077861,-0.33762570232406663,-0.044711000018858964,-0.03326727315618673,-6.5957252260097246,0.12474680238747202,-0.2245643910785765,-0.13684895591024562,-0.17278176907909773,0.38661648820055794,-0.02087166665064642,1.6475255058678901,0.19177321709751521,0.0003739672992642142,0.9990333015608464,15.652546134575767,-1.3551324254674142,468.7425490860267,5.0,236.40618123336978,1.7389271409893043,5.0,Small,thrust_var,7
71,10.67308616715279,-47.990891245689596,808.0202888009084,-10.536591184826401,-0.48675708905932563,0.10229650568314011,0.12785668204716746,-7.054252652028914,-0.2922810164199979,0.08630144893200961,-0.14270358718530268,0.3635112053098609,0.46328203989817995,-0.12228100190163436,4.061093130225418,0.22101622935922605,0.0009207821325335634,1.215152897523046,-9.48671692573259,-1.2068725098055255,1402.9733831417993,5.0,350.50460711149145,3.416200835329998,16.675306949080028,Medium,thrust_var,9
71,10.130419659667332,-48.678971049465474,810.3819768951736,-10.778428928470877,-0.15681690615571184,0.31470276775106676,-3.521718452713796,-7.042306481817798,-0.2846873111177677,0.0660846963522127,-0.25486458932765155,0.37933356283336095,0.42529616805479553,-0.10972612003734666,3.862568289787828,0.1951643444064804,0.0008953001923665444,1.215152897523046,-6.573382194161764,-0.07526940484969673,1402.9733831417993,5.0,374.65685785709815,3.416200835329998,16.675306949080028,Medium,thrust_var,18
71,9.935833887876047,-48.72476754052596,811.9367813438121,-10.723908604609932,-0.2382907725490565,0.4862304070401823,3.0869490486016264,-6.000849982008046,-0.25908058976156645,0.024664462790538605,-0.17597777276034626,0.3680136193281565,0.4556172469289184,-0.12129495965624562,4.079619655025057,0.2063396579840235,0.0008749683599906942,1.215152897523046,-7.378356162183852,-0.13796132069158404,1402.9733831417993,5.0,309.2971470473141,3.416200835329998,16.675306949080028,Medium,thrust_var,12
71,10.775540867794804,-47.26816694364225,806.526407073633,-10.475317143427263,-0.04743044702105958,0.241977974374106,1.918069769083854,-11.848607047422238,-0.22425650675641445,0.04571211692974531,-0.2625613700607797,0.36759584111217714,0.43087530971636245,-0.1346750741944176,4.078581141066823,0.1558111105567866,0.00100124734410715,1.215152897523046,-10.878801858683278,4.162629313530283,1402.9733831417993,5.0,349.6625357089513,3.416200835329998,16.675306949080028,Medium,drag_change,6
71,9.093302001064515,-48.1153612506431,806.0700066052677,-10.71240314575641,0.07079992700319925,0.06980290737413833,-2.400612948981467,11.492344308674166,-0.2702569280237259,-0.030673092573145086,-0.10809420291600812,0.3547428297076184,0.4366685552582684,-0.10366156474301592,4.010623771703761,0.1702767725930889,0.0009674942898385848,1.215152897523046,-3.4799118532105373,1.383241361901735,1402.9733831417993,5.0,377.90301918895045,3.416200835329998,16.675306949080028,Medium,thrust_var,18
71,10.383498639483959,-47.823824221658604,808.3935914338425,-11.17162023387651,0.12888546573977575,0.062306306148933344,1.3578941859768672,-6.383742879101547,-0.26090867946198565,0.08844184145157591,-0.19282087939567014,0.3686006279872435,0.44639864589493733,-0.1263931223252896,3.6206948734324804,0.1741977635891313,0.000956000160838442,1.215152897523046,-8.29620500027599,-0.8689924548646312,1402.9733831417993,5.0,316.307946322017,3.416200835329998,16.675306949080028,Medium,mass_loss,-1
71,8.707270747088641,-47.40432540735547,811.4222690138577,-11.122350915555314,0.052626322590033914,0.4165773364332548,6.1508065672857315,4.1803052557976175,-0.33921849643644797,0.07226133711672142,-0.20174831662153453,0.37174419630070227,0.44867707671797097,-0.12688949982313572,3.944724742861871,0.1914043314464121,0.0009445996869099014,1.215152897523046,-8.482102421123429,-3.2108179823691247,1402.9733831417993,5.0,365.1507900720989,3.416200835329998,16.675306949080028,Medium,thrust_var,9
71,9.129668063498636,-48.932713761269895,806.7886616020178,-10.69278727435946,-0.09010814642658857,-0.24143607499809744,-5.03057946541748,-5.254559789140934,-0.30353976749695055,-0.024585592797388006,-0.24437202568669575,0.36861185337808877,0.4444582316021666,-0.13494653215042166,3.8130620718957156,0.16680515432266674,0.0010574112986676087,1.215152897523046,-4.129437307290475,-3.139920675314686,1402.9733831417993,5.0,318.7191084657195,3.416200835329998,16.67530694908003,Medium,mass_loss,-8
71,10.20140613030029,-47.79931937252675,806.0355727341117,-10.627152361866884,0.7505094638581328,0.14088623681265128,-8.495036024218338,0.88687695919773,-0.29839662115125676,0.1941527823881387,-0.07905938735361366,0.3551262361855633,0.4236587901436944,-0.1354743955911749,3.787650811296747,0.11190681289801307,0.0009403627673145902,1.215152897523046,-7.746811751406408,0.2503093941257771,1402.9733831417993,5.0,359.14641888406504,3.416200835329998,16.675306949080028,Medium,thrust_var,12
71,9.280432749431219,-48.41887928124378,808.4676689110122,-10.382536928478721,-0.15528338971085143,0.06713638549166955,-0.08211448036376037,5.94196636724042,-0.08050923114789141,0.009240760138914686,-0.21531509382874847,0.372227229784208,0.45293437702989586,-0.10822361046288673,3.9338360088466353,0.18203539546064704,0.0010028275161535793,1.215152897523046,-5.15424726170009,1.640964362394728,1402.9733831417993,5.0,364.0752946938823,3.416200835329998,16.675306949080028,Medium,thrust_var,12
43,21.805304273715233,-20.753532009579075,1139.0811839795922,-9.975037357044135,0.07997416400848091,-0.12041392719966794,2.690111773984219,0.23977025141552824,0.2144305794762841,-0.038365671379326574,-0.13600971008672982,-0.30278201192893267,-0.4177654994756463,-0.1776130817297775,0.38295149028677594,0.2087319634683914,0.00012043781347487565,0.8463883224292769,27.092889131251724,-0.9602637353917015,170.60753517922458,5.0,76.87082672127445,1.4613152881849074,5.0,Micro,mass_loss,-3
43,20.397533830970254,-19.12300550937827,1138.298250373609,-9.647055445639534,-0.18872159162082866,-0.05056676221882831,-2.2458190438778143,5.633765959631014,0.12559729363735633,0.07026981569099788,-0.11087203102165319,-0.3073474307198487,-0.402915178190372,-0.172489624799441,0.463456548588937,0.17526483155411088,0.00013641555312882177,0.8463883224292769,26.625150267640482,0.8616804886674967,170.60753517922458,5.0,88.1888254129603,1.4613152881849074,5.0,Micro,thrust_var,0
43,19.410959321080828,-20.424361838548286,1135.9997444558464,-9.969299039359402,-0.07237081735689896,0.10561661895428903,-6.25769712095222,7.2188230203662975,0.14987392335133237,0.08957383260326057,-0.12765073426237003,-0.3022996032211691,-0.4102041027296933,-0.16908933789653388,0.4021698518171943,0.2664576265066216,0.00014994390136530296,0.8463883224292769,26.58086672430229,-0.17947138857445344,170.60753517922458,5.0,81.80261607717033,1.4613152881849074,5.0,Micro,mass_loss,-3
43,19.515397598896982,-19.775325258301937,1133.1173749231568,-9.928853486040811,0.13339655570008774,-0.29860660917720505,4.4536904188744515,-8.588968118808161,0.16880442897088874,0.03166614434405376,-0.1507369003677999,-0.3186461018425127,-0.4252719955760146,-0.15737840324650104,0.4719334772348143,0.23710422942618994,0.00016087481972393904,0.8463883224292769,26.854886298467804,-0.6467124245724175,170.60753517922458,5.0,87.33625151151028,1.4613152881849074,5.0,Micro,thrust_var,0
43,21.565310236875433,-19.187595258394982,1134.3382791526092,-9.98460665401704,-0.08075583950441668,-0.02584153364500918,-0.8950598355874272,-3.6593854281510856,0.16375199652079245,-0.019422597846950884,-0.09534286471580433,-0.3006340373461609,-0.4208364036956555,-0.17801625671044563,0.4510309822576729,0.16007273421969087,0.00017369986813983663,0.8463883224292769,25.878710666508802,0.786526302767355,170.60753517922458,5.0,90.09754629730307,1.4613152881849074,5.0,Micro,thrust_var,0
43,20.661400038491838,-18.871710846049098,1137.3937350504116,-9.596829845904983,0.40544352884205215,0.13924039806699112,-2.8985045573681374,-0.12052439076250668,0.14288585963128314,-0.027016906758609308,-0.11227292283327009,-0.29119360539311284,-0.4188848104775298,-0.15192985850445967,0.41025361732420995,0.2527181774193602,0.00017163434958199615,0.8463883224292769,24.754798047163145,-0.37211301028576177,170.60753517922458,5.0,91.67161686658912,1.4613152881849074,5.0,Micro,thrust_var,0
43,22.828928049315664,-19.86024596877065,1136.1669234448939,-9.967935257390476,0.18405539181912497,-0.30683776955952163,-1.2868826871167256,-8.342920369387947,0.1739426384012248,0.06606883800899124,-0.16894632469622395,-0.29112726777980663,-0.4281594321620388,-0.18821017229880524,0.4498951748365549,0.25235491513060776,0.00017181680616062343,0.8463883224292769,24.245090683387385,2.1573616668625912,170.60753517922458,5.0,86.96110935886851,1.4613152881849074,5.0,Micro,drag_change,0
43,20.080579665259844,-20.759927632883226,1134.7459375422968,-10.449102615115743,-0.1468618331074511,0.1867669000027745,-2.3815032048441394,6.94156350716904,0.2369788624072252,0.0974912651551429,-0.133254956068037,-0.3301139281375716,-0.4229387504523414,-0.1749868087644509,0.4250180341792042,0.19302472622567146,0.00017073066219321553,0.8463883224292769,21.87130615009463,3.6233841122380532,170.60753517922458,5.0,90.9831299688849,1.4613152881849074,5.0,Micro,thrust_var,0
43,21.407067048677533,-20.12183019217276,1137.7055027381796,-10.241291912470567,0.33231613508451013,-0.2124236598582424,-7.779493252449478,-1.3619798524990447,0.04922360613696153,0.046417735636164296,-0.15774952371026651,-0.29453026619894657,-0.4094125334269454,-0.18748638686858712,0.42625219645867524,0.22603322102671047,0.00015951061328718476,0.8463883224292769,27.607861038899028,2.429018570610696,170.60753517922458,5.0,86.73886913871324,1.4613152881849074,5.0,Micro,wind_gust,-3
43,21.196538032438404,-19.533689448927447,1135.0580186051138,-9.977428922782872,-0.3712024936341139,0.18877469156807544,0.9546887538665787,-4.472816162068921,0.10992612479463773,0.11450696619079137,-0.046203564058164406,-0.30899848877938013,-0.4152242398043937,-0.16956527875022487,0.4481952021132767,0.1162851139730685,0.00015334598793527034,0.8463883224292769,20.987081139924047,-1.4653683825152382,170.60753517922458,5.0,89.33073411991421,1.4613152881849074,5.0,Micro,drag_change,0
12,13.779292523965239,-59.4709503437854,1108.9183446655454,-11.330243101902582,0.24074126469590656,-0.11949627180718853,-1.3098321815927647,-2.53839891232831,0.2736891595160978,-0.32103542130750046,0.158789782116326,0.1751247599052998,-0.2879668724371622,0.1664142270087969,36.76749635796905,0.24740884126811508,0.010658265814045435,1.012746791203697,25.114961102522976,2.2185204044458477,1819.4629866175555,5.0,4901.0216206001505,9.848381665583151,16.36925578162523,Heavy,mass_loss,-2
12,14.51253832920372,-59.16640135697326,1105.1280349994709,-11.028391845272925,-0.38794359709384735,-0.18029218890100832,0.8484689617600976,-3.500579366025041,0.3130524605550097,-0.20506885813941944,0.0012612642161397292,0.16968346247373528,-0.2837334263795586,0.170146640492811,40.93913318501415,0.1990032302377095,0.008584450364689552,1.012746791203697,24.71897707443624,2.8907693791658673,1819.4629866175555,5.0,5387.3875847381405,9.848381665583151,16.369255781625235,Heavy,thrust_var,0
12,15.960846961943611,-61.03553750595575,1109.9432898943444,-10.755614893524202,0.39562938471815823,0.02605774894854084,4.583142330787646,-0.7987332018260808,0.1992343614197899,-0.20523114455499805,0.10887175913818296,0.16241827260251457,-0.28899299706018067,0.15461222340697547,42.85759768590626,0.3173523741686366,0.010214471072758297,1.012746791203697,28.198256482953983,4.91155239912511,1819.4629866175555,5.0,6218.192401396298,9.848381665583151,16.369255781625235,Heavy,drag_change,-2
12,14.433225746189537,-59.47229667072397,1106.2685143480262,-11.012611278156891,0.16501562970736555,-0.2905033364590906,0.5268775307297995,-6.670127474591022,0.2285008351066259,-0.26577866747477097,0.034066363942353226,0.1809181331568505,-0.28452122559154963,0.16441036977682869,42.359554980228594,0.26820702149869224,0.009828901185980907,1.012746791203697,26.925757696710427,0.24459500606456755,1819.4629866175555,5.0,6089.080887928708,9.848381665583151,16.369255781625235,Heavy,thrust_var,0
12,16.190762838467514,-59.731675684364596,1106.114704874163,-10.872173904932357,0.22192498196347768,-0.07612400424827516,1.5837102940221874,7.548312291980203,0.2157054963171003,-0.33468274442985413,0.14835101691864733,0.1810888121392273,-0.27403646464815473,0.1645834083516949,40.7013816580769,0.22160963257327027,0.008598640247541832,1.012746791203697,27.283931355494943,1.0055984619328082,1819.4629866175555,5.0,5821.1888550060385,9.848381665583151,16.369255781625235,Heavy,thrust_var,0
12,16.114320159440204,-59.130983983568555,1105.1595932150503,-10.987262488014595,0.43784808101505646,-0.5055932816285821,1.571917470274236,-0.010418987100919104,0.279296308023176,-0.3203829654482216,0.04193510920826468,0.15738232152545625,-0.2745610080676618,0.16992596159749074,39.9979703343322,0.17329258251559518,0.008131795411656297,1.012746791203697,28.91125970397098,-2.20155856567337,1819.4629866175555,5.0,5377.530223053475,9.848381665583151,16.369255781625235,Heavy,mass_loss,2
12,16.124923185256645,-60.050148517710774,1107.1916614964296,-11.059049611950822,-0.4036105356706496,0.2472044491795055,8.448184988473484,4.352881079071207,0.24624378267647953,-0.35866954957016983,0.038736677808790046,0.16321695275485343,-0.284447630373406,0.16001947086538323,39.22213585553884,0.11019855067584622,0.010980178031539818,1.012746791203697,29.173381416851672,-0.6536725861242697,1819.4629866175555,5.0,5003.004381063351,9.848381665583151,16.36925578162523,Heavy,mass_loss,-2
12,14.626144465600584,-59.32463567711286,1110.4161093762914,-10.84585702397605,-0.32769382940177366,-0.09492253490844058,6.065488499895917,0.7085845681995238,0.37453569430327127,-0.26210187221217923,0.12331850644343828,0.1734222211352215,-0.28298943855446,0.15736077186885175,43.373714020533164,0.24783511583972923,0.008944354675352647,1.012746791203697,25.122102871845374,-3.672410746206593,1819.4629866175555,5.0,6078.615900037561,9.848381665583151,16.369255781625235,Heavy,thrust_var,0
12,15.52548228102273,-60.20793607618716,1111.6128699618203,-10.436057066442164,0.007836729461917729,-0.7405628747652925,4.4322409850812985,-11.469881700167928,0.3323765228401899,-0.22758851914478287,0.20242667582583773,0.17911604136092377,-0.2879387052741012,0.15438445889575497,40.74640331211984,0.24905343268373514,0.010398767742899806,1.012746791203697,28.025020045829358,-1.4443626158539444,1819.4629866175555,5.0,6707.350784054643,9.848381665583151,16.369255781625235,Heavy,drag_change,2
12,17.05598673230595,-60.09275240691433,1106.9326630656828,-11.043466891908805,-0.7577155900807464,0.019187036073279894,-1.8585645164645044,-4.961566330180471,0.2839571008197616,-0.27906834325960816,0.023595605244225826,0.17004809056532214,-0.3132075596542101,0.16181816337399224,36.72002499373468,0.16033590530831635,0.010231647338302698,1.012746791203697,25.219571536717886,-1.933034051869986,1819.4629866175555,5.0,5230.651037854377,9.848381665583151,16.369255781625235,Heavy,mass_loss,4
45,16.348843288559095,-31.976487193967742,683.0374290349054,-10.118206036507829,-0.35103390781780786,-0.5405941312740059,2.7073136410239402,3.7957758015132343,0.04200548453597566,-0.01458128126565389,0.05260155319545433,-0.2671873550993609,-0.2821435771250603,-0.2773637710165693,3.9869907954718484,0.22896457498005443,0.0009595283745673236,0.9966527241348635,5.267349218593736,2.3931430033289827,524.5334652297354,5.0,691.4065281404164,3.858493254222763,5.0,Medium,mass_loss,-6
45,19.42842646304682,-33.0627949937754,686.656799193778,-9.798653306503052,-0.09212846541333039,0.30784628441905965,1.4572496160590311,-3.653409819018903,0.06094077027748632,0.09598296634257951,0.0755318627172546,-0.2695782161611881,-0.26147246208760044,-0.2741106877184895,4.014462244766133,0.19513459056139867,0.0008050680259425085,0.9966527241348635,6.662032595422195,-0.24757917562183993,524.5334652297354,5.0,837.2121612912482,3.858493254222763,5.0,Medium,wind_gust,0
45,18.8252122023836,-31.58258284674489,685.3132207087557,-10.037575039425626,0.07108842471361282,-0.13644609476653594,-4.0124636660582365,6.49405662423526,0.021785132424296742,0.04857492975722795,0.11392704457285249,-0.2595272467331463,-0.2718685580133254,-0.28355790509085965,4.3375461989475985,0.16460736616284086,0.0008740686944885292,0.9966527241348635,8.972672276329579,1.2142622015672369,524.5334652297354,5.0,796.0504124649771,3.858493254222763,5.0,Medium,mass_loss,-4
45,18.544096225227804,-32.502347579164855,685.7168695649281,-9.924976979858673,-0.0925648805021362,0.2060839477941666,-0.36534484203536366,-5.33508293208938,0.06899218928753922,0.06421016318433087,0.08196311509687557,-0.2628106558610717,-0.27809075149734014,-0.2755546361563165,4.380683661519509,0.21008502799582737,0.0010297535811208838,0.9966527241348635,2.954460952136764,-2.228951653742691,524.5334652297354,5.0,783.524642681976,3.858493254222763,5.0,Medium,thrust_var,0
45,18.53480243053659,-32.582053799531835,686.3859998273543,-9.84093192048534,0.2581420465079236,-0.17492323157068154,-0.8356085689320575,1.4128997524414983,0.058396448263134275,0.19533811214259125,0.10446252318999104,-0.2637566172928882,-0.26072564875064486,-0.2674626316395076,4.611488401948134,0.13515840260220768,0.000986087892290377,0.9966527241348635,5.910773312773189,-1.0572333634995137,524.5334652297354,5.0,821.6548633737851,3.858493254222763,5.0,Medium,drag_change,0
45,17.829633110091848,-33.32995221374529,687.3780780564673,-9.869405310376003,-0.25765163188592827,0.07318929638377328,5.009761338958834,1.0251334353093946,0.011173272267374953,0.10332616267973668,0.146254246610178,-0.26863512871733525,-0.26196314040549096,-0.2757810780206697,4.374634211509255,0.16895773903586786,0.000980320736419156,0.9966527241348635,8.847230660397663,2.1998099018357653,524.5334652297354,5.0,764.0023589886961,3.858493254222763,5.0,Medium,wind_gust,0
45,18.259866540586273,-32.99875884284218,686.3271525612216,-9.748876539028021,-0.4349569696442718,-0.33189245436850257,-2.2709477915575786,-4.101719122653479,0.02997173124186186,0.01026480195840275,0.10936662297837185,-0.26771819012469006,-0.28434295343535543,-0.2646254126147984,4.954263859291518,0.1624547225109943,0.0010588008424213247,0.9966527241348635,6.067491490374955,0.3622330204221216,524.5334652297354,5.0,764.8941420770784,3.858493254222763,5.0,Medium,thrust_var,0
45,18.238267958687967,-32.291924774125356,687.2397082660896,-10.239908470856058,-0.005992628615970923,-0.1999561443820545,8.03059745915647,7.812297534310572,0.021213862578569095,0.1342650524958079,0.133293740648703,-0.26262210014962306,-0.26653883108747534,-0.2661317955967174,4.363436646908397,0.1848453527802654,0.0008649727184845425,0.9966527241348635,8.77847408975809,-1.165273748598903,524.5334652297354,5.0,791.4165675291654,3.858493254222763,5.0,Medium,drag_change,0
45,17.782368077141744,-31.516600866420283,688.2132538227869,-9.955917825100455,-0.06794522965494958,-0.28783177101704394,-1.861033880355265,5.44374309852093,0.16506031986904207,0.19213300975520106,0.055471304518764766,-0.2823015694862765,-0.26594559896820696,-0.2968817638699894,4.643969678749495,0.19261987068506659,0.0009040007752791993,0.9966527241348635,4.024080965823256,1.027200213139433,524.5334652297354,5.0,776.9900997219165,3.858493254222763,5.0,Medium,drag_change,-2
45,19.594173626935937,-31.729631406969983,685.970997519541,-10.010646346083739,-0.13929610334923992,-0.10382532515172242,3.64234956236467,-0.8718751518265524,0.05488062123467044,0.11405499036944905,0.12423028541115795,-0.27803201073168743,-0.26801974661283934,-0.27674459183657657,4.835241744685004,0.18803516116002908,0.0008801265976036079,0.9966527241348635,6.244765211812136,2.1061148660307585,524.5334652297354,5.0,879.4060203299418,3.858493254222763,5.0,Medium,thrust_var,0
14,7.944570590873528,-71.23955725446133,683.0504501949622,-10.55528251034794,0.30362035941115745,-0.685244357244702,1.1965423341017285,7.146621313564273,-0.212975637093963,0.31635621780896916,0.08067265160789241,-0.2903994619310983,0.06937282652174442,-0.04490766785725586,52.43678163480585,0.19291521619761887,0.009402758276221002,1.192998270530806,14.645253228024206,-1.6852398427804602,3020.3048861202687,5.0,4295.235203862577,9.646527803229123,45.06971300855344,Heavy,mass_loss,0
14,8.209800666967086,-70.47002933907699,680.8185253151868,-10.912523022805814,-0.14482305665460973,-0.28599858247761367,0.6133515799739776,8.123392292347804,-0.1299279988776499,0.2761605791920336,0.07791419743866751,-0.31753427532722645,0.0741613523430815,-0.03684588528179182,62.82202552483068,0.35965537839224304,0.009804437728044742,1.192998270530806,10.903145238283312,-0.8527151924110866,3020.3048861202687,5.0,5176.214887464882,9.646527803229123,45.06971300855345,Heavy,wind_gust,-4
14,8.067127487501956,-71.41363238586223,681.5953732333123,-10.898575560697711,-0.24336396415666442,0.2802929237763694,5.248270889301726,-6.902716726237047,-0.28406183249709555,0.34194699677689455,0.03106473995683784,-0.2997749188556625,0.04967353584132773,-0.02308996345906708,71.45676957703333,0.20914034546026683,0.009430438285852058,1.192998270530806,11.762448188093552,1.5635986226258234,3020.3048861202687,5.0,5034.070485596239,9.646527803229123,45.06971300855345,Heavy,wind_gust,-4
14,7.980742967651099,-71.05563150620453,682.4934956011678,-10.808447158914069,0.1563885871787269,0.0017431675627350045,1.3252802242015596,-0.22513411414433346,-0.08864528838697941,0.36039535585922305,0.03305419676544299,-0.3044548866612824,0.06565749948701698,-0.03873666043180701,62.212927532719306,0.21119776390448675,0.008753308304055268,1.192998270530806,13.599612017595021,0.5419490776923854,3020.3048861202687,5.0,4475.751184817908,9.646527803229123,45.06971300855344,Heavy,mass_loss,-2
14,8.400205354824799,-70.79139726690853,679.8911626643943,-10.920649670966197,0.04025555225331584,0.03383635878872799,-8.119786043805206,0.8078150671999451,-0.17600035304496228,0.3708305857847959,0.10496468802122752,-0.29768763274150084,0.06980384759351602,-0.048206787118189445,69.5556092318257,0.11885443762744134,0.010277535554549858,1.192998270530806,13.644055213434978,-0.9540047598259199,3020.3048861202687,5.0,5058.243488499287,9.646527803229123,45.06971300855345,Heavy,thrust_var,0
14,7.79711985741431,-70.5636278544203,681.181219078839,-10.771592109400745,0.08498636146384264,-0.07767149211122319,2.933469007376374,-2.3745182831126224,-0.10251709766058914,0.22147927028601055,0.0988237398617653,-0.282513077249677,0.05532694132555416,-0.04284496301691232,61.184606902365005,0.2089790890969799,0.009853824939514684,1.192998270530806,13.385101598769007,1.2694429371235398,3020.3048861202687,5.0,4861.730422603967,9.646527803229123,45.06971300855345,Heavy,mass_loss,-4
14,8.12842249280919,-71.72680151788654,679.4831230554912,-10.868535668044332,-0.2855551424023872,-0.09108501159232746,6.5378940537999135,-1.8863910294184447,-0.1649645056001792,0.28795831548555856,0.0722235113238414,-0.3025762795974418,0.07073894679642337,-0.027220002764030662,66.57398312294391,0.302842611036551,0.01006205580785836,1.192998270530806,16.875685141172298,-1.5529636161192861,3020.3048861202687,5.0,5406.980700498082,9.646527803229123,45.06971300855345,Heavy,thrust_var,0
14,7.908285689660735,-71.11153517582683,678.3400535693936,-10.92714509331507,-0.4819131016827541,0.23377021029408238,5.250552980544572,-4.31975610710403,-0.12466631440977653,0.3337350399827226,0.1376282220095339,-0.29975785890054346,0.07267330132722487,-0.04256082643086774,63.65756721934607,0.17664482966046122,0.008821456305848754,1.192998270530806,12.478854121412935,0.6950607523161489,3020.3048861202687,5.0,5179.90166568335,9.646527803229123,45.06971300855345,Heavy,drag_change,-2
14,8.072916912364873,-71.1436067044128,681.0746283733282,-10.85481948168839,-0.022747086455478918,0.26265239415345254,-1.9428705161956326,-4.424081833448234,-0.16353119736463062,0.2710240593871457,0.08862807012474505,-0.29555696435968765,0.07112934424632911,-0.024070926553078117,52.45594653591197,0.21943600615255546,0.01021243449228683,1.192998270530806,11.058286525849951,-0.415262105964758,3020.3048861202687,5.0,3852.404711280817,9.646527803229123,45.06971300855345,Heavy,mass_loss,0
14,8.027620470433511,-71.06016382103246,680.6255125020397,-11.13063619079946,-0.18353072727158562,-0.011111039114523606,-2.1465111225862996,-3.46210489936928,-0.21639783571704305,0.28462297566691325,0.017268742182894606,-0.29430180760336383,0.06615465210095493,-0.050643028306313106,55.68327275106201,0.16239217972047085,0.009823879142691921,1.192998270530806,15.087628230519968,-3.750344939291489,3020.3048861202687,5.0,4392.3529814175545,9.646527803229123,45.06971300855345,Heavy,mass_loss,-2
30,20.3611856013354,-47.35273855631069,693.9493291872234,-12.679186392036323,0.17637892282031747,0.32567810292245153,0.9669789158087032,-4.093083398022884,-0.007399974124273026,-0.04120711147166271,0.1608443883425481,0.20507074984368984,0.102642268778434,-0.17556909926082134,0.26406930781789184,0.2663484265528338,0.00014806329850787029,1.1367214647975432,11.569052797163144,-2.2815588173717813,1288.869007545751,5.0,45.16894510281506,1.0074119387178089,7.885171609525139,Micro,mass_loss,-8
30,19.941290615945622,-47.30202712892433,692.4287698722346,-12.550725875269583,-0.5091292154958755,-0.19367082859454263,13.390549368191962,-2.4282558804533605,-0.15135686614520974,-0.010270624840247058,0.2873396019680652,0.22690588836837783,0.11261499912777155,-0.1821712669925484,0.27418269755808333,0.16272632539689424,0.00013104340542612335,1.1367214647975432,7.552690134498887,-0.5315391729879662,1288.869007545751,5.0,49.069713534605306,1.0074119387178089,7.885171609525139,Micro,mass_loss,-6
30,21.711496026747565,-48.30958996685687,691.5940227359521,-12.069795538374605,-0.08172831037328739,-0.02247325339650561,2.884190839372968,-11.958608288563967,-0.11673207841686511,-0.04469012357318474,0.22435575093525242,0.2153267570496124,0.11018174691701679,-0.21178648209192782,0.300137481869742,0.17508660584498253,0.00013217695735248826,1.1367214647975432,10.158573805523304,0.21432045556448637,1288.869007545751,5.0,54.536265250203975,1.0074119387178089,7.885171609525139,Micro,thrust_var,0
30,19.542158028076727,-47.48024471242544,690.6928608238203,-11.641047721723618,-0.14215180412127484,-0.004335681263483731,2.7314212400184976,0.032111349054689084,-0.07520664936700097,-0.05238358307299274,0.24014845357366615,0.21033253416803516,0.10531725346403273,-0.17464081043217075,0.2900821153164403,0.185225984098542,0.00015478602298380525,1.1367214647975432,9.074224234092725,2.3462492751732826,1288.869007545751,5.0,52.40837917587639,1.0074119387178089,7.885171609525139,Micro,drag_change,0
30,18.51595489305946,-47.45540531502357,697.5779167375233,-12.596420808298369,-0.15487262610274807,-0.20295153643474076,-2.166299417437718,5.0996228979848715,-0.02624602687472132,-0.004464767746380015,0.24609137677161283,0.20081165126740785,0.09675836047810395,-0.18316468506255199,0.2706062259341362,0.2630103703039419,0.00014894455414520986,1.1367214647975432,7.375833226940495,-1.04380362836631,1288.869007545751,5.0,50.31270525665996,1.0074119387178089,7.885171609525139,Micro,mass_loss,0
30,19.85355086378863,-47.17059280626112,696.2334504079857,-12.312441301427242,-0.13437434390609537,-0.38274962597098144,-0.15072134760425565,-2.8385289210934275,-0.12961341917163127,-0.034856843012227766,0.25786091643689957,0.2317238114694893,0.10428758340233561,-0.18782606824752343,0.23061213441822961,0.2436584715346733,0.00014289778931171303,1.1367214647975432,7.39667999589926,-0.02694364333031592,1288.869007545751,5.0,44.352300540839074,1.0074119387178089,7.885171609525139,Micro,mass_loss,-6
30,19.486198085528176,-48.58256937235967,697.6590898044566,-11.913689293519743,0.6247046232286754,-0.3471959960953453,-1.1091339062814596,3.372006207471596,-0.026567786226449588,-0.03155620750872361,0.1345860656089052,0.1969082498912133,0.12308041518134247,-0.17367398680852103,0.2806637460313345,0.26952137372031915,0.00012989481124872396,1.1367214647975432,8.153011106667384,-2.204560643726299,1288.869007545751,5.0,49.270609087207895,1.0074119387178089,7.885171609525139,Micro,drag_change,0
30,20.20972651568985,-47.52295719447586,692.2746503507718,-12.445278104046261,0.33723381599580404,0.28425793863685733,-3.8643883391180456,2.0352614356226755,-0.10197019156773685,-0.11588400111614772,0.21323074030443467,0.22265657919068402,0.11743646454446462,-0.185496427936245,0.26366207022426086,0.22580891435574793,0.00013541871733933414,1.1367214647975432,10.605708302952626,1.6008190504553645,1288.869007545751,5.0,48.15018123511648,1.0074119387178089,7.885171609525142,Micro,mass_loss,-8
30,19.90962371041073,-47.28480678549534,691.8669841918348,-12.718551181801997,-0.28794839907409436,0.2925153285910405,2.351611552641449,-9.27918885475162,0.0014503164993244916,0.04711866444343155,0.20877075899600628,0.21739424492961684,0.10317063315438016,-0.18434421288250624,0.2657178826628369,0.19642771714506096,0.00015890073723152877,1.1367214647975432,12.213286692202423,0.8529916378393774,1288.869007545751,5.0,50.58502054119397,1.0074119387178089,7.885171609525139,Micro,drag_change,-6
30,19.416415232582917,-47.2699571492688,691.7552855220416,-11.989548977777607,-0.46223791272926007,-0.03975500386256894,0.394480482992543,0.11569361549083934,-0.13603328973261675,0.013252539444839027,0.20183295428536208,0.2173830157194811,0.10798485691717706,-0.18059018689911113,0.3130304415364661,0.1354817757728582,0.00013531117140094982,1.1367214647975432,10.120048201282849,-2.2107066351055833,1288.869007545751,5.0,53.46979077704249,1.0074119387178089,7.885171609525139,Micro,wind_gust,0
10,15.651471020309414,-39.44185842664242,1003.888853923875,-10.534238466014337,-0.40376127704196446,-0.24577735791644933,-2.381104367723295,4.371945903563637,-0.2252229820784497,-0.04885252197142142,-0.14403138705508234,0.2816429194327389,0.21894336734997272,0.09245354544660973,12.562831198441318,0.1708620671194209,0.0025612670813473506,0.9605540886052686,5.789266912155136,2.84549627219988,730.8120984868353,5.0,1817.249477911764,7.583958453511675,7.008176990038108,Large,mass_loss,0
10,15.444787494490413,-39.1883093761144,1004.0452128301997,-10.607883886179424,0.11467648174347565,-0.241193122092221,11.205672845103653,-2.0514071798549853,-0.359611762422176,-0.06004060087125537,-0.1902279591544211,0.29413382299197477,0.21791998121796086,0.08514741114153668,12.833159297345112,0.2163709885825494,0.0026541164105820495,0.9605540886052686,8.735068705308645,-1.6623397716093296,730.8120984868353,5.0,1953.0695166137189,7.583958453511675,7.0081769900381055,Large,thrust_var,0
10,14.826160991377241,-38.82573061279546,1007.1469695647793,-10.121382203250604,-0.22260184069729202,-0.1253890511515934,6.372959376467574,4.050311520263456,-0.18459225174512303,-0.12696724471778206,-0.10917629746728003,0.27540256188388484,0.21696164863210277,0.09200353420001699,12.447720082027631,0.12937321182894984,0.0027966801597211232,0.9605540886052686,6.295862048635693,-3.0506381804669114,730.8120984868353,5.0,1720.4507757513013,7.583958453511675,7.0081769900381055,Large,thrust_var,0
10,14.385691081259399,-38.41062525978556,1004.6952872122886,-10.35311006383555,0.18510905109620884,0.11021660718918909,-0.5455425882628452,-2.4429879099633203,-0.251800773893713,0.01972657908664522,-0.22986960701993392,0.2758242039371032,0.20740723061924668,0.09484330177511134,12.027042259550807,0.13232200719328036,0.003298993862765844,0.9605540886052686,3.482274345931269,-2.4125426185656034,730.8120984868353,5.0,1707.095406561409,7.583958453511675,7.0081769900381055,Large,thrust_var,0
10,14.100080978667942,-39.74205595166319,1005.5346085844985,-10.431655308000781,0.05200249931112246,0.07318595937255007,-1.1160112731740255,7.449317193010411,-0.3183962474523717,-0.09995686877881094,-0.19173902317093333,0.2665847492051912,0.2132801748063631,0.11010046463321488,13.03319128236829,0.2115350452859342,0.002960522546795138,0.9605540886052686,4.82510242044879,-0.750392760647874,730.8120984868353,5.0,1794.8728584209875,7.583958453511675,7.0081769900381055,Large,wind_gust,2
10,14.176715100721893,-39.47799621068723,1005.247851324235,-10.366287315907659,0.33685918612014226,0.1552631327436813,-0.7570661505514189,2.0823072237807034,-0.22329882471482337,0.02871880395959079,-0.17829333798505434,0.2791858031812072,0.2195348091514021,0.09547061616932001,11.996909771200212,0.19921739691889156,0.003353265460236222,0.9605540886052686,4.970081504969112,2.0711665752459445,730.8120984868353,5.0,1752.1980986751191,7.583958453511675,7.0081769900381055,Large,thrust_var,0
10,14.63306971674173,-38.89598042609246,1006.888143586105,-10.56558898389996,0.6562949623650058,-0.5683419206510893,-2.818500875289505,-0.415168017463866,-0.24838850670618917,-0.12013913403054027,-0.16418319777589127,0.28672757782987207,0.2155183333104993,0.09680420160851985,12.74372474791069,0.11913185249457162,0.003144635595097929,0.9605540886052686,6.371934399346626,0.32548882969279186,730.8120984868353,5.0,1827.619480342188,7.583958453511675,7.0081769900381055,Large,drag_change,0
10,14.413240820949705,-38.349813900443614,1003.5318310434443,-10.250060012368133,0.31499528777141494,-0.09533418130082089,-3.6453958155134947,5.239564845652892,-0.25039661078322695,-0.13581452452479656,-0.15846045413231805,0.2871892717953147,0.2264157808778316,0.09698171296953767,12.662111050956334,0.2634839419801067,0.0038504423208173726,0.9605540886052686,6.524237164498159,0.12064382906594445,730.8120984868353,5.0,1703.173899245241,7.583958453511675,7.0081769900381055,Large,drag_change,0
10,14.703129378892202,-39.04135962609988,1009.4045304803585,-10.337853972280051,-0.10750204560636666,-0.19426254169054774,3.720959857499684,-0.906120866090515,-0.2708197004446173,0.0075331840738519715,-0.11559613493779909,0.2770124016593458,0.19637331933707766,0.10356089987430392,12.573914462668112,0.23953127995813844,0.002720038542758379,0.9605540886052686,7.843019913126363,-2.4223438585615624,730.8120984868353,5.0,1890.4860911503158,7.583958453511675,7.0081769900381055,Large,drag_change,4
10,15.397490876115079,-38.679531112044415,1006.0879299010073,-10.61482297869815,-0.10936474396050709,-0.4384668531752447,2.4589816579403982,8.510275770079629,-0.32957309286236913,-0.09661431284670041,-0.19566504895762762,0.2847500515538684,0.22383048186502807,0.09196376317235802,12.813911875392764,0.25515653530348703,0.003611633105431652,0.9605540886052686,7.1357811879299415,0.22503142317622854,730.8120984868353,5.0,1913.501942108837,7.583958453511675,7.0081769900381055,Large,thrust_var,0
90,10.127585776787399,-42.92028928535649,1088.416607046642,-9.629174784506032,-0.19494644344224618,0.04018797214969338,6.834182303027228,-4.221395092614978,0.13356810982161052,0.0867689055613334,0.09138589644917161,-0.3506061620028003,0.3699451302944938,0.029436978579946108,66.98689873483717,0.26689155104830586,0.01089656855383105,0.9714231479030698,26.669233705355346,1.7074493445145549,908.6955463183011,5.0,6199.453211183693,5.49810799621403,13.148837004917246,Heavy,drag_change,0
90,9.975816982881875,-43.02234187146637,1086.6449305559265,-10.267565318012156,-0.17925305840749248,0.42671095850955226,8.694498318987895,4.894290253908977,0.16693959663938313,0.07575754840223084,0.051268191791744466,-0.34317978414724304,0.38006706572594384,0.053110538665472995,57.15038680459701,0.1248459849120091,0.010487790302950484,0.9714231479030698,25.63525956549549,-0.7679425439047032,908.6955463183011,5.0,5334.127536287358,5.49810799621403,13.148837004917244,Heavy,mass_loss,-10
90,9.597243916014751,-43.34387538742212,1084.5292694831433,-10.172919138795406,-0.06147713753223266,-0.02036333162189302,3.209077651208455,-5.569265498005667,0.19954234627417314,0.17322747106083972,0.17449716179401614,-0.3698385984412742,0.3740540669459048,0.01944354699247281,48.64249090248403,0.20720465238037394,0.009110763659933947,0.9714231479030698,28.231082723665807,0.9722553801746315,908.6955463183011,5.0,5600.535827113156,5.49810799621403,13.148837004917244,Heavy,mass_loss,-10
90,10.60827303257565,-43.75409085634486,1085.4645643827896,-9.896243157710403,0.5457669549899163,0.011980919164407135,-1.1897177367353733,1.3451203406876666,0.17485554186250798,0.18550873779083482,0.04297082766121937,-0.35120365606156084,0.36471167024829193,0.02897360387803293,65.5855955080131,0.24049289208185134,0.008873297495889491,0.9714231479030698,29.175570398074893,2.2231573142639363,908.6955463183011,5.0,6719.756550275172,5.49810799621403,13.148837004917246,Heavy,thrust_var,10
90,9.5258947654668,-42.91234256380392,1084.2935199998935,-10.345924549121598,-0.016383802217427825,-0.07196967512404828,-1.8325052775605075,-6.400626534665948,0.157061316163549,0.15131852407962054,0.10602261237563718,-0.33892371080889416,0.368597633293857,0.026313967944830687,63.58221416027928,0.16928816907256516,0.009005255922654104,0.9714231479030698,28.05488025628657,-1.0061610782093109,908.6955463183011,5.0,5744.092266195176,5.49810799621403,13.148837004917246,Heavy,drag_change,0
90,10.783561892383466,-42.52912270314585,1084.358612245783,-10.47801672202645,-0.1240395483369828,0.07808415197486585,-4.818794631053055,-4.785754574475215,0.17986308358862618,0.1137382169057546,0.09443026189015205,-0.35598987854690134,0.3735790763749993,0.02985222129332566,58.45264167225512,0.25176246673618763,0.007737592940937084,0.9714231479030698,25.772359099739493,-2.993058510180158,908.6955463183011,5.0,5153.311943073363,5.49810799621403,13.148837004917244,Heavy,mass_loss,-10
90,10.59224812587814,-42.57097291322115,1088.8216451747492,-10.062320873205973,0.08570694008015972,-0.3200163326478647,-0.5831496620019723,-3.615438648179312,0.14262074700491262,0.2097040032939006,0.09852148757957221,-0.35716392097706173,0.3896284180639701,0.0486473074983832,67.61683605470324,0.09969348984488027,0.011338739536059864,0.9714231479030698,26.51435133593654,1.5559095455855105,908.6955463183011,5.0,6900.227027929862,5.49810799621403,13.148837004917246,Heavy,thrust_var,10
90,10.1032205998273,-43.114975593429676,1088.4067837336106,-10.015227285027011,-0.25936971818349047,0.5086165375355889,0.21889881356944552,-1.2792056845154587,0.14631777968169132,0.034993072583120496,0.08730193692876562,-0.34343007262684405,0.37202925024180483,0.04329907750848429,61.59133061770382,0.19295360428611902,0.009789922585580991,0.9714231479030698,28.010702574251155,-3.2109301794380927,908.6955463183011,5.0,5992.563470005694,5.49810799621403,13.148837004917246,Heavy,wind_gust,0
90,10.347699586563515,-44.015579987152805,1087.5171566747858,-9.997712272395109,0.17614130526385424,-0.33854208892426396,-4.865576801106601,-9.387214426180545,0.18569018317012262,0.04869339207555867,0.0068528674764644915,-0.33565503400690017,0.38356487916168547,0.03576283608769943,56.69218290915265,0.0796327896508029,0.010359489156308783,0.9714231479030698,26.245917891146945,0.6605817262662815,908.6955463183011,5.0,4756.41776954683,5.49810799621403,13.148837004917246,Heavy,mass_loss,-5
90,9.823193505511219,-43.234403400368514,1086.4448075229834,-10.202034820521735,0.3218934143298035,0.7091617483858083,-3.9299301631749115,-6.9052230157688745,0.1778646192913757,0.15224895974058433,0.08124709342733429,-0.3338723185666903,0.36249702551982455,0.04602373896632481,62.42345580227471,0.28596889531036485,0.011380345852096553,0.9714231479030698,26.098067644557617,-1.0991142718171603,908.6955463183011,5.0,6390.391206956884,5.49810799621403,13.148837004917246,Heavy,wind_gust,0
80,13.3912563723707,-28.390180229669543,1147.018020811056,-10.330019527589338,-0.6434408107650713,0.1598499902390401,5.244849712955851,-2.334015593462646,0.13850989682961967,0.0601313942298946,0.208241873612124,0.23314291328650638,0.22764191288149102,0.32657847206088547,4.98829212207357,0.09298670606110104,0.0008801701286230522,1.113862547937178,1.2701873749294434,0.8353473969675731,431.3991658118229,5.0,648.791927717,2.0849338232080035,5.0,Medium,wind_gust,-10
80,12.435041338868086,-28.35923239449025,1142.1755484846133,-10.229829280047216,-0.23010525807060006,0.4433045633813034,-13.805309830779947,-2.08351300117167,0.20289175304341356,0.03039116609462128,0.3386056911888147,0.24838715431968386,0.22430833044921758,0.3081030218777369,4.0964947541808785,0.11086476282759883,0.0010821422316833783,1.113862547937178,1.938904158755622,0.6270759345670307,431.3991658118229,5.0,541.3959944373686,2.0849338232080035,5.0,Medium,mass_loss,-10
80,15.812919505836172,-27.61516324575832,1144.0635742965046,-10.111023211327913,0.3064149886288195,0.6265328318609775,-7.929916561189792,-9.399621925695225,0.2654616882030973,0.029335341799711805,0.22210414791825167,0.2521229303949423,0.19420807125423736,0.326521845261734,4.813752839402093,0.2462135069768915,0.0009197581702707902,1.113862547937178,1.4128975780478485,-1.8508492521191746,431.3991658118229,5.0,630.3799735863092,2.0849338232080035,5.0,Medium,wind_gust,-10
80,14.109030975289564,-27.632740432563434,1147.4023321830803,-10.104572430840975,0.32774956142560585,0.21478572530517032,5.138472967507393,1.6011359274967305,0.12658493534565146,0.09532393625905174,0.2523909728336987,0.25041730981940213,0.22691936223262882,0.3300623073579386,4.444625008725128,0.25366889611582494,0.0010005213831931232,1.113862547937178,4.492457939152425,-0.5338071083225303,431.3991658118229,5.0,567.9617683539155,2.0849338232080035,5.0,Medium,mass_loss,-10
80,13.933403080552287,-27.11656534015873,1147.4862650251368,-10.038817057029313,-0.027037422297303375,0.3070156744882203,-0.9229233162265775,-3.4909776654580456,0.15812831978846487,0.056889440122300725,0.29032702979196684,0.2472193192672091,0.22248094163885443,0.3208906654598076,4.690194364673569,0.16683478391127415,0.000993362195691909,1.113862547937178,3.93387978249438,-2.15574362275438,431.3991658118229,5.0,600.998025719845,2.0849338232080035,5.0,Medium,drag_change,-7
80,15.191996104432958,-27.426071528883714,1143.9132175062364,-10.27750001013734,-0.039137960711809514,-0.11859164323192391,-0.9159695911096266,3.255807303261566,0.18770022437837602,0.02513609445407433,0.3378285177868397,0.23288772399198718,0.22160493698589512,0.32069756471628985,5.07604277903404,0.08953241970883281,0.0008018894821850838,1.113862547937178,1.850795847937232,2.252593118648294,431.3991658118229,5.0,646.4969347571654,2.0849338232080035,5.0,Medium,thrust_var,0
80,15.09136510007096,-27.482691522169155,1145.9327212557562,-10.093967003973573,0.08897266354222853,0.1389554385802754,0.9864613281560322,1.5565433672144244,0.25691129816332725,0.0634317905429109,0.27505056407532125,0.2561897453413928,0.21024030960913073,0.3304673606952305,5.164577623630015,0.18909770523038133,0.0009367756512467007,1.113862547937178,-0.06265452194499099,-2.1792660746847767,431.3991658118229,5.0,598.008975140538,2.0849338232080035,5.0,Medium,wind_gust,-7
80,14.383179168268093,-27.503841202001958,1147.5773710416584,-9.676253575999068,-0.31208751846828314,0.07212746305163574,-9.091202169985738,-10.368730935932685,0.167829877891909,0.03702361137840445,0.3470521733739482,0.2709745568638226,0.23376415535106093,0.3337597476397427,4.774003433106486,0.12343859684083114,0.0010085865123863652,1.113862547937178,3.822276757757582,1.796563712056081,431.3991658118229,5.0,582.3992440040689,2.0849338232080035,5.0,Medium,wind_gust,-7
80,14.838338278656224,-27.56305394462579,1148.244066265706,-9.846159116578116,-0.2848272980177292,0.4304204938993032,-2.300381270667493,-0.33193808794985963,0.15528156351696024,0.03443173897503208,0.23861692235519888,0.24744579677609166,0.20821211047294608,0.3381347422807781,4.894958346743273,0.18538701190491153,0.0009755148619165445,1.113862547937178,2.5307797478765237,-1.4145867612719236,431.3991658118229,5.0,626.3335915624336,2.0849338232080035,5.0,Medium,wind_gust,-10
80,14.526653431026832,-27.310717086564654,1146.7924633209684,-10.073033843965137,-0.5274579021827915,0.19153528054936944,0.8609204612007864,-0.3395736878126657,0.1623725591617909,0.008010654863977108,0.25370697793717417,0.24149630114808493,0.22296143745164781,0.33132968138509195,4.553647560904178,0.17996322154063046,0.0010025901244116351,1.113862547937178,1.2511498699947001,-0.2563709391715343,431.3991658118229,5.0,642.9636022320008,2.0849338232080035,5.0,Medium,drag_change,-10
14,12.688916749903896,-57.11489136123479,738.2949087010144,-10.895131141663976,0.053333676878964266,0.0162230459540914,0.47578261341232114,-3.7427306731036896,0.33489301120337744,-0.14305686350243493,0.22187032638898846,0.14561730653658767,0.30534485840286785,0.20975703126093828,62.83710557846703,0.19665587307714313,0.01098723590138081,1.143726351826104,-1.6464001156261867,-3.9864376468212295,1853.9061292109436,5.0,6173.410576358965,9.951779000230495,18.858042140231746,Heavy,mass_loss,-4
14,11.52628349082824,-55.40644915281554,737.1273291592267,-11.146405834393072,-0.4964184829229992,0.16163944763077864,0.7555521864240372,3.8263821918238,0.21042538414410833,-0.11737317748903667,0.24829897464728065,0.14801887771380867,0.313729772364284,0.21771282812501902,69.22112688443808,0.23995894099527,0.011267849904228954,1.143726351826104,-1.527197305757475,-0.3329382564704578,1853.9061292109436,5.0,7772.734440932251,9.951779000230495,18.858042140231746,Heavy,drag_change,-2
14,11.754784157361264,-57.255685497106455,741.0663345743673,-10.65293566483747,0.17465011334401742,0.04714870496064538,-2.2207767881638576,1.6468657279176337,0.25637257969451954,-0.2698067382186452,0.3705120292263838,0.13945080300382623,0.30116573594078017,0.22166373578999293,62.53776252645036,0.21285653262093107,0.009514808210291336,1.143726351826104,-1.4476744000431427,-1.3569708100501587,1853.9061292109436,5.0,6578.645272970873,9.951779000230495,18.858042140231746,Heavy,mass_loss,-2
14,11.965089083194478,-57.05817135845404,739.2101662741229,-10.473116794303266,0.26235512223975677,-0.1949295680544801,-6.016004276945722,-5.210222061215514,0.2730185196395837,-0.19061452674890872,0.2501709414108885,0.1365477630649484,0.2998528514027315,0.21691442748483974,70.11681957442306,0.17212884734458395,0.010358334470528655,1.143726351826104,-2.698378118354662,-0.06287834074955284,1853.9061292109436,5.0,7364.979808147466,9.951779000230495,18.858042140231746,Heavy,drag_change,-2
14,11.472371929522806,-56.75526287520468,742.3577266738546,-10.83109874689164,-0.3239517461365557,-0.3378275726481649,-0.8036872065593192,5.1792365243380925,0.295340873206999,-0.16355686186278687,0.23885366061207117,0.15934010603721283,0.29295747396581984,0.2100551964409837,70.23558867042983,0.0980284250840034,0.010992517840667742,1.143726351826104,-2.9231286334436026,0.03309879781822668,1853.9061292109436,5.0,7555.866354608743,9.951779000230495,18.858042140231746,Heavy,wind_gust,-4
14,10.105480134753044,-57.67188436735375,738.4847972675582,-10.757365307857762,-0.08193670572207357,0.31632949649197806,-2.630811767737446,-9.821462611178065,0.2728006077694258,-0.155771210780769,0.30176826218782704,0.136957852214881,0.3009020976594357,0.24194690366434077,55.22540890995139,0.23303616972318747,0.008539194528646127,1.143726351826104,0.8826021484792836,-1.7846507803768934,1853.9061292109436,5.0,6781.601801910452,9.951779000230495,18.858042140231746,Heavy,mass_loss,-2
14,12.261294796366949,-57.04729788344002,734.1859304437144,-10.858795689780525,0.06403590578394314,0.24861283056597516,7.804748995495338,10.175163506829554,0.35969203285547924,-0.20112297712329297,0.2734305402448744,0.15689808441788416,0.3096102042759514,0.23138362087761363,76.53221835052763,0.31335900975491116,0.012418695025655655,1.143726351826104,0.21082379722575406,2.6986501258916884,1853.9061292109436,5.0,8330.18203228497,9.951779000230495,18.858042140231746,Heavy,thrust_var,0
14,11.734119070829827,-56.70822928374291,735.1596406366391,-11.062502706763441,-0.009317679861270585,-0.27290502509455006,-4.68253187394798,-3.3388977823444312,0.3119883021156487,-0.182384911778402,0.17675918305451277,0.12830192818109667,0.2983454078989016,0.21967702714423554,51.61669145390755,0.1750134911924185,0.010235972786127024,1.143726351826104,1.9316940557568554,-0.7700436234257273,1853.9061292109436,5.0,6888.322556067093,9.951779000230495,18.858042140231746,Heavy,mass_loss,-4
14,12.199980692847063,-57.141161221226085,740.7363446829787,-11.193543015474603,0.46030906003230615,-0.05329101161561204,1.5255336662036456,-4.548005380966444,0.33352797885529106,-0.1957055414999997,0.3211321842360163,0.15708286439722122,0.29793773854158795,0.20386487007456008,63.165964560174956,0.1903850482985459,0.011047499727476772,1.143726351826104,0.1259475486334436,-2.507400259796441,1853.9061292109436,5.0,6780.634805680146,9.951779000230495,18.858042140231746,Heavy,mass_loss,-2
14,12.317302412041203,-57.160543972628524,740.8418610144241,-11.03157516553247,0.22285784387316945,0.03416082009290513,-3.1999590838872454,-0.8311074235507531,0.3740714127509388,-0.16612623561404408,0.2535343439251294,0.13746199687916622,0.30946810241178335,0.21705861375380686,70.4572447722682,0.1268887630155079,0.009537984570282744,1.143726351826104,1.4487768978437585,0.6626832935586812,1853.9061292109436,5.0,7896.379872616943,9.951779000230495,18.858042140231746,Heavy,wind_gust,-4
90,11.460332361317402,-26.8031257348521,1094.8443697407986,-10.576375053687523,-0.05606884744859545,-0.489141973114542,6.02997258273408,3.887036763822556,0.04793528845490157,0.37106795538144005,0.24346162033901453,0.45647005406513314,-0.03786437014647939,-0.3038744782668404,1.7332605608131821,0.1446853243794183,0.00035712931794974745,0.9306244898483846,20.562053267660843,-1.0579554161280305,320.1232528501801,5.0,163.27405431427783,1.5203289645465783,5.0,Small,wind_gust,-10
90,11.042943263431495,-26.023855437727924,1092.6135628017348,-10.016303746191083,0.09582037007867421,0.038795279445037974,2.07532547467992,-3.2202300785639566,0.08220330949707332,0.3861260914932564,0.21077363913732666,0.42684044212643507,-0.046755455708839384,-0.3040744352001796,1.5197376234780997,0.21098921617122307,0.0004434219601882343,0.9306244898483846,17.680984941233042,1.628338966664704,320.1232528501801,5.0,140.67375225371075,1.5203289645465783,5.0,Small,mass_loss,-20
90,10.697879876607379,-26.277839140481834,1094.9717709932236,-10.11403604409372,0.1270025845825726,0.6242297712117567,-8.721653596391288,2.9112223878188037,0.021303008312057004,0.31755042179020376,0.2693717113572418,0.4375358232355059,-0.045891281279002244,-0.30452526423000353,1.5154377632041494,0.18830424846777735,0.0003340905602061354,0.9306244898483846,23.08561893530086,-3.7310902021562447,320.1232528501801,5.0,181.24655448355077,1.5203289645465783,5.0,Small,thrust_var,3
90,11.002208631778897,-26.019221040818277,1094.8353640943042,-10.131420050724378,0.08483660894510298,-0.08721322300596583,3.485326370071935,-1.1958319003451887,-0.039886539731655485,0.30836699329985356,0.3023776087718281,0.42818505095800097,-0.03968092463473018,-0.29452671703329614,1.3514987349272105,0.16701868494700445,0.00038369391653910796,0.9306244898483846,20.261528452064965,1.2807943698233553,320.1232528501801,5.0,149.61065777419205,1.5203289645465783,5.0,Small,mass_loss,-20
90,11.533327596723769,-26.720427057071603,1094.79191928471,-9.888773359346837,-0.10276476025732949,0.05113913129897127,-4.813662826423061,-1.0330563984802332,0.05511254783605864,0.30286629207189275,0.2615808829020596,0.4412385861288855,-0.04004018788271706,-0.3220083381804257,1.7351839371035074,0.1831872630659464,0.0004057821214805497,0.9306244898483846,24.173726561430698,-2.743347394460932,320.1232528501801,5.0,166.26586225067499,1.5203289645465783,5.0,Small,thrust_var,3
90,11.394868076217913,-25.408142011174046,1091.1512172865841,-9.936817018802804,-0.2116817341416507,-0.2826259604264788,-2.2853210302217386,0.2733970424088076,0.029555193152768,0.21915233323954636,0.2638532548963654,0.4418086376007421,-0.05595559029691978,-0.31265676444181606,1.3098304851874625,0.16684032758123207,0.00034447515296991637,0.9306244898483846,19.811366947920128,-0.5436406065593065,320.1232528501801,5.0,150.51569232871083,1.5203289645465783,5.0,Small,mass_loss,-10
90,12.194686665024198,-26.480589846860145,1094.0767573663115,-9.92334238897296,0.045563282884181926,0.3764435830407509,-1.1606465927422718,5.823074951551782,0.061213464713230185,0.28434803309311363,0.3236412772543721,0.43426377161764707,-0.02368422778902602,-0.3281522486053954,1.695317993167943,0.11177020453614765,0.0003804381170041239,0.9306244898483846,21.608016535197752,3.015267117827368,320.1232528501801,5.0,166.41487481351905,1.5203289645465783,5.0,Small,thrust_var,0
90,11.143057413809471,-25.58599762885896,1094.0532180851467,-10.20228244851092,-0.25014000049067836,0.6547069503578103,-0.891097401926185,-6.821238776089552,-0.06387119040923221,0.26378581188976535,0.2810813404088872,0.4484881591502543,-0.03866283412446557,-0.30157238960537924,1.357817262406076,0.2169800926710845,0.00032115625678413244,0.9306244898483846,25.741394501998677,1.3082111917132222,320.1232528501801,5.0,152.35489279058947,1.5203289645465783,5.0,Small,mass_loss,-20
90,11.868948168655685,-25.401576483400117,1093.7068278738377,-10.100581242938341,0.14736229962359887,-0.10740881392409586,-0.6969860033161708,3.698265758623357,-0.07086606501876713,0.3609327602661045,0.2945414725967235,0.43488149064035575,-0.048078627331297724,-0.3018846318444457,1.4981622518606148,0.27474691137266183,0.0003908296342552235,0.9306244898483846,22.665236975034993,1.9030995411480855,320.1232528501801,5.0,163.57912639578325,1.5203289645465783,5.0,Small,thrust_var,3
90,11.299927349006273,-26.781908250519546,1092.3500858582183,-10.039929365828531,-0.20999753807154897,-0.3202333036639656,-1.8547900978577765,-1.082140141379446,0.03169101037961101,0.26982167045475786,0.24052741164725483,0.4292672132260651,-0.03505655849682136,-0.31402650225826834,1.6699155513060087,0.2259773164887198,0.00038450085517385997,0.9306244898483846,25.3148908309506,1.0034379860553984,320.1232528501801,5.0,188.2645863109146,1.5203289645465783,5.0,Small,wind_gust,-7
10,9.246367584789034,-68.63120440328763,773.460222639367,-10.570367336324697,-0.2862117406633074,0.033077735246672776,0.6427696169503267,-1.8689080259551438,0.043138403474213084,-0.18042636531537082,-0.1468521744008652,0.38142788802432026,0.385351799564809,-0.20258802522531882,67.90372481732034,0.14826711897815334,0.01037993449346883,1.1331443782686579,9.554834200450077,-0.7336553318141557,2681.949165362519,5.0,6172.558735220836,6.877220574214393,39.01391180377879,Heavy,wind_gust,0
10,9.180010084970004,-69.74303355368794,773.5927559548604,-10.553911018551071,0.05555266104897422,0.12763345925525169,1.1114492790042703,6.394329066566966,0.03728686971681116,-0.21778855114903709,-0.1827360894993615,0.3943880269321425,0.40469393015056715,-0.19820054252548844,73.6275712527982,0.14109795663118097,0.012058013893561547,1.1331443782686579,9.38470049976382,1.4712439944914935,2681.949165362519,5.0,6254.1087849353335,6.877220574214393,39.01391180377879,Heavy,thrust_var,0
10,9.16713954011659,-68.82918213071554,776.6583811355243,-10.895134837473968,-0.37565233423930194,0.2297428473978652,-5.824054696693017,3.0454930322135714,0.10340283106426928,-0.21866320852749366,-0.1257446092241486,0.37374018435567397,0.3856909450039795,-0.20508467310279416,69.78842640056261,0.1848180731506071,0.010782569704902626,1.1331443782686579,7.115156086435887,3.058733616696289,2681.949165362519,5.0,5715.150125728301,6.877220574214393,39.01391180377879,Heavy,thrust_var,0
10,8.62221040907299,-69.23658656141725,774.7756152608051,-10.625944698782238,0.48665793046482864,0.5853426144893383,-3.865417277852406,0.002500325168147664,0.09471790959996879,-0.2238294816429773,-0.11268401543393913,0.3836910351258669,0.38501359576060673,-0.20550847876133893,66.04647426742457,0.2518323414709628,0.012300198014635323,1.1331443782686579,6.8278620041283835,0.22255353610655124,2681.949165362519,5.0,5786.276874615361,6.877220574214393,39.01391180377879,Heavy,wind_gust,0
10,9.442112005507177,-67.88207423777546,776.0214708553857,-10.941556363959352,-0.24066068527086035,-0.11261308667792634,-2.8218860700926047,-0.35546312843632333,0.1165248120721434,-0.1694411721886181,-0.13398866441650584,0.3836740813155149,0.394951484994971,-0.1947470406433835,53.60264522252431,0.19943047957606344,0.010632580309621732,1.1331443782686579,7.90538939343389,-2.0200918785676487,2681.949165362519,5.0,4661.700626690349,6.877220574214393,39.01391180377879,Heavy,mass_loss,0
10,8.458032727511403,-68.1237370491059,776.6777914791295,-10.614514356509305,0.023879358712810914,0.16621733133477215,-4.308515351281291,0.15015739582041085,-0.022716488476708013,-0.14011601195096374,-0.22217777835791325,0.40112030709780633,0.392388743326952,-0.20482946553798528,67.3322788293088,0.1855980563038962,0.011800991245856688,1.1331443782686579,1.3626059432691457,2.5539307721763755,2681.949165362519,5.0,5839.56411745956,6.877220574214393,39.01391180377879,Heavy,wind_gust,0
10,8.810460582068924,-69.80484779354188,774.8801760227317,-10.42993505616188,-0.2958673458847558,0.4255670059175552,4.2141562236421555,6.032400777075273,0.09438088157548256,-0.23357705301370155,-0.1050623458451134,0.37984009974583294,0.3968687893276501,-0.2044263056467097,73.42320742026855,0.23651635029616647,0.010251682343343387,1.1331443782686579,2.435008869258999,-1.2704549330584023,2681.949165362519,5.0,5944.709114625837,6.877220574214393,39.01391180377879,Heavy,thrust_var,0
10,9.996385197969609,-69.12255577592578,772.6307874470837,-10.437531985172193,0.3541472633918883,0.6835205959587684,3.2868248169478553,-6.35204371989715,0.18344590228964097,-0.18491222917996536,-0.18598858883056876,0.3752921842425228,0.4040532314599711,-0.20032450185680936,70.71347675293802,0.26432515595359657,0.009505924174080428,1.1331443782686579,9.0705325128866,-1.0383146455873804,2681.949165362519,5.0,6363.850561981778,6.877220574214393,39.01391180377879,Heavy,drag_change,6
10,8.554189004899682,-68.22022930636248,774.4311951921168,-10.621770991187269,0.09608322329132882,0.05264849038829773,3.1341682851406496,0.9324397698347524,0.02539273734897541,-0.1295709529403123,-0.1031967529234111,0.36501760489993823,0.38914794141785974,-0.19228919109374545,55.20904129472242,0.24717834409503725,0.010188993928805914,1.1331443782686579,9.018788397007286,-0.002293578150927249,2681.949165362519,5.0,4838.058497622887,6.877220574214393,39.01391180377878,Heavy,mass_loss,0
10,8.352966929949632,-69.645130623214,770.7496090650005,-10.912463156581321,-0.21270628728914712,0.5859777412579704,-2.6293983794760196,0.8887505313401567,0.10492675807906744,-0.17738553491531808,-0.14797529027211997,0.3741331711775239,0.41019921974940865,-0.18464082928229467,63.66567164831175,0.14879857045568104,0.010045764169699227,1.1331443782686579,4.409147666518922,1.0119311069117305,2681.949165362519,5.0,5533.403490897047,6.877220574214393,39.01391180377879,Heavy,wind_gust,0
81,8.605822536254397,-31.887448779328615,603.7605135839237,-10.284807377063537,0.32854812351606955,0.13005164998405272,-3.5336488175961978,4.493242293424503,0.06299024211399151,0.18658503240743687,0.21689378692540337,-0.133381215962555,0.14073538683163989,0.02898086488586734,5.248348974887128,0.22363315280383567,0.00104156339350963,1.1312602659319588,1.651956696193441,-1.1798185957315126,580.8724755435019,5.0,409.9882257640364,2.349433549020011,9.358092749297176,Medium,thrust_var,-4
81,7.997244997925794,-32.01159126437632,603.4973952262447,-10.389659122188329,0.10927506366689671,0.06793770933403402,-2.128944214573992,2.3555289993124355,-0.03368858833269714,0.21381141108159324,0.2232690733854028,-0.14580276500147626,0.1138290413229633,0.03099986752142371,5.120955877297839,0.1982942548742828,0.0009667979357577319,1.1312602659319588,1.043116767337827,-0.5955947990885778,580.8724755435019,5.0,370.2372417730606,2.349433549020011,9.358092749297176,Medium,thrust_var,6
81,7.594843674103941,-31.899664530612927,604.1432784981982,-10.241377735274739,0.042294809883618,0.4765880784130787,3.4770123727514934,-5.705042548763691,0.029435947681320976,0.18701322583312063,0.2025777039181853,-0.13258964533642206,0.10962355160528378,0.011112062334876804,5.166603881171131,0.1719696181576345,0.0006471853582673652,1.1312602659319588,5.924661034073698,2.177539308433344,580.8724755435019,5.0,385.98044176783947,2.349433549020011,9.358092749297176,Medium,wind_gust,-6
81,8.546184196335016,-30.670660756415188,602.8222195499504,-10.178292014871477,-0.7947298629801178,0.4054508710368363,4.558826614210014,-8.66691931027457,-0.06823288406387616,0.1297999857174854,0.2542211560072543,-0.1210035744839848,0.10516666798763595,0.028656016368438737,5.241099181006069,0.18163651465728908,0.001004129727975076,1.1312602659319588,-0.591154217385705,2.29507842718779,580.8724755435019,5.0,379.0525761648223,2.349433549020011,9.358092749297176,Medium,drag_change,-4
81,8.162557528836336,-31.79231180776721,602.0203866481369,-9.926079203246818,-0.4181493131438769,-0.1698385765822704,3.1037377763971197,5.200942823963761,-0.03518867578058672,0.35951338939650657,0.1770881215802529,-0.14157531345540345,0.1194271563490564,0.02018048151879618,4.562394492569744,0.229782202878486,0.0007755279515941575,1.1312602659319588,-1.5855518148790324,-1.1948467302864563,580.8724755435019,5.0,373.014801123658,2.349433549020011,9.358092749297175,Medium,mass_loss,-14
81,7.804621791645178,-31.347541481454932,602.3318746402043,-10.110851825773922,0.09183621030358799,0.23528993091678463,9.842381542132726,-2.2598449480724474,0.09194812775214849,0.32577447230745554,0.23024936778185925,-0.13395481618132854,0.09709967003697093,0.04249617372872137,5.136239782668134,0.14993207503847245,0.0007909937988245517,1.1312602659319588,-0.18771139570971052,1.8394105864543304,580.8724755435019,5.0,414.1892557090214,2.349433549020011,9.358092749297176,Medium,wind_gust,-8
81,8.725540677488757,-31.117171099914987,603.6453736540813,-10.340040084465313,0.6287530505427477,0.47833271752475903,3.3947349388111645,-4.0620117446871005,0.03255992199656633,0.21924354582350714,0.23850526496939226,-0.11394347429881227,0.12319417784269787,0.012889655284763171,5.557667590538299,0.21565660700065778,0.0009782140320712949,1.1312602659319588,4.751798703627578,-2.2231604990271023,580.8724755435019,5.0,392.67728039679855,2.349433549020011,9.358092749297176,Medium,drag_change,-6
81,8.183996761187872,-32.23069882670713,602.7415514949352,-10.375026325583601,0.2508668810464588,-0.05194593053990936,-1.5734544684919203,-0.9910694922108011,0.0010682993641794314,0.2116939785369474,0.23224419047328776,-0.13879485867069327,0.10550648750053176,0.03744625699083749,4.254129276476863,0.17242195955379952,0.0007923172197680057,1.1312602659319588,3.5200722600188508,-2.1118516270216867,580.8724755435019,5.0,327.53395527471247,2.349433549020011,9.358092749297176,Medium,mass_loss,-16
81,8.626364981790054,-31.85018696387622,606.9698322416575,-10.206302406282735,0.043303040189008164,0.24799246061696895,-2.8609703514672176,-3.9500640104053804,0.003543784054133907,0.18980076902130255,0.24809079578237975,-0.14680156897647118,0.09884030716814476,0.04229088097818338,5.011275141137746,0.21000074255858742,0.0007790198505319677,1.1312602659319588,2.0069655206489245,-1.438013335362808,580.8724755435019,5.0,362.6373784362308,2.349433549020011,9.358092749297176,Medium,thrust_var,-4
81,8.522999175274546,-32.20059917736211,601.6270794986397,-10.368946436357163,-0.2594166403557265,-0.3630212160303609,8.85694487194508,2.456014692505006,0.08823552671889659,0.25537996445658256,0.22502408016212205,-0.1277059354464693,0.11042488104222521,0.020505592290209047,4.226456954102798,0.25409130755201315,0.0007493553637546771,1.1312602659319588,-0.29850419598802613,4.024068261921221,580.8724755435019,5.0,346.3044432226654,2.349433549020011,9.358092749297176,Medium,mass_loss,-11
10,18.243946875729407,-71.02887781874365,971.1258057325065,-11.689060644222245,-0.18839477594479134,0.3153551340449719,-2.7506885573903457,2.044245094993708,-0.1140230398435054,0.11398142906761226,-0.010682751795421422,-0.18317891068846048,-0.07612835973534714,0.17025653811735164,15.483353815536715,0.2042029217918468,0.003751670318387795,1.1400271728415745,18.4804369055538,0.8734870815669642,2877.62357916789,5.0,2404.5520662668177,6.909454564984449,19.73208412626701,Large,drag_change,4
10,16.530212687203363,-70.43679892114345,974.6375690640087,-11.627938636759096,-0.31390646201111255,0.008730812497506782,4.949300702929996,-3.075938378578036,-0.1823542233258717,0.062069050895895844,0.06282595761190943,-0.18005602609997684,-0.06436479213798832,0.14095589027789965,15.201550250925902,0.16390183364374356,0.003945560537900424,1.1400271728415745,19.96866535623289,1.1067271375452454,2877.62357916789,5.0,2389.0475294313505,6.909454564984449,19.73208412626701,Large,thrust_var,0
10,17.470247475902084,-71.07278088363469,971.2056262021437,-11.725895758495797,0.32901018963249146,0.4271886815309421,7.306421387676184,-9.2195739413264,-0.1873921275563837,-0.05172518516509911,-0.0355904380955539,-0.21178525214216717,-0.06803080548691606,0.14741167220046567,14.579746062718023,0.16044259447248493,0.003752204898952533,1.1400271728415745,15.64338193191947,-2.158924229534653,2877.62357916789,5.0,2287.437494202402,6.909454564984449,19.73208412626701,Large,thrust_var,0
10,18.457494387647248,-70.32537766066133,968.3635596326957,-11.79708840517183,-0.04211251767160093,0.09228380045675892,-2.6228350688352546,6.761013394335722,-0.15470592104403966,0.04700869648732576,-0.06912191119181318,-0.20096842159514566,-0.06972337933049287,0.12389261958311555,15.656598979194738,0.192092307781384,0.00481778611192799,1.1400271728415745,22.282058575893885,-0.3628981384950335,2877.62357916789,5.0,2420.8170117119193,6.909454564984449,19.73208412626701,Large,wind_gust,4
10,15.531725307568665,-69.98420456356473,972.6789861334689,-11.699500674626242,-0.2527492474100103,0.12095736322815658,1.0116340744207064,2.710449624001867,-0.21789027778271464,0.09992494512387043,-0.02099954115716427,-0.18100260594431491,-0.08050286443788118,0.17170001570219878,15.42031604231631,0.3442116138286824,0.003939039810925986,1.1400271728415745,16.543297360924292,1.658761587178392,2877.62357916789,5.0,2543.346307984052,6.909454564984449,19.73208412626701,Large,thrust_var,0
10,17.41908743804044,-70.6814824722158,970.2640030390935,-12.054429542797784,-0.370049275183471,-0.44689122643083273,7.277904092446769,4.037309178062224,-0.18123365827898957,0.022346719817084592,-0.02602293539675469,-0.1768778923550485,-0.053489136751563526,0.13916464660538852,14.076656912522665,0.20140064576794448,0.0035606805811338018,1.1400271728415745,20.674654640321506,-0.02033144148555382,2877.62357916789,5.0,2207.3728272816174,6.909454564984449,19.73208412626701,Large,mass_loss,2
10,18.32122598226215,-71.40677950812528,969.7157457382976,-11.446493999788911,-0.12465285491690728,0.19422266357244086,5.694543770372073,0.5501654502375278,-0.16033685632872663,0.03906455037810283,0.008453464854799213,-0.1989743112303709,-0.07547085269889169,0.1323365197748387,14.232403850292828,0.09985254896639187,0.0037339774496271474,1.1400271728415745,21.049430405416487,-0.9122114702811419,2877.62357916789,5.0,2551.2019609123017,6.909454564984449,19.73208412626701,Large,thrust_var,0
10,16.610665052931132,-71.63780291012274,971.1249411979356,-11.73981465075427,0.09490749646084341,-0.2655746058372667,0.9053137138554117,6.516390186580319,-0.14660097410032305,0.02441565316446476,0.015533513519409568,-0.19021691517617273,-0.07245466998636366,0.14196246532317888,14.779632042984188,0.21060466765370878,0.0032765813448487045,1.1400271728415745,15.634468420681705,-2.777085107662422,2877.62357916789,5.0,2239.0233878382505,6.909454564984449,19.73208412626701,Large,thrust_var,0
10,18.962937550981014,-70.67487389076842,969.7259488057443,-11.90199873163912,0.143383163200172,0.3056436239102832,8.738437321414922,-4.749789771233909,-0.18808558357922558,-0.0021568854458535666,-0.02900033462023293,-0.18116638808851432,-0.0793265195269683,0.1369758640714938,15.49592361313138,0.22253693950217734,0.0037652941289618705,1.1400271728415745,16.36045135826353,2.586046556429404,2877.62357916789,5.0,2435.520213475933,6.909454564984449,19.73208412626701,Large,thrust_var,0
10,18.676203054274104,-71.33444167751324,972.5905744400874,-12.45036556228278,-0.11412217722325384,-0.09929345208408168,1.3949589737423698,4.309084016094118,-0.2383790242729386,-0.010362808026856601,-0.0674218383841987,-0.17460842145888641,-0.06955742240533971,0.1343748637600927,14.57192711525565,0.25908806978307475,0.0035367827033732334,1.1400271728415745,16.991849799079315,-1.562593413646117,2877.62357916789,5.0,2309.0278250876595,6.909454564984449,19.73208412626701,Large,drag_change,4
14,10.683762099987014,-22.48991162251539,979.840521395428,-10.036566158531604,-0.4309628202132703,-0.17399207974224726,-2.6883729059672117,5.342604416934722,-0.101673978107528,0.06621426016741316,-0.18410217348751068,0.11607766556322262,-0.26255940761262336,-0.12873109980507022,18.653547509795228,0.18897434576711647,0.003564633063096963,0.9812043621881186,-1.5791410713759193,1.6131641908214702,232.60656064098515,5.0,1726.135681220049,5.3452037375907695,5.0,Large,mass_loss,-4
14,10.179467380336892,-21.178452631268907,980.6091190936615,-9.897692428770595,-0.4598101679669792,-0.058884195416381034,1.5085000445086778,0.8776811478929896,-0.20252889224585502,0.0695122406446762,-0.26975937605497086,0.11517567064328893,-0.2811574621378262,-0.11481399770291859,19.65076091818808,0.24248059942581068,0.0036759566819123627,0.9812043621881186,-1.6285114530776197,-1.5998810134038683,232.60656064098515,5.0,1738.6729680706287,5.3452037375907695,5.0,Large,mass_loss,0
14,9.690920798984894,-21.24983958985568,977.5759530472644,-9.923519282117832,-0.10745476918966694,0.48677745066987266,6.717451040920314,-9.06167291885361,0.002602143023591727,0.08011279641990998,-0.16143365399844312,0.10725066582671719,-0.2626053509877461,-0.11566603527889822,20.926315733699987,0.32621982689116114,0.0034115163995172794,0.9812043621881186,-3.3982469557726094,0.15402151498588815,232.60656064098515,5.0,2001.8475697371382,5.3452037375907695,5.0,Large,wind_gust,-2
14,10.102945719874388,-23.068610614577793,978.8286231110689,-9.744625622923023,-0.3041417797919589,0.2543796520059792,-5.179554925062282,-0.7327926784583947,-0.07270509730751484,0.05465486295874788,-0.2574798212721573,0.12196249666103941,-0.25445684293471327,-0.12039901852402768,22.97579781412805,0.23291962559612453,0.0027981893826546436,0.9812043621881186,-1.0651668612267773,-1.1427485048345538,232.60656064098515,5.0,2124.2659434824386,5.3452037375907695,5.0,Large,thrust_var,0
14,9.742782984545764,-21.261443305616055,979.1937819930517,-10.179729267762262,-0.40581856134128796,0.11622956147527803,6.8739945728158265,-5.483929187246735,-0.07100900764101385,0.08691624714427831,-0.22539578271289068,0.11664467065177016,-0.2576431855120024,-0.13153667101092584,22.081553941325087,0.22510096354984327,0.0035788645375064826,0.9812043621881186,-2.4023059642332734,-1.757573776664216,232.60656064098515,5.0,2217.4970358960827,5.3452037375907695,5.0,Large,drag_change,-2
14,10.59629384256259,-21.389982460491243,977.4926344214327,-9.86190708096632,0.09333299734295857,-0.5668947876288458,10.076375552303201,6.453222304612735,-0.13019897887911708,0.05891464602287703,-0.24917740715735742,0.110679738542261,-0.25563949444119444,-0.1112769839861791,21.89476339507899,0.27236528496959034,0.0036330690169575045,0.9812043621881186,-4.892965088515112,2.725125705424904,232.60656064098515,5.0,2276.15061368271,5.3452037375907695,5.0,Large,wind_gust,-2
14,10.206306991849056,-21.983048351881692,980.3427648555868,-9.82799704763314,0.25086632366250067,-0.22170566909969044,0.7077538953967165,-12.115232495007668,-0.08889319316276828,0.1445730167407097,-0.2841367462405812,0.11276705966533485,-0.2743454266805273,-0.12120342785211824,20.16081596450117,0.22556266392697874,0.0032961822599441655,0.9812043621881186,-1.1709294558858092,0.2765962335998219,232.60656064098515,5.0,1864.5952553469954,5.3452037375907695,5.0,Large,mass_loss,-4
14,11.833781680587133,-21.585856251604454,978.5091478766885,-10.253657558693162,-0.22812545994341207,-0.038020810735771876,-3.5753161031871317,-3.0495038143596123,-0.031569739369009434,0.1154676737325939,-0.2606448882774382,0.10307085594473477,-0.2474207366791309,-0.11531854422800568,20.798111239130794,0.12096245913452792,0.003416762875889098,0.9812043621881186,-3.897770094250033,3.3691594920337984,232.60656064098515,5.0,2297.5319516530744,5.3452037375907695,5.0,Large,thrust_var,0
14,11.041798218658757,-21.638504455909523,977.7027736277738,-10.216843437552017,0.2121137682402212,0.8245934803451661,0.7294626795842907,-9.130227053659505,-0.08746338856548033,0.15704128161572958,-0.31244810944233187,0.10335764228722308,-0.2666699662142897,-0.1185063966167569,21.17042306659227,0.15695494457532486,0.003012915917212973,0.9812043621881186,-2.4449033193451957,-0.3653240797274014,232.60656064098515,5.0,2057.7077499462152,5.3452037375907695,5.0,Large,thrust_var,0
14,10.940562278056047,-20.367075076239416,978.5004018503486,-9.85586879651416,-0.22141712509841746,0.05437534878061512,2.3013581249115194,0.9742117013506902,-0.16132397905726054,0.12434622161194234,-0.19344569091165317,0.1142991191932623,-0.24957631203610833,-0.11556287764824628,22.154921345682098,0.2139633919108263,0.003110867222010225,0.9812043621881186,-2.156612081097481,-1.983393326880621,232.60656064098515,5.0,2037.0253958481746,5.3452037375907695,5.0,Large,wind_gust,-2
50,13.908997650319465,-35.08650258485033,1189.2710626879827,-10.194616128451736,0.5113363651182473,-0.368496718524267,-4.546300516164251,1.4527212973987296,-0.2092737425570266,-0.36637975192155103,0.2581707413665254,-0.08523739459042207,0.07102486697935607,-0.4915247547258808,19.555636960363636,0.1188533498659381,0.0030688169551180036,1.0388213308025078,-9.67520954935902,-0.2651313546897939,623.1416445005307,5.0,2812.5311931918677,4.128947760753146,5.519368182562979,Large,mass_loss,1
50,14.825368912317378,-33.958523828359006,1188.8574291579991,-10.024431902262787,0.3438090432426195,-0.23321144545377195,7.79394592248447,-7.652307048716884,-0.09639696911222219,-0.2404219011716394,0.14930174250457046,-0.09339444243998662,0.06086799257876108,-0.4893889083239081,20.75461911170942,0.19313445171055604,0.0036319428789126913,1.0388213308025078,-7.97143921166067,0.6153533068022277,623.1416445005307,5.0,2837.1609802546936,4.128947760753146,5.519368182562977,Large,wind_gust,0
50,14.891617974944328,-34.836912271780186,1186.1880967882557,-9.963296844085733,0.011551093690442644,0.43217552418056365,-4.116025486507114,5.443482793088479,-0.1199173681536519,-0.2194345376336463,0.05289360135415108,-0.0796200173026001,0.08327465099557918,-0.47602028529872015,22.147060468818687,0.1955416709182516,0.0032404245447511188,1.0388213308025078,-12.121335051860934,1.5894784341106138,623.1416445005307,5.0,3163.612384831047,4.128947760753146,5.519368182562977,Large,thrust_var,0
50,14.470591290733463,-34.654076421188655,1184.8607486891292,-9.806873188241012,-0.0749429699052738,0.09563900734768016,1.115456125299471,6.312449474384751,-0.2709765824115645,-0.21617206370055003,0.21874559293107756,-0.0754742051953641,0.055903245821154995,-0.4850297441701971,20.984405910760547,0.16394749852385054,0.0032638353419167272,1.0388213308025078,-5.3701511080919175,-1.1947295310749653,623.1416445005307,5.0,2928.3856654342185,4.128947760753146,5.519368182562977,Large,thrust_var,0
50,13.556998114148934,-34.88767997373744,1189.1150598894585,-10.180038569706657,-0.2314635260854461,-0.3832607466398864,0.9796107417713869,9.346346416081206,-0.11394788126530474,-0.1891067775746924,0.1952071358423866,-0.07582077217074844,0.04737080795966761,-0.48268515990824623,20.367584051660476,0.20773483746726618,0.0037232314308096276,1.0388213308025078,-4.439826733965001,0.12924206236106425,623.1416445005307,5.0,2751.3704167349592,4.128947760753146,5.519368182562977,Large,drag_change,0
50,15.872277857052767,-35.419639537075795,1183.2428696342001,-10.007029991611454,0.07309716711081432,-0.32706252203982894,-4.927698003604649,-4.848718598173372,-0.1723523097941651,-0.253103885783191,0.18613987584461053,-0.10304060735720111,0.056847421101260016,-0.49025138262274975,17.704697356012232,0.17309761207549307,0.0035789284195007535,1.0388213308025078,-12.105319457782036,0.090982952661504,623.1416445005307,5.0,2585.1384722686244,4.128947760753146,5.519368182562979,Large,mass_loss,3
50,16.497525043288153,-34.46203947046047,1187.6722393189243,-9.946230157271652,0.13423666263989117,-0.09237070268117994,-2.5879302623313674,-1.4912974365745395,-0.20447354354294997,-0.23507611290968525,0.11929684978374147,-0.07063279384655903,0.06852795289212621,-0.47553882524134455,20.330791187806216,0.19111683719874692,0.0037924349120107247,1.0388213308025078,-8.251834140786315,2.5275336921109535,623.1416445005307,5.0,2717.385364962111,4.128947760753146,5.519368182562979,Large,mass_loss,1
50,13.754929314080963,-34.620650404875214,1183.4492055204335,-9.973260813329205,0.021564280715662448,0.141431959948452,5.285081414740676,0.9939729416942679,-0.09630048878512433,-0.19069083142643015,0.12358033755503203,-0.07687145114961598,0.04280302948503664,-0.4880127474183609,19.450159499718453,0.2273136804778833,0.0030657783590746657,1.0388213308025078,-10.879173942330782,-3.775063806016252,623.1416445005307,5.0,2697.5103824999555,4.128947760753146,5.519368182562979,Large,mass_loss,0
50,14.614182333969598,-34.81303795416101,1188.5439199290897,-10.119737222456582,-0.08180340947402995,0.07290355710291026,0.3939650910392294,0.8368122675585152,-0.10176419750063799,-0.21795141003821508,0.2719812295358736,-0.07096744532993107,0.060943343843709634,-0.4654950106231693,21.319837264068923,0.08031579241329356,0.003313157512385463,1.0388213308025078,-8.884997590349837,3.2130947725766696,623.1416445005307,5.0,2866.869476289973,4.128947760753146,5.519368182562977,Large,wind_gust,0
50,13.930227791577058,-34.7410496265432,1191.6713506233154,-10.376233892007685,-0.3165268104530085,0.03788032087022045,-4.923273924236312,-3.962617235576063,-0.199059004754271,-0.29006899218354815,0.11273058758501613,-0.06746006156028411,0.05234224193022837,-0.49496956435858763,20.730668433183656,0.2365977751254923,0.003249214922452478,1.0388213308025078,-9.315808070693159,0.0887175950312141,623.1416445005307,5.0,2739.581565815957,4.128947760753146,5.519368182562977,Large,thrust_var,0
10,9.044233719537553,-40.03719082490697,1031.833083073957,-10.267313003107642,0.5442027543224951,-0.5402100953330504,8.956325320853532,0.7367563657162234,-0.11444330504591252,0.12298630936093856,-0.05476234500827807,0.244492290611233,0.1924433978723763,0.482923482030098,82.55651434160967,0.19038911998486716,0.009873292052451245,1.0866759365135892,-11.30638056152833,-0.15430529721621056,926.1659484446475,5.0,6245.448254984121,5.426338802646279,14.625098535043145,Heavy,mass_loss,2
10,8.298425641343579,-41.12767032594203,1037.6706918646714,-9.894387377981845,-0.12303787355542686,0.08534268883934165,5.175644580883665,2.2278229063874493,-0.03070105897486873,0.2360851580052465,0.05371616962435984,0.2020950957348333,0.1938869904361909,0.48412914730267786,85.1211367882827,0.15975202899479304,0.009922011909650254,1.0866759365135892,-13.223610762043313,0.8068737257425815,926.1659484446475,5.0,6566.794626698217,5.426338802646279,14.625098535043145,Heavy,drag_change,0
10,8.638309986800234,-41.73338776046653,1042.5571134891907,-10.360261200920116,-0.3638774827350419,0.2608653319943372,-0.6651094032004448,4.246011546311091,-0.1046303910021447,0.15786085227035299,-0.10115880366204483,0.23772935782141427,0.1800357273688956,0.4929575319238417,89.59230886452461,0.19365410979850198,0.009253608931506483,1.0866759365135892,-11.574350106530527,0.9254854334086036,926.1659484446475,5.0,5790.109807876403,5.426338802646279,14.625098535043145,Heavy,thrust_var,0
10,8.915610044492501,-41.96538328791083,1034.5704881672405,-10.260212768522031,0.3240168177417931,0.28283655424202264,2.436526185224974,5.359649326058986,-0.16761408281763915,0.2044059646599611,-0.038462905427221444,0.23548734805298308,0.1917679868992666,0.4835190434280992,87.9730163813148,0.24380845835956166,0.00890602291738013,1.0866759365135892,-9.72904923991324,-2.1168812672833055,926.1659484446475,5.0,5977.216183051654,5.426338802646279,14.625098535043145,Heavy,wind_gust,0
10,8.259342676980337,-42.0515409720915,1035.9706353024035,-10.010074998008681,0.31168102843093004,0.15915077225037966,4.179105343624289,5.226557150519798,-0.14061879401194527,0.1795792435715326,0.03215420564943055,0.21491695677182707,0.19721155784001151,0.4802013840230298,75.73959948187395,0.19910322597124303,0.009551131369228649,1.0866759365135892,-6.149138122415115,-2.1520855588972925,926.1659484446475,5.0,5786.413677037593,5.426338802646279,14.625098535043147,Heavy,mass_loss,2
10,8.68937678055277,-42.07596211894136,1035.946828202883,-9.878096013635371,0.1790275938905548,-0.6070961934036502,1.0022575217015854,-1.5958495730129718,-0.1873358137333122,0.20372727345701722,-0.05679107644759959,0.22216318662773896,0.1941606804090558,0.4811096270031852,72.89304009217204,0.1703337555185033,0.00902998244414674,1.0866759365135892,-7.621038358617431,2.1893432727605533,926.1659484446475,5.0,5290.671207320091,5.426338802646279,14.625098535043147,Heavy,mass_loss,0
10,7.858494967922941,-41.488361047986366,1037.380033081227,-9.981191144264406,0.2017077626650504,0.0959201743421642,-5.596366576237459,4.903041774333788,-0.1784700119222953,0.24170499968962836,-0.0008189461339779686,0.24060754216152933,0.19316891406495154,0.4791808312400898,80.12020424782946,0.1409210332713537,0.007981765003886183,1.0866759365135892,-7.722892063335357,2.134833906064799,926.1659484446475,5.0,7019.445556153724,5.426338802646279,14.625098535043145,Heavy,drag_change,0
10,8.3590883484464,-40.908342180533296,1033.5828407945469,-9.856594443778206,-0.3583568819298105,0.08574098603841988,-4.225769792130794,2.7669449153721337,-0.12534620499343518,0.10723841075874546,-0.011169202457139291,0.22123931924580684,0.20173169643292227,0.4873817291995441,87.34991944636006,0.1521215522492394,0.00898143197158079,1.0866759365135892,-10.524175169410656,1.7134049604851114,926.1659484446475,5.0,7403.200826196907,5.426338802646279,14.625098535043145,Heavy,thrust_var,0
10,7.843934316992826,-41.432385173448615,1035.9390220903456,-10.01333149598972,-0.3975561912470998,0.16321135703213366,9.558312031405165,2.372686732327659,-0.11900632360586413,0.1181033383156434,-0.07091648968591449,0.2264600780059062,0.18762246451636028,0.49763103657490987,87.94215730212599,0.3346189293823485,0.008607763910849274,1.0866759365135892,-9.54066867442502,-2.7669847450685823,926.1659484446475,5.0,6071.345283713057,5.426338802646279,14.625098535043145,Heavy,wind_gust,0
10,9.132505679150109,-41.91723044391602,1040.3174524417016,-10.002844336079345,0.3101672367205172,0.4401214905129945,4.8630882135387115,-0.55267798503841,-0.06276503648746898,0.19970619716045807,0.022320052237318755,0.23901728185194077,0.1820112633250609,0.4953114836319701,79.18354131989452,0.20690953183920074,0.009665179648289337,1.0866759365135892,-9.432957462057772,3.047050624458078,926.1659484446475,5.0,5936.785393227557,5.426338802646279,14.625098535043145,Heavy,mass_loss,4
31,13.28768397789496,-70.37912331246125,943.4227085048982,-11.62747006465013,-0.04586523577828148,-0.22493305328523175,-5.5591911186843,3.778342603234025,0.1365228090150277,-0.153242767265659,-0.30848448337185386,-0.126480389792337,0.1283565128302012,-0.3366166187005367,16.590240944311397,0.1666845439025457,0.003596905615029382,0.9627720199468871,-1.50986617303762,-0.40104106250594873,2390.8325922551758,5.0,1924.652888862713,7.37371824828283,25.89654341184118,Large,drag_change,-19
31,12.60473967517879,-70.62302939881295,942.5477037788434,-11.220495387651296,0.21765851191139562,0.041001561348864776,6.139686736926652,-0.0583017794440773,0.22043725736389538,-0.16874734002112515,-0.321605215291502,-0.11920562747921647,0.1403941679169814,-0.367691467504532,15.906272745657128,0.16946090274570647,0.003904318850302866,0.9627720199468871,0.13353187461038069,2.690762495255442,2390.8325922551758,5.0,1995.2739705230283,7.37371824828283,25.89654341184118,Large,wind_gust,-17
31,13.988303738282063,-70.59701219205769,944.4086100741563,-11.125493795863104,0.1006578676874138,-0.06163950588861755,1.9058385374530051,-5.195433214646876,0.13518817180958845,-0.15736490211585535,-0.3026203774229192,-0.1419438643456205,0.11647737102820693,-0.3587623826999336,15.519149821683172,0.21429117452019938,0.00421104247001538,0.9627720199468871,2.5993227924118316,0.6586182904989907,2390.8325922551758,5.0,1868.0402126866118,7.37371824828283,25.89654341184118,Large,mass_loss,0
31,14.167782386324944,-71.89257948354971,943.1918517423887,-11.278732135929687,-0.13609091627750483,0.5178679636906898,-4.436647294278856,3.8589808861783057,0.14944553278019634,-0.08263262670776671,-0.31648655047212104,-0.1320083432182238,0.1377140476171052,-0.34965022137537866,14.823568220730047,0.17303474927683649,0.003998062234172083,0.9627720199468871,1.7890244707047496,-1.3584613063859101,2390.8325922551758,5.0,1713.8263641282333,7.37371824828283,25.89654341184118,Large,drag_change,-21
31,13.573417804953769,-70.21006875497322,937.4227948634058,-11.112766799732213,-0.1196763087649941,-0.21148137426948113,3.971283390810351,7.334122082023843,0.16608305054696254,-0.17163616969509723,-0.3369273787401913,-0.154741098508083,0.12857850850814478,-0.3481132733807354,15.982681243856165,0.24668731044189962,0.00334114588056885,0.9627720199468871,-0.2289818852985261,-0.5006019191757801,2390.8325922551758,5.0,1995.103057628096,7.37371824828283,25.89654341184118,Large,thrust_var,0
31,13.532371459541446,-70.27348034430817,944.3423254925495,-11.633174514507951,-0.3704537141007273,0.28726641570656536,-4.61803481304396,1.0147202515505556,0.0687316585834529,-0.1091285342266205,-0.23656361643346707,-0.11735955516526254,0.1370789166658672,-0.33826443300968445,15.1214548371229,0.1605664034424319,0.004194824978601618,0.9627720199468871,2.3739355712865335,-1.348685907143851,2390.8325922551758,5.0,1931.5305035726376,7.37371824828283,25.89654341184118,Large,drag_change,-5
31,12.863953699356907,-70.60894042236467,941.1138374831412,-10.97298164645435,-0.0820482901592196,0.31918303386841895,1.5574803434422275,-4.428311308281156,0.14418822329496817,-0.10522267608015026,-0.2870061358133715,-0.12393836070357382,0.12123877545878044,-0.3536624021939063,16.255586344047245,0.17105920929407448,0.0034338740643810924,0.9627720199468871,2.6894370267779606,1.2082410119694829,2390.8325922551758,5.0,1951.213617808001,7.37371824828283,25.89654341184118,Large,thrust_var,0
31,13.674402063831087,-70.29533988321755,943.387629271153,-11.193645149252967,0.7165115978611315,0.35527699355885184,3.6141344749275603,0.5589957910169413,0.18199075337472564,-0.11980885051496991,-0.281816858594544,-0.12771429747964536,0.12594417516570433,-0.38560769181746035,16.23366042972085,0.17557619599448201,0.004462402133449507,0.9627720199468871,0.15218416923507988,-2.3779268390699237,2390.8325922551758,5.0,2001.1444242050768,7.37371824828283,25.89654341184118,Large,thrust_var,0
31,13.159784655623922,-70.24902213899604,941.7205124180102,-11.294298093759213,0.37780413842233196,0.20587439199958277,-7.854060165695785,2.8534740801777225,0.16244418228456978,-0.13703424067318806,-0.24975099059812872,-0.13301367462416158,0.12738598009037208,-0.34280169504929875,15.25227258760232,0.22740224870029857,0.00350943670192847,0.9627720199468871,-1.9674315136269858,0.22908734888670843,2390.8325922551758,5.0,1828.6744881595635,7.37371824828283,25.89654341184119,Large,mass_loss,-11
31,13.662436181657078,-70.80425664396445,943.726457259086,-11.657883185178811,0.3552760248094399,-0.1769933072257837,3.3055126786748454,-6.323836415927595,0.17069158617542673,-0.19402779279795251,-0.2700682558845203,-0.11444664449350635,0.12475351955676343,-0.3641951035661391,16.46355280470044,0.15795093005067262,0.003693723267939339,0.9627720199468871,0.6444213466030259,2.7213520722154105,2390.8325922551758,5.0,2008.8112697876297,7.37371824828283,25.89654341184118,Large,drag_change,-21
50,20.735591813361243,-85.28568305770739,911.2313935238626,-12.971362661338583,0.14585543746858165,-0.584811526596727,-10.251787286421001,3.6959024735078394,0.2760146051034315,0.13276702738378285,0.17523590090805213,0.0974950008515014,0.025134597859582497,0.041482027477858785,0.33377951424742075,0.232616516908834,0.00015701744361567424,0.9653799661667245,21.379781816306366,1.5129767086321968,3521.804341143443,5.0,60.91555159617435,1.296861570276191,23.721136570336267,Micro,thrust_var,10
50,19.743329668196115,-84.22831268682917,912.6402420482854,-12.526078146092495,0.13766741890856965,-0.1357441679959205,-6.534249287275053,-1.4941019371282938,0.20175562427038557,0.0897310370157587,0.1658489596973209,0.1057188698561971,0.043496186811706,0.06302233439386441,0.34475310215573624,0.19797140635949242,9.552735304214467e-05,0.9653799661667245,21.370980477824716,-2.853351790440678,3521.804341143443,5.0,67.81504583057242,1.296861570276191,23.721136570336267,Micro,thrust_var,0
50,20.907831425317195,-84.67291587774453,909.9106502616236,-11.94576299041061,-0.2504160928349419,-0.43474515693386606,1.2389359052604096,8.006491658887938,0.24073936857091063,0.09154196456032793,0.2543513112574092,0.11046529204596871,0.026198433962081817,0.07147632048314169,0.3325086992119848,0.18565151817438189,0.00014147252119195468,0.9653799661667245,23.004578826859124,0.09445618459632152,3521.804341143443,5.0,63.05646162889841,1.296861570276191,23.721136570336267,Micro,drag_change,3
50,19.84080234011853,-85.16071956715656,911.6167681091282,-12.361077256655825,-0.30970345151328266,0.18758945766989732,-0.4132323401332043,10.498791991632789,0.27811218734973703,0.15187122471923886,0.24100320439711476,0.09754289971158596,0.030875993262856845,0.043617941072232304,0.3234294844407687,0.2506219218414748,0.00011319293282848471,0.9653799661667245,21.579504205041793,-2.0982529825179173,3521.804341143443,5.0,66.00676063033089,1.296861570276191,23.721136570336267,Micro,thrust_var,0
50,19.557379264514363,-85.30138314981676,910.3156151404955,-12.921457373090593,-0.40202162133718045,0.12966500722777619,-3.4069011753478695,4.83913012012602,0.3003527022231856,0.20433251489805715,0.20238898784210058,0.10932776636516225,0.03408660750287055,0.05269918541256027,0.3332120951715905,0.28047603328879867,0.00014053140314389297,0.9653799661667245,23.490586823046943,-1.6441520236558549,3521.804341143443,5.0,63.25563672984073,1.296861570276191,23.721136570336267,Micro,thrust_var,0
50,21.59357755556179,-85.25224393893636,909.3996491992923,-12.558529835231964,0.04546296252974068,-0.5224171818979578,-1.4692678035568467,0.1992877079248626,0.220372367555784,0.1970482169124109,0.30823175067971104,0.1007492086691137,0.022839810122910115,0.05612862042990671,0.34311911759507585,0.17037490530990387,8.644458533131726e-05,0.9653799661667245,25.728275072822697,0.0008359275562845845,3521.804341143443,5.0,66.76175956641984,1.296861570276191,23.721136570336267,Micro,thrust_var,0
50,21.294096859468752,-84.91699044184166,913.3126717816612,-12.645379560166145,0.029374121282592553,-0.26970376661529033,4.32622475171971,4.0497840667625375,0.1937606755639003,0.1538607820298092,0.27764951992179504,0.11339524797899722,0.027012169145175333,0.04886529142213848,0.33788504612715464,0.14963750707720194,0.00013670388348357914,0.9653799661667245,21.72488052848609,4.290072841537414,3521.804341143443,5.0,70.37570557699726,1.296861570276191,23.721136570336267,Micro,wind_gust,-7
50,22.875532074933076,-86.74705540945732,911.1968447479593,-13.334744022532838,-0.1156110001952713,0.2642601992082233,5.988962610711891,6.223572884092042,0.31242821723918485,0.12694004205646325,0.31493483988116394,0.12054260820430057,0.029150069881862643,0.06921333317927555,0.31063675743408653,0.27051162577754395,0.00013518414347505006,0.9653799661667245,20.9996103582371,-2.239982860543233,3521.804341143443,5.0,59.727887106285635,1.296861570276191,23.721136570336263,Micro,mass_loss,-7
50,20.801408434748904,-85.16627200921833,910.8941307958779,-13.17844017022062,-0.037003219213833136,0.09271423290979618,-3.2784385973072183,-1.1785562242833425,0.20369042939736454,0.19159904151568946,0.23028553826640405,0.11910166570950398,0.04304954384185662,0.05663050751638248,0.30268624674134303,0.09570510611333315,0.00011717888822916431,0.9653799661667245,19.47098167182615,2.7569392549230094,3521.804341143443,5.0,62.312574046010525,1.296861570276191,23.721136570336263,Micro,mass_loss,-10
50,22.693504305596363,-85.48014106269274,909.3105149284362,-13.404509237664069,0.08194479510126186,-0.4041628440205577,-2.800617725465494,-1.2495153043889915,0.30784737846690496,0.18655946860068334,0.2128587066398578,0.10244727855603293,0.011808216334690081,0.03705001203116272,0.28359342433837076,0.2561548680662905,0.0001481242220290583,0.9653799661667245,22.985523846816697,-2.915248973241154,3521.804341143443,5.0,56.638328318331425,1.296861570276191,23.721136570336263,Micro,mass_loss,-9
10,14.900935436990594,-40.13801420693348,549.1302909683518,-10.44224579782914,0.6518849248082592,0.20951653029182668,3.9417151042971006,-3.1853925312517806,0.060821503615593665,0.4033109271554009,0.06512136719173398,-0.4880797824009123,0.03431868985162349,-0.4528119116134745,55.39701068305128,0.21064326282635645,0.009730647696637824,1.117107130680338,16.029054555714012,1.0666911182791616,856.3983441473218,5.0,7456.17687767378,7.003959034783586,6.390948437082798,Heavy,wind_gust,0
10,18.300723160518814,-39.500004616003686,554.4073337039275,-10.2339235266749,0.1497287448413248,-0.5076812494929985,-0.8519288269409798,-4.0641179516828245,0.09915808588428673,0.3415573029382304,0.02211793332979664,-0.4928625190146282,0.029424347230463384,-0.46433813209133135,52.67188375349315,0.21755827338135422,0.009490403935060125,1.117107130680338,15.266875825996669,-2.433161608271419,856.3983441473218,5.0,7375.568918459552,7.003959034783586,6.390948437082798,Heavy,wind_gust,0
10,15.849212144358837,-38.82208494898739,550.0168241997297,-10.457682880507882,-0.11337700808554191,-0.22459341075459524,1.345111346308487,1.8881573471645465,0.09900607412570922,0.3206407820324873,0.15348013812984723,-0.4959318537145599,0.014274694679142073,-0.4711834524916814,45.080703949911516,0.20971307048396304,0.00851666836376104,1.117107130680338,18.746154048845185,-0.07500164614898619,856.3983441473218,5.0,7798.4613167731095,7.003959034783586,6.3909484370828,Heavy,mass_loss,2
10,17.7716277727542,-39.11395263943456,554.6443158877103,-9.966168253876003,-0.5200408494108564,0.0664479921398498,0.43215094543771143,-2.120519077920495,0.0823509220471906,0.29005953135018403,0.08906980486101004,-0.4929082214249553,0.03025167797620476,-0.4606459614993701,52.4124283322681,0.18614734498604546,0.009591720012707684,1.117107130680338,13.391076721166904,-0.9994409988395848,856.3983441473218,5.0,7773.624669635703,7.003959034783586,6.390948437082798,Heavy,drag_change,4
10,17.079491630448697,-38.98093455703104,551.1205546612234,-10.178593507437682,0.23741565182339525,0.13647532102250434,-6.559370115901189,-3.9419305693450335,0.04435209906501564,0.21421373302560529,0.13704240754718872,-0.4785321183013493,0.030722635850116788,-0.45507508102814814,52.668449099001776,0.3107647765481691,0.009951269494059813,1.117107130680338,17.660777155709958,-2.877829388672309,856.3983441473218,5.0,8334.450645178898,7.003959034783586,6.390948437082798,Heavy,thrust_var,0
10,16.465305596660244,-39.85876672763283,550.8912032969514,-10.059535719121017,0.5020091838457571,-0.17683571998161554,-7.9121398701181995,4.084185057154906,-0.011274790155361307,0.2661955058427159,0.11296122660506251,-0.4933385049075866,0.02509737675326422,-0.46930768529106076,50.12381926717203,0.19928648235253058,0.00931415094238959,1.117107130680338,16.00516013154911,0.8720115504451595,856.3983441473218,5.0,8143.412894647482,7.003959034783586,6.390948437082798,Heavy,drag_change,4
10,17.610513309319426,-38.80063108400784,551.5298137869332,-10.600681495297241,0.22324433668443572,0.41596204049754487,2.857473682317811,-0.17588708251778584,0.08934104673215203,0.3016490836307246,0.17214606256259915,-0.48360531395665596,0.015995076816417597,-0.46907775629703796,49.80341926177453,0.22679251675024673,0.008865367637992215,1.117107130680338,14.308446545825618,-0.0019067425064132797,856.3983441473218,5.0,8246.404740494967,7.003959034783586,6.390948437082798,Heavy,wind_gust,0
10,15.490028733910268,-38.9467915343227,551.0810907709077,-10.661514913051157,0.03589779135568006,-0.25124040483795984,-5.83825891058213,0.045703379113163876,-0.038787501823029084,0.25428876328884603,0.2534009635057446,-0.48613994644051606,0.00939148312084733,-0.4484296830671929,48.298605721131416,0.17231524234322637,0.008122581241788543,1.117107130680338,16.321665539465307,2.7372592441942567,856.3983441473218,5.0,7423.437394310855,7.003959034783586,6.390948437082798,Heavy,wind_gust,0
10,17.50968446528299,-39.55011271960398,547.265085668963,-9.966967094558612,0.13274900387037908,-0.3207380293254384,-0.8113555753456851,-2.8842854735844217,0.05804221747984325,0.32814231971383123,0.15813120552579374,-0.4901048801695003,0.01825826331561595,-0.45168463489291677,40.780654416820894,0.16255336533697812,0.00827876103318901,1.117107130680338,17.822021328139048,-1.4781852313569424,856.3983441473218,5.0,6492.083903930038,7.003959034783586,6.3909484370828,Heavy,mass_loss,4
10,17.347411478538152,-39.325094507894605,549.4666951153872,-10.125422722726135,-0.09923246880691582,-0.15304824409506518,0.7472804483165476,3.8537510480939368,0.17684082172624857,0.3293650833009613,0.18383424920002944,-0.497701832364464,0.007947051122826098,-0.46184802897200566,51.091671795972594,0.14607436293177015,0.00901600143138727,1.117107130680338,16.608140985571527,0.7207867900361603,856.3983441473218,5.0,8010.754545657274,7.003959034783586,6.390948437082798,Heavy,thrust_var,0
12,25.92951296666311,-87.8923919083315,1038.3724602518885,-12.932040686088596,-0.2388979935988552,0.0503439734027368,7.907318617416642,-1.5482990609284446,-0.2586711373506448,-0.05567870720297506,-0.10762218096509646,0.24839723833576785,-0.05311484389930783,0.31582062110064957,40.48610826414801,0.23305513888405868,0.009481309539240281,1.0719366134756092,3.859615762399528,-1.0939721669108777,4158.863815792439,5.0,8381.828705981163,7.95891798669021,22.40790118067499,Heavy,wind_gust,2
12,23.854963695724773,-87.2521885872738,1039.2866494959205,-12.981837467118062,0.3795947942971877,-0.1435724074537545,-2.2935393476917953,-1.042961629681551,-0.2653934761882944,-0.09542665764264695,-0.1261501754694247,0.25218550300990644,-0.0531409081363901,0.32121806591386426,43.73493874233012,0.26436963243291545,0.01093391005832111,1.0719366134756092,2.360392181506045,0.7035322756286515,4158.863815792439,5.0,8901.82754591252,7.95891798669021,22.40790118067499,Heavy,thrust_var,0
12,21.630322880877273,-88.71959691612525,1035.4677532680093,-12.862377456009629,-0.19232437996150661,0.1977163031740259,5.134473091289572,2.997887706226779,-0.17639419308889448,-0.10770379932918717,-0.1534506741918928,0.25692824035946005,-0.06793991132276478,0.32689261558627514,43.00558953981226,0.22283440053651998,0.008399503930906025,1.0719366134756092,0.39166109939995897,2.645488933770271,4158.863815792439,5.0,8601.281760909971,7.95891798669021,22.40790118067499,Heavy,wind_gust,2
12,22.427326654965803,-88.45721100324904,1036.971766106333,-13.512526204704347,-0.43499267952051185,-0.0946983747004449,2.3784801610629964,-4.0078696903933935,-0.267214098973022,-0.20916810120883594,-0.0459816460613684,0.24549529851968646,-0.05880288994031264,0.3226709367692684,37.47958668256883,0.17581136207130005,0.01099310006827534,1.0719366134756092,2.541847727941088,-0.3314388573468491,4158.863815792439,5.0,8119.611909900476,7.95891798669021,22.40790118067499,Heavy,mass_loss,-2
12,22.19769208174108,-88.31384729374074,1038.3285144197887,-12.859538509159714,0.05255248479270087,-0.28958290187986724,-0.3579173580124861,5.657892257697618,-0.33780962422598687,-0.1633605883369057,-0.18338292015115126,0.24866423219351408,-0.049633643513560116,0.315954330716499,37.86404345109114,0.15118767742727324,0.00958389324697147,1.0719366134756092,1.626341341636492,1.8236635570267408,4158.863815792439,5.0,8384.522850255184,7.95891798669021,22.40790118067499,Heavy,wind_gust,2
12,26.152041001530463,-87.8699471943697,1035.2134617490533,-13.398670983299294,0.41889918223245587,0.015487950843125965,0.6306575792300786,-2.745355439769068,-0.27879227205440205,-0.10930716631310805,-0.14536701318108625,0.24586585988215762,-0.04677754701535351,0.2964520721728312,33.31658881380189,0.23378049807515291,0.011224538503055692,1.0719366134756092,1.2482999721401784,-3.9964812300890773,4158.863815792439,5.0,8416.71314922941,7.95891798669021,22.407901180674994,Heavy,mass_loss,2
12,21.44176716414148,-88.54068594474501,1033.4054201244787,-12.933139325277203,-0.013878365179902761,0.03423044766795597,0.30941676443567606,-4.63776665405864,-0.26684561729259865,-0.20336746423224175,-0.0244443899182719,0.24025821449509666,-0.06677721015714172,0.33367783387386024,37.39214723652901,0.14372064429840156,0.008794535403243963,1.0719366134756092,2.0923426690205784,0.8632632592751946,4158.863815792439,5.0,8995.456403835673,7.95891798669021,22.40790118067499,Heavy,thrust_var,0
12,22.381873155587485,-87.70316024499675,1037.076434792767,-13.020528498637136,0.22864551409560996,-0.13609165467502915,-7.8714867427777655,-5.00301190555161,-0.266415421724292,-0.09958001669639037,-0.13580933627928898,0.2408878506197013,-0.07405442128333539,0.3276087597518175,43.29183897474111,0.2804641262244161,0.010830445537857822,1.0719366134756092,3.953105346660065,-4.143759048806405,4158.863815792439,5.0,8751.481306546588,7.95891798669021,22.40790118067499,Heavy,wind_gust,2
12,25.888261356805714,-88.65053954793395,1039.203708836381,-13.173462993467606,0.13695070055033864,-0.07516811058560736,-3.145283656792024,0.9837116188285302,-0.2542205822554713,-0.16911838998605658,-0.13549278271423443,0.22755533310413265,-0.0588327051231343,0.30525038231841933,39.87639448549912,0.22962389920603582,0.010082808049078787,1.0719366134756092,0.7818228363850255,1.8176248226999379,4158.863815792439,5.0,8497.685448471451,7.95891798669021,22.40790118067499,Heavy,wind_gust,2
12,23.276709244821546,-88.75631677851676,1039.336723647826,-13.143287340698311,0.636307080459733,-0.06846017385066318,-15.65871916985127,7.288406001781019,-0.23223741714808446,-0.09564973685392064,-0.1427350181620869,0.24286599466812275,-0.06002374021534821,0.3154102244133584,33.28237420037292,0.33843460241295276,0.010702879825491599,1.0719366134756092,3.069253526460334,2.6277712420279586,4158.863815792439,5.0,8184.629633760914,7.95891798669021,22.407901180674994,Heavy,mass_loss,2
12,32.92288748997265,-82.98487082983007,767.5197166556675,-13.673151594952348,0.11515081303659647,0.27044963284741336,-6.176466619428419,0.2098921668830045,-0.05675783587439211,0.03692967725179979,0.26526431858092947,-0.45753863328380556,-0.27598075140843126,0.059622161888484876,9.671413930455953,0.11723068061899178,0.003690230088774605,1.0338262875917472,-1.952791301774486,-0.38858210123106124,3626.3880749687364,5.0,2971.129357967849,5.080353352043431,13.319708462248494,Large,drag_change,-2
12,35.684004657033555,-83.90487319716453,760.3176143328238,-12.855116265335504,0.18590667648363368,-0.6392513992067627,5.920905081836074,5.18078630569252,-0.050777251735981514,0.0991052560885749,0.28708521066067316,-0.4527044988078398,-0.30346271327402435,0.07556133485237584,9.957598703899006,0.1395704737878829,0.003221572725554543,1.0338262875917472,-2.2510074259918857,-1.2524491912728997,3626.3880749687364,5.0,3053.163737798478,5.080353352043431,13.319708462248494,Large,drag_change,2
12,33.4984862849991,-84.01959844774396,762.5223793501499,-14.373256987682298,0.11627949846370844,-0.24805936682094856,9.021422265245462,0.3546160015457124,-0.12047324208784156,0.012041340073766386,0.31329496147680025,-0.4523009035502684,-0.2798038738325623,0.06222372530097832,9.04243134757971,0.2559723685517193,0.0034288778875910535,1.0338262875917472,-0.9993053497364804,-0.42356722080273573,3626.3880749687364,5.0,3164.3743777729583,5.080353352043431,13.319708462248494,Large,drag_change,-2
12,37.051984561145005,-84.51788077968942,766.5650823718853,-13.24909350153992,-0.37186868582407184,-0.45086118260471675,-3.7297106323780067,-3.3077072125764593,-0.015161097657520259,0.03848176519258977,0.21782905082866863,-0.4576521048911233,-0.2785374987565965,0.0660190388455285,9.219645147702925,0.19449972506494745,0.004235565686288188,1.0338262875917472,-3.4757570696836875,2.631016581880208,3626.3880749687364,5.0,3063.098034500093,5.080353352043431,13.319708462248494,Large,thrust_var,0
12,33.580937234161745,-82.95189753065794,765.9098111127181,-13.438837448417019,0.22745349250537925,-0.40199732087246554,5.534317946301793,-0.697223532042247,-0.022792685049219923,-0.008184968674009793,0.24152517883607905,-0.45148996613072284,-0.27942082996195333,0.07269271574113381,9.120462812473486,0.21589738786616908,0.004222253195696394,1.0338262875917472,-2.377390583322324,-0.617729920870615,3626.3880749687364,5.0,2744.792076974377,5.080353352043431,13.319708462248494,Large,wind_gust,-2
12,35.329025945916406,-83.89026340809843,766.3523606457711,-13.789902112509791,0.6054232148153461,0.06916113834849133,-2.234738637913327,1.6868153317343308,-0.07426581067670708,0.07385521608284389,0.19977246738093712,-0.45162161954277374,-0.29450234605849035,0.05466123884807218,9.272354237889123,0.1458132315029917,0.003753535938864793,1.0338262875917472,-3.583029686374718,0.5940789417597501,3626.3880749687364,5.0,2574.3787912254684,5.080353352043431,13.319708462248494,Large,mass_loss,-2
12,34.656732445192375,-83.74575053961543,764.3927282967903,-14.477484264164852,-0.5539620728897704,-0.10934573410090838,0.42319889271606875,-2.1930726061312544,-0.1432984204757089,0.07927870904055312,0.34211172088794456,-0.45268223265928914,-0.29551912787389945,0.06528366469932378,8.789320368356476,0.14155504353519258,0.003920245692467139,1.0338262875917472,0.0032294415874609683,-0.2941967043888403,3626.3880749687364,5.0,2732.0519019135386,5.080353352043431,13.319708462248494,Large,drag_change,0
12,34.5881958981558,-83.27323778838863,766.3934386631855,-13.578873655832599,-0.3812855163276848,-0.11357392296394625,4.493345801695871,0.18848286561961453,-0.019855497353184877,0.1575342943935262,0.3125767802031697,-0.45060418414718023,-0.2948337138000959,0.040353109141199994,8.6232921401613,0.18369937520915755,0.0038973470932640573,1.0338262875917472,-2.285224070426579,-0.6407701188735887,3626.3880749687364,5.0,2581.472412377074,5.080353352043431,13.31970846224849,Large,mass_loss,2
12,36.135744003602866,-83.16899772539001,770.642844062245,-13.575646343770602,0.039188222632502524,-0.14339895962599755,4.213288551305361,1.3580945973831042,-0.0937536868278385,0.06975609519449674,0.3129926137255231,-0.46457301383442834,-0.2976972676545284,0.056415854251340894,9.454847726129122,0.26202580398074804,0.0029970876457506516,1.0338262875917472,-1.788616489520037,-1.8484414345503686,3626.3880749687364,5.0,3183.5738718053153,5.080353352043431,13.319708462248494,Large,thrust_var,0
12,38.06077193156336,-84.3692994358645,767.7003121748076,-13.663606514164652,-0.5045185605986502,-0.08865068685992518,-0.5326455259704157,-8.097780143837028,-0.06656218715866374,0.11286786141607483,0.24110032376649182,-0.44911443596743744,-0.2872301192708621,0.06576717099037131,8.975007713158751,0.2329406987441949,0.0031556394550301316,1.0338262875917472,-1.9602373394608386,2.770972681036177,3626.3880749687364,5.0,2963.3914814314244,5.080353352043431,13.319708462248494,Large,drag_change,2
10,9.690684685917695,-39.15955132436999,1123.1411338692988,-10.334916351327184,-0.3804410414925938,-0.05047774034626246,0.34185782983829377,-8.732333627895168,-0.004114216727224011,-0.2176221968731754,-0.055395058289238935,0.23954959410387486,0.13194057684034047,0.36753601034947797,61.15968251711171,0.2306395370791645,0.009736450082533103,1.1579336110196998,-5.912198900893308,0.11674058163579129,854.2786336868995,5.0,5541.284807802899,6.78337310430034,10.65051896494521,Heavy,thrust_var,0
10,10.189047992487007,-38.80942866975454,1121.63456067334,-10.368095658243922,0.019238428151992084,-0.09197830844693995,4.499559331943868,2.701611353687089,-0.022232677513749268,-0.19954990729644523,-0.20439607324031422,0.23566655317601448,0.12961666780991604,0.35620772647691323,57.393700610896246,0.2812937652770859,0.009117110648843777,1.1579336110196998,-3.313555731598792,-0.7132994543965616,854.2786336868995,5.0,6067.936320766954,6.78337310430034,10.65051896494521,Heavy,wind_gust,0
10,9.812390714533578,-39.61506720268022,1117.894694075485,-10.456676757864157,0.030525315231491594,0.10002270371781376,-0.2802778297009855,-1.9129669144368908,-0.039651687500949516,-0.12946203098663747,-0.13030550640462568,0.23097053302005388,0.14887257169384624,0.39448743846261247,57.65280602353776,0.22612550351052557,0.012777480748831293,1.1579336110196998,-4.917470204519206,0.23088527232855308,854.2786336868995,5.0,5697.878672352557,6.78337310430034,10.65051896494521,Heavy,thrust_var,0
10,9.999708323214733,-38.141749876138846,1120.9972683892868,-10.38676152364984,0.26829214996487843,0.05943798338397474,-6.446932455214549,6.542585781730812,-0.09222057830288576,-0.12021785672613505,-0.06659991015226796,0.2232470346234749,0.13471195887405477,0.3728282055913097,55.771636606682044,0.2915119177616532,0.008692743909575553,1.1579336110196998,-6.091015376377591,3.006644997643502,854.2786336868995,5.0,5143.355272293894,6.78337310430034,10.65051896494521,Heavy,mass_loss,0
10,10.025446545843247,-38.57195560547248,1121.8837116374568,-10.251363537173885,0.061522601770388964,-0.487014758982373,9.442184698071284,-0.8212099251601594,0.0141827484334478,-0.2070689019496435,-0.12554600363791127,0.22128154134786004,0.14046025512403035,0.37142794720879313,61.57210072793681,0.23489870150650488,0.008558211776190653,1.1579336110196998,-6.8468647478451885,0.914648562173531,854.2786336868995,5.0,6313.242335279574,6.78337310430034,10.65051896494521,Heavy,wind_gust,0
10,9.737350632566127,-37.89602455549052,1118.5704117005214,-10.279356433597071,0.08777546442948889,-0.2768144059223002,5.482172809380384,3.469837576021873,0.07978069539275245,-0.1261912736457736,-0.18899098052708024,0.23961367959219942,0.1458197934765922,0.3853824761939049,59.09426101601717,0.15518311488222625,0.00864889770130416,1.1579336110196998,-2.268417298341862,1.2457576476840766,854.2786336868995,5.0,5479.187302932055,6.78337310430034,10.65051896494521,Heavy,drag_change,0
10,9.328280834650895,-38.24824750288646,1121.2152368823156,-10.150392776135995,-0.23430268306445523,0.0779649704757893,-4.729316539481624,1.2997899682184555,-0.018035990228335165,-0.2063073194468074,-0.06303731721064396,0.21725362948148363,0.13452336691132838,0.3665586324094084,60.12259047381689,0.22991990038102095,0.009127522098952134,1.1579336110196998,-6.03731186526034,3.722514747961058,854.2786336868995,5.0,4875.90014215807,6.78337310430034,10.650518964945212,Heavy,mass_loss,0
10,10.661376068124884,-37.383674387574324,1122.1865356335707,-10.14612666220484,-0.33593281473877756,0.3207611787122773,-5.1279532631855655,1.8487040132018173,0.0028581552830390794,-0.3300769690377887,-0.12065632957199077,0.2605247368478924,0.11502101251872893,0.37444876811252015,51.88101380018395,0.15529292805974115,0.007877615775747712,1.1579336110196998,-5.15879663262516,1.587209606519189,854.2786336868995,5.0,5450.970792107566,6.78337310430034,10.65051896494521,Heavy,mass_loss,0
10,10.093219545375726,-38.64763409711777,1121.855506720554,-10.431099524639107,-0.4144775155390743,-0.5394644218227322,-11.117870839685985,-2.590345097375284,-0.03574561570317325,-0.19683616981282134,-0.07877620888942022,0.24659029107918887,0.13259154686698862,0.3570484769207318,59.740247132175526,0.17000893030414693,0.00911988425695524,1.1579336110196998,-6.873319094416084,-1.3069257914496144,854.2786336868995,5.0,5603.370205805131,6.78337310430034,10.65051896494521,Heavy,wind_gust,0
10,10.76740021352129,-38.56756918936215,1121.5697522301605,-10.112032756238253,0.10493295576922788,-0.10437138181787119,0.603020036537517,-0.4682888071642548,0.07726391792207803,-0.18815250771022748,-0.18657542506138974,0.23424797206877676,0.1351725947671469,0.3769561232543378,60.07612070262698,0.20551867399664384,0.009887849539821848,1.1579336110196998,-3.6659019078995847,0.18601276741830367,854.2786336868995,5.0,5743.077403467239,6.78337310430034,10.65051896494521,Heavy,thrust_var,0
50,19.21139227851262,-43.6096325919626,811.6484767206703,-10.525868928872008,0.14290984694080172,-0.39632990421432884,5.558323774460311,0.05481308558487474,-0.04205869547985299,-0.18975186470200445,0.02199138879173215,-0.09628812475673314,0.18744625793291622,-0.08582735429427651,4.286370148609616,0.14606882641654625,0.0011248959788112912,1.1104879903220548,9.230944635773513,-2.622172124738382,1075.3265091253666,5.0,734.7837740816344,3.538249699381789,7.022454402291177,Medium,mass_loss,-3
50,19.918451508559937,-43.80601909748689,810.7842639365697,-10.57641418098667,0.03087521715697116,-0.6942132198000316,8.367209428114926,2.2087336818877863,0.025030954467508887,-0.2960828576600242,0.060021920788390096,-0.07403831639624472,0.1654513102731239,-0.07138945329173632,4.965006982160673,0.12277830758758779,0.0011229946881589734,1.1104879903220548,11.553897638382123,-1.2022531053376937,1075.3265091253666,5.0,920.9472875465372,3.538249699381789,7.022454402291175,Medium,drag_change,0
50,19.454064240116992,-44.197902596780864,811.8475642532112,-9.989989261469836,-0.4726214057465148,-0.07413533810029203,0.7115092306590282,3.0301091500712047,-0.027832416264718794,-0.2631522925426437,0.056174360171670025,-0.09633423138375313,0.16198006676198343,-0.07701170473304005,5.082712554874509,0.2980371976699058,0.0011139904440481412,1.1104879903220548,6.922640084677183,-2.893802581616713,1075.3265091253666,5.0,924.9847883285297,3.538249699381789,7.022454402291175,Medium,thrust_var,0
50,18.705647891345503,-44.19679465129418,810.3880689232368,-10.250050718655011,0.0878855500556505,-0.3604764564421553,2.2658180203028793,1.1658976189742924,0.014351512609253478,-0.15643425472447056,0.0025076274513412787,-0.10671695434784317,0.17035387802145063,-0.06148219460998308,5.005811973056771,0.2873076889775529,0.001123606958379488,1.1104879903220548,11.394162503064324,1.8774472324763185,1075.3265091253666,5.0,816.9974289069426,3.538249699381789,7.022454402291175,Medium,wind_gust,5
50,19.334947461214885,-44.134416451876014,813.1866491539321,-10.232100838592991,0.12608016314387968,0.0898955770190238,2.105248255824544,6.279041552427871,-0.004292637731258528,-0.23389774875586372,-0.007103974528631427,-0.08405159962655155,0.1797843183763792,-0.08284365541434499,4.808059834367958,0.21365190540831236,0.0009787535305588596,1.1104879903220548,12.45628207637604,-2.0756367075141595,1075.3265091253666,5.0,934.5292557791596,3.538249699381789,7.022454402291175,Medium,thrust_var,0
50,19.04243892965731,-43.80804228253581,817.7020357151764,-10.384897810235968,-0.09532826820521874,0.03497355360373914,5.357579677905193,-7.532670150951995,-0.13459856995876,-0.24640842415057312,-0.08390248518233706,-0.10060161898177859,0.18368509078818998,-0.08801095987629663,4.150971812647682,0.20346685808576742,0.0011625572784224542,1.1104879903220548,6.496744351674202,1.6404647966119683,1075.3265091253666,5.0,815.4927953166485,3.538249699381789,7.022454402291175,Medium,mass_loss,-5
50,18.09772075594599,-43.76446975185478,813.6447765779723,-10.025144501244583,-0.14643134116600362,0.24904031981358168,5.666673940739684,-6.069790591381302,-0.05116440435280504,-0.15830148152152382,-0.034684122222016965,-0.0910656802346888,0.17874585384692138,-0.0757946780265389,4.974426656016924,0.2373085492282136,0.00096091680716181,1.1104879903220548,8.060044740462853,2.9290271005337134,1075.3265091253666,5.0,961.6058722058186,3.538249699381789,7.022454402291175,Medium,drag_change,5
50,19.52412812281951,-43.59467930119544,810.4671379383597,-10.496760073322069,-0.10239295386295448,0.16036308403685712,3.3128127493995967,0.7065256205240524,-0.0780422120608171,-0.1302055134686006,-0.05580924032152468,-0.0833298980579846,0.18604832666140073,-0.06630014820205671,4.854406855882343,0.1928672900955398,0.0010761349702646307,1.1104879903220548,8.933895707504396,0.45051690699019686,1075.3265091253666,5.0,938.9247984265046,3.538249699381789,7.022454402291175,Medium,wind_gust,5
50,18.167572348605898,-44.946745878771395,813.9264528587087,-10.603678968393655,-0.23798829955541348,0.12985336615508314,-2.503382007477573,0.7857593539547424,-0.09700554108241738,-0.23447562927646082,0.005962948018536714,-0.10586803066587944,0.19552372860431627,-0.08547771036958127,5.306904912456318,0.19160972276267668,0.0009023789053394199,1.1104879903220548,7.612889611516122,0.3521585778627598,1075.3265091253666,5.0,915.1542178840498,3.538249699381789,7.022454402291175,Medium,wind_gust,5
50,18.255041175909927,-43.892350954622366,810.4508256813898,-10.208068872980254,-0.26860631209776,0.31885610790996494,11.689138726941499,-4.303784008509099,-0.009610382266200996,-0.2533897558636667,0.04984137146051679,-0.10900588959737437,0.1834659614111742,-0.08783336090966752,4.9133503083034435,0.14844873624263466,0.001158255644950752,1.1104879903220548,8.212730519828254,1.1039285186636552,1075.3265091253666,5.0,855.2452518571191,3.538249699381789,7.022454402291175,Medium,thrust_var,7
43,22.14586708768943,-69.31138768291399,854.52938327048,-12.158438714875855,-0.3014691577880774,-0.31142715512017377,5.3610859242440965,-1.5272830586961414,-0.003957964152724383,-0.15046508637726339,-0.17303949004800628,-0.48098176535983567,-0.1577783635371832,0.3084564721599683,0.9142716536064115,0.22842403859031357,0.000391147921719366,1.0573978088142515,0.019739347387082162,3.938314424118295,2562.1026508225527,5.0,191.41102064564865,1.9891348702748743,14.93497030021252,Small,wind_gust,-3
43,22.28959291121659,-69.89660155556422,851.8429972027669,-11.753849785615,-0.4447242423176618,-0.1127807159740738,-8.379705095495508,0.5420623667645066,-0.20230733322605404,-0.10613337878055484,-0.1652026674335315,-0.49198337590639835,-0.16258826012839264,0.320415646434804,0.9958188051077181,0.10388429472730172,0.0003125010565754873,1.0573978088142515,0.5104338000063287,4.476706323541723,2562.1026508225527,5.0,187.4161574242244,1.9891348702748743,14.93497030021252,Small,wind_gust,0
43,19.24049298528474,-70.0143920480727,854.2951380738282,-12.062273274837722,0.11750262593954905,-0.24007772866093943,-2.2792243691514362,2.8746025790239904,-0.16922947867211693,-0.11336996861805904,-0.0971747730215429,-0.4616932015789935,-0.15687062745290906,0.29260970731324004,1.0447078550066846,0.15070285275989212,0.00035278598153221666,1.0573978088142515,3.2164524004212893,-3.7598555493672765,2562.1026508225527,5.0,210.80377267295182,1.9891348702748743,14.93497030021252,Small,thrust_var,0
43,21.336913062886566,-70.16216608901023,857.3059802875288,-12.096856669378063,-0.3486197460768849,0.47463502539107016,-1.9973274523642646,0.6459373666585523,-0.1085007608138061,-0.18362131718457464,-0.05027818046362389,-0.4729987249470172,-0.16371764140156886,0.2902586790800288,0.9186587120047313,0.11793099421989517,0.0003614272510904623,1.0573978088142515,-1.0916966380710487,-0.5311210250370825,2562.1026508225527,5.0,210.11975965322856,1.9891348702748743,14.93497030021252,Small,drag_change,-3
43,20.31452621292477,-70.49895774309222,849.3140519194959,-12.060891876211599,0.2100249231595087,0.22842578772125924,-3.0375132070335376,-0.14245763829919797,-0.16115199457335205,-0.20181149949219473,-0.07047745569335397,-0.46378074964169985,-0.16372031541367787,0.31965472472634154,1.008051280183003,0.27958629261277756,0.0003501225551838643,1.0573978088142515,4.343007037763034,4.359085279951551,2562.1026508225527,5.0,192.5923019130455,1.9891348702748743,14.93497030021252,Small,thrust_var,0
43,21.007221166995684,-69.33238239913024,854.0400660234535,-11.971372005250553,0.1114212103269092,0.14861394459854607,1.9655732802901702,-2.0227745877919796,-0.08007651161467577,-0.08031536487105165,-0.16074522160487256,-0.48265819060820186,-0.15867957084577067,0.29274233311135317,0.8749140249245181,0.2546561487940978,0.0002805298624296768,1.0573978088142515,0.4968691514490722,1.5178886395173414,2562.1026508225527,5.0,199.27065008419098,1.9891348702748743,14.93497030021252,Small,thrust_var,0
43,20.59640685691796,-68.9632716430628,854.7448613697336,-11.844648716877842,0.23904988344274156,-0.2323573828192271,-7.739562213679253,2.8027021265190455,-0.06090916913789057,-0.0702815509655282,-0.10951530795760267,-0.477725103038587,-0.16134472921607101,0.31001201177236243,0.9044703620482619,0.19738804566183302,0.00039098584385039483,1.0573978088142515,0.04996223603027117,2.7823079708435268,2562.1026508225527,5.0,193.5453672733187,1.9891348702748743,14.93497030021252,Small,mass_loss,-2
43,23.532381624717672,-69.77113522815029,852.2392966244415,-11.58874907811732,0.1516673559645023,0.1308707114403165,-5.954582529868634,3.393640346397095,-0.1517938798444482,-0.20733489441862424,-0.11680937648226683,-0.4801155174872707,-0.16116812411322684,0.28889475717278434,1.0077248549409714,0.25638431472582146,0.0002906896614393816,1.0573978088142515,3.258550157830843,-1.6210572596432526,2562.1026508225527,5.0,205.074487568888,1.9891348702748743,14.93497030021252,Small,wind_gust,2
43,22.119507506328087,-69.820197599619,852.0671361137304,-11.876363082289624,-0.740557404037502,0.1664252263305733,4.727253891332468,-3.1099707058882764,-0.05844879510080276,-0.19858508346391754,-0.1324699749271126,-0.48200926068869415,-0.1494392055333506,0.2858550966513552,1.0404840571801937,0.18475307169430555,0.0003831834658796758,1.0573978088142515,2.359050389225205,0.3024635764130382,2562.1026508225527,5.0,190.74215041755696,1.9891348702748743,14.93497030021252,Small,drag_change,-2
43,22.137869267293077,-69.73157200720742,852.1623086692474,-11.980311529112713,-0.12059129161708881,0.2789220674433472,-2.1602190712238714,9.037951610961537,-0.0903604376667997,-0.17944698157328998,-0.05080250001965051,-0.46801863082201806,-0.17549389157165304,0.29295985994785817,0.9560742791733619,0.12081960327899013,0.0004364512004317301,1.0573978088142515,2.946098910576426,-0.026665694072923775,2562.1026508225527,5.0,193.2787125995826,1.9891348702748743,14.93497030021252,Small,wind_gust,2
53,18.93201607633679,-86.05174228408733,1152.4335178158096,-13.693091637016995,0.27196324713298914,0.021675614471374744,10.28905588548881,-7.192055833972796,0.14084968081033467,-0.08944674774858825,0.16525346448381326,0.4056441965758582,-0.05230034546465829,0.01625089070273017,0.445489278401876,0.23774793830709823,0.00010809198216959428,1.0695787732550812,1.2923407974969836,-3.180283661360596,4010.776303294543,5.0,73.54829080709547,0.5691741905054172,26.760139860739216,Micro,wind_gust,7
53,19.426399289942,-86.0053615734179,1151.6399458154408,-13.728770670142913,-0.09147885572386948,-0.1509208198665277,13.423281695279925,4.035847578966111,0.11329879846809643,0.04884464055721821,0.12303183321080008,0.3961761117065959,-0.04266038607357807,0.01509364792706723,0.4097979922480015,0.28240824122853453,0.0001311242383527113,1.0695787732550812,3.2972892983603264,-0.9069368812926909,4010.776303294543,5.0,75.71491737831657,0.5691741905054172,26.760139860739216,Micro,wind_gust,0
53,18.873369357489405,-86.3269215577496,1152.1737290853573,-14.03578799916777,0.1717155696923708,-0.2581709368267686,-7.084682042378261,-8.34172444054363,0.1558030072057696,-0.13394702101002087,0.026962751973953855,0.3893800366364592,-0.056962068141155384,0.028974176051208438,0.4140392236356159,0.2914664831763639,0.00014107965934995623,1.0695787732550812,0.3007224175956277,-0.12725367489472514,4010.776303294543,5.0,81.45756119433182,0.5691741905054172,26.760139860739216,Micro,thrust_var,0
53,18.758278668116684,-86.74691664668312,1150.376573278227,-13.938215309616153,0.0037514973076273658,0.07824165619928948,-3.0509105438214763,-5.453942988782288,0.1871360880170042,-0.12148682666267352,0.12782055428095346,0.3886038254232451,-0.03959927315060011,0.02325888255725606,0.4643628502140356,0.23761509690707536,0.00015856564372369257,1.0695787732550812,2.6292267239979292,-0.44208889540434143,4010.776303294543,5.0,72.58700619606964,0.5691741905054172,26.760139860739216,Micro,wind_gust,2
53,18.28461893621614,-86.84247668514966,1152.7795613285675,-13.838680063033406,0.011272457800759682,-0.09440724863642773,0.6468400335190926,-11.903695527617487,0.07512413500453141,-0.052322452598548834,0.19513990024336625,0.3838597246695121,-0.05449664331400807,0.033420379726815254,0.4422982094661758,0.09861613641645757,0.0001222547400790742,1.0695787732550812,0.6347903051388324,1.4062803944720985,4010.776303294543,5.0,85.58010079177812,0.5691741905054172,26.760139860739216,Micro,thrust_var,7
53,17.17618372480733,-86.44791676453538,1151.4326765729122,-13.900029077548805,0.1093363037363153,-0.06592446370834648,6.235367331069468,4.340326212057332,0.26191476258363483,-0.10728669942659037,0.21310855444828952,0.3813060440246731,-0.05316272478505252,0.025820716671449525,0.4403580386659654,0.22891378991217762,0.0001220591725941864,1.0695787732550812,2.6163334128074154,-0.760978165687784,4010.776303294543,5.0,72.96955299314205,0.5691741905054172,26.760139860739216,Micro,wind_gust,0
53,19.63842955859813,-86.94899480291372,1154.3289999350777,-14.23072413223464,-0.3115668918107653,0.3877288123011248,2.950023805522356,12.701955488407169,0.17002574794759207,0.0019006619220638954,0.050406890827743564,0.3788294419728554,-0.043101104418126986,0.013069508941647386,0.4017295617497525,0.2583604541823579,0.00014086280807200962,1.0695787732550812,1.3221395054777412,-0.8982149376586304,4010.776303294543,5.0,72.93626214872009,0.5691741905054172,26.76013986073922,Micro,mass_loss,-3
53,19.420805968714077,-86.42766585822284,1151.8341678526149,-14.130231966387045,0.5765479167222561,-0.8660168412190429,-2.4832843897973516,-1.7186183904603998,0.2394538564126506,-0.059356362434961715,0.16826512176782155,0.4055631536138586,-0.05385592681032953,0.03699645255607456,0.3729695143883007,0.1473346837077269,0.00015820706460810104,1.0695787732550812,2.0380125243668425,1.289325189749204,4010.776303294543,5.0,64.50227087396337,0.5691741905054172,26.76013986073922,Micro,mass_loss,-3
53,18.992678749041712,-86.04493441250257,1153.0887752519693,-14.367869965143113,-0.09086557313969794,0.4038299383542773,-0.9665211322398494,7.35792541284947,0.16551538839282937,-0.04775923421067691,0.21703644817640652,0.3910303154190153,-0.04987246991685498,0.04336182144985526,0.42463851186485196,0.13395538587469197,0.00016288640848391515,1.0695787732550812,0.3604201361643087,0.31751210187508566,4010.776303294543,5.0,80.47375502185142,0.5691741905054172,26.760139860739216,Micro,drag_change,-3
53,19.83651401197132,-86.75127985945755,1156.0645264108334,-14.946801236254867,0.4373763072356344,0.27063225562293275,1.2414412577542708,0.40014478801055736,0.15883056090808023,-0.0279486235027203,0.14128760626091955,0.38568574430959646,-0.04303653093907991,0.046320849538390815,0.3862898893116817,0.31785459153851603,0.00012023336893890873,1.0695787732550812,-0.6206474881921231,-2.4897794389852255,4010.776303294543,5.0,76.07973716520034,0.5691741905054172,26.760139860739216,Micro,drag_change,-3
71,12.734821218379832,-87.37151423982459,561.9198533938477,-11.851055114476491,0.08020402482757887,0.0760244279622899,-3.516877027471592,-0.6170942852407286,0.17310895624237818,0.1248380038947013,0.15916601205577527,0.09738257447062626,-0.05927679726149,0.35337123460355363,4.173445748389674,0.26942628830551074,0.0012723175254567847,1.1495759768199771,2.402426871755282,-0.33419049111376575,4365.232584853584,5.0,512.4892256612202,3.4745426774954797,43.824972417746416,Medium,wind_gust,2
71,11.74517810813418,-87.34328626368405,563.5071079446176,-12.311758210625934,-0.11913459947035585,-0.0124415333997443,-5.495196122659296,8.983326008375085,0.13022109887835673,0.09592574556171232,0.07354721897185723,0.10771383694784693,-0.04455816662849982,0.349007459698626,4.561042617138134,0.21003493471444393,0.0010650421003737549,1.1495759768199771,2.6407152045241995,-1.4988319739139466,4365.232584853584,5.0,500.08293628605276,3.4745426774954797,43.824972417746416,Medium,thrust_var,12
71,11.720314039695628,-86.82974757746824,561.9258272569285,-11.954689471382038,0.25553164907789194,0.334414380543815,1.0101078491895836,8.000618432401092,0.1949615906844874,0.1361501992162684,0.10733689707998531,0.08341594587458209,-0.045888381653877576,0.3593809561308623,4.378350951243341,0.22403729137781458,0.0010649744071346452,1.1495759768199771,7.356260435884807,-1.0559297683562763,4365.232584853584,5.0,502.4072555864594,3.4745426774954797,43.824972417746416,Medium,wind_gust,2
71,12.297119295273477,-87.18883568909898,563.0577117284558,-12.091962656799161,-0.08048945311741655,0.0523629179859307,-7.868147855208987,0.40674441673382183,0.19673655263265405,0.10490549414306655,0.11768898424867719,0.07861398226945453,-0.06259035474408778,0.36048153054065435,3.9787655286424695,0.11115871692119877,0.0009228913355493216,1.1495759768199771,1.3969114344449667,1.549160995463483,4365.232584853584,5.0,474.07192165020683,3.4745426774954797,43.82497241774642,Medium,mass_loss,-1
71,12.132879767688006,-86.64435963921159,562.2014589623441,-12.717361460393587,-0.5170343978322968,-0.03630922850346343,-5.128211212689208,-2.182579431881338,0.24570749932408986,0.12670510568103982,0.08493957772554324,0.09281654888638445,-0.030877672243692134,0.35716641727699217,3.1783699312535627,0.232503828826299,0.001074301584552796,1.1495759768199771,3.5099143330205567,-0.43835451732193553,4365.232584853584,5.0,393.38499935943105,3.4745426774954797,43.824972417746416,Medium,mass_loss,-8
71,11.010830843839218,-86.91606803996561,564.8390410888596,-12.065538991473915,0.5233751610225745,0.2579500684402373,2.841366885763921,5.431903556029189,0.1895643654444677,0.004757066273619159,0.09750566888946384,0.1017007163489443,-0.058163132315477595,0.35613865470869305,4.096198278978185,0.28919612976008846,0.0012129252102460477,1.1495759768199771,1.561931831747646,0.294596000778168,4365.232584853584,5.0,475.04505741361316,3.4745426774954797,43.824972417746416,Medium,wind_gust,2
71,11.669615838927644,-86.24627991421563,561.404833183708,-11.860873515678087,-0.007197631464834513,-0.24873291403064376,-5.052000266398488,-3.144280437419959,0.1691728025426301,0.15948444656279556,0.09891303248846131,0.08464491865866257,-0.058898770363515374,0.3464329583464602,4.0458785317500965,0.24940144589698005,0.000983419703127519,1.1495759768199771,2.449117822917573,-1.3332251659617043,4365.232584853584,5.0,483.98650343072364,3.4745426774954797,43.824972417746416,Medium,wind_gust,2
71,12.862909884225322,-87.18900264218657,562.9015266930203,-11.729226557224619,0.27246663797878506,0.13393475964501914,-0.01152893685412731,-0.058227744170765226,0.1849015977675169,0.14974292753621843,0.20803270425218884,0.11446169690409387,-0.04718461086045914,0.3368406190406261,4.1163153638851755,0.29057484409358836,0.0011129505960024455,1.1495759768199771,4.181762596519096,-0.3336758228095215,4365.232584853584,5.0,462.5409220077382,3.4745426774954797,43.824972417746416,Medium,wind_gust,2
71,12.194922947555321,-87.56201180416697,561.9632424287053,-12.431126186366713,-0.24321997590993658,-0.542985497342319,4.407622854893841,0.7837316879295655,0.1848513374954648,0.1267756759167434,0.12605091733884924,0.10592042678897014,-0.05777494683284204,0.36115694774385426,4.380979916828092,0.2570994614197879,0.0010838775635353386,1.1495759768199771,4.307507311683806,-2.5165391410797127,4365.232584853584,5.0,471.88764074525653,3.4745426774954797,43.824972417746416,Medium,drag_change,4
71,11.538502645535944,-86.8027670951043,562.5651528840665,-12.391027969523428,0.2670173197426379,-0.18217842422582534,-1.0010062715018493,6.9961397503557965,0.24985299017195634,0.2080175017569032,0.10835632761628655,0.10203606512631047,-0.059576747192181416,0.34930435101384183,3.8140547640987483,0.2836434100949265,0.0009486210090676076,1.1495759768199771,3.0766044625349847,-1.8206486838565679,4365.232584853584,5.0,508.87098189171826,3.4745426774954797,43.824972417746416,Medium,drag_change,-1
81,10.120415711321911,-83.48031279881755,504.01109285888214,-11.735588034436779,0.08800306257816877,0.547799163522314,-2.424772133991314,2.3075902318905657,0.19521766913002536,0.31168670321037617,-0.37823820824157883,-0.32031529872867665,0.15295525356041817,-0.4757338376922908,6.312508429072226,0.1349373687803951,0.0008797404809114731,1.251713005820601,7.465071050596087,0.023873560362775936,4302.914621631029,5.0,595.3743215090839,3.436911684360414,48.79430557607692,Medium,wind_gust,2
81,9.556555779058211,-84.08408766574476,508.2377175262643,-12.110347516397479,0.18473294764142645,0.3546453241881771,1.8988038235887617,1.1609044325109679,0.2966595631994752,0.3005433658345775,-0.26280065525708013,-0.34046500151760256,0.17201450031172802,-0.47401622791612386,6.0336972967747,0.23554945087634316,0.001121415064360449,1.251713005820601,7.896244383467395,0.2634736528949845,4302.914621631029,5.0,556.7788440613837,3.436911684360414,48.79430557607694,Medium,mass_loss,-8
81,9.440758220146801,-83.14467568885236,503.04431695651084,-12.078629550111174,0.16530511806788983,-0.22004462000348382,-1.5041297801614935,-8.136558639736577,0.28596207194536116,0.2564586051737779,-0.32860204199688914,-0.3301893064265157,0.15556745189827065,-0.4826759897539863,5.9356761476520985,0.29027872163434076,0.0009415612290824218,1.251713005820601,5.598510532144345,2.021679470040627,4302.914621631029,5.0,711.3690810056277,3.436911684360414,48.79430557607692,Medium,drag_change,-1
81,10.510808965592553,-82.93413761517326,507.7610352170171,-11.769339002099118,0.1795613743321083,-0.19624921654263322,-2.210185741949377,5.290650493661845,0.25077587438658017,0.19424606435278752,-0.31895498323342997,-0.31270510662749984,0.14841413644932022,-0.47125076034502594,6.211435413254559,0.23817127772426833,0.0010591790797178464,1.251713005820601,2.8096612561873986,0.5360639741719602,4302.914621631029,5.0,553.8021492365891,3.436911684360414,48.79430557607692,Medium,drag_change,2
81,10.322646207148646,-83.74271694825615,506.923892230848,-11.674423832118828,0.22000446980671143,-0.21717245674628202,-4.5068485742112285,-2.0333435951922185,0.2550800988214366,0.2989896917197568,-0.25231383784237776,-0.30924893261433684,0.14880958164805724,-0.5080028142297688,6.277530300146776,0.21153289626041785,0.0010770449879096604,1.251713005820601,6.3992392810855625,-0.9925550661793983,4302.914621631029,5.0,656.498317531246,3.436911684360414,48.79430557607692,Medium,wind_gust,2
81,8.25284917214529,-82.87945194906109,506.6709986626204,-11.244921291693787,-0.6377504312911743,-0.02901723002761429,0.8484796230171681,-5.743593672880998,0.23510589093010498,0.3068078759691995,-0.28626999151014226,-0.34338593334231743,0.1582628022707875,-0.48383249658467653,6.1604621816459675,0.2098828696340399,0.0010157225410459508,1.251713005820601,4.9868176562004605,-1.0084187491637062,4302.914621631029,5.0,597.0903135047785,3.436911684360414,48.79430557607692,Medium,drag_change,9
81,9.193430077976643,-82.4680175743831,505.00325573853144,-11.510469251444851,-0.39973450436836977,0.35135028981184396,-7.324873730524445,-3.342274554265888,0.2267078300706762,0.17095802852488537,-0.2874277011158076,-0.3102382722713214,0.1804335553164363,-0.47355575039403036,6.766549226889563,0.21160473189642687,0.0010553676917475553,1.251713005820601,5.107733436263646,0.39015385084520426,4302.914621631029,5.0,620.922822263866,3.436911684360414,48.79430557607692,Medium,wind_gust,2
81,10.145270554805943,-83.2757615838795,503.40618953849287,-11.890905362566581,-0.03389808890630463,0.240507971476793,-4.304841836317277,1.1758521848929029,0.1981788020376984,0.24492948730538414,-0.26897018774544823,-0.3228189511784997,0.15931284105292262,-0.4664835502923895,5.549282885656001,0.22478627192114822,0.0011930687799466442,1.251713005820601,4.8577654393064655,2.7603960317960636,4302.914621631029,5.0,558.9881855037137,3.436911684360414,48.79430557607694,Medium,mass_loss,-8
81,9.554052770481672,-83.66075619480715,506.5601727382232,-12.116100272422196,-0.1498906209337449,-0.018368812560593115,4.976451997610157,-2.8911008331045993,0.3322761770960976,0.3056302168232194,-0.34571949587877976,-0.31707090851083825,0.15092869187182084,-0.479516819502152,6.3192092123665144,0.1998247136620663,0.0009634979328639656,1.251713005820601,4.112647417795628,-1.5025111873893473,4302.914621631029,5.0,608.8736298485985,3.436911684360414,48.79430557607692,Medium,drag_change,-2
81,9.895517149433164,-83.3950965466865,505.67928580252124,-11.671899300703815,0.3233438452038096,0.027377534040900767,-3.4640079385938427,1.6710528185016016,0.2651299832735521,0.202398343909975,-0.30458134797086983,-0.32598974267562414,0.15448732739555765,-0.47122417771857406,6.240019193233455,0.21588059807169718,0.001017293274670711,1.251713005820601,6.04848950606521,0.06471310565337349,4302.914621631029,5.0,670.4641100758793,3.436911684360414,48.79430557607692,Medium,wind_gust,2
49,19.954148042569116,-82.79834819696202,561.6688453339674,-11.607351050223029,-0.21122420775168166,-0.46218683621699785,2.5751870971562223,-3.243670819991377,-0.08996093862258922,-0.050388829802193835,-0.019793516588580914,-0.11419520574026842,0.3572377209139877,0.41787680114752984,5.0273959390627505,0.2284407505775094,0.0010701689118080286,1.199053363717856,-0.6448195373403647,0.29084603234975975,4085.220786774931,5.0,1003.1929544834233,3.181157508959113,23.913026822501777,Medium,drag_change,1
49,17.891652358959373,-82.21444642597355,561.340211552308,-12.214945439908762,-0.5786044304588527,0.18353611470079897,4.376450267082644,6.710113754966237,-0.05315383426003359,-0.1050256462674895,0.04195214411425004,-0.0959704592132533,0.3609771638866188,0.42954525783500924,4.944560714957424,0.27404431453266664,0.0007969784517428994,1.199053363717856,-2.077076877097463,-1.1936583762314261,4085.220786774931,5.0,885.7413882679062,3.181157508959113,23.913026822501777,Medium,drag_change,-2
49,18.877156570858656,-81.92791527768294,560.4162866969057,-11.948573576943287,0.24953498202037078,0.13442424724401292,6.755659959250818,12.443373479193841,-0.16884655323935516,-0.08285696785505538,-0.006764213523241018,-0.11456584368543915,0.3628199404541669,0.43701917126064277,5.353558120955933,0.2123666365152942,0.0009527945027150143,1.199053363717856,-3.594758490812235,2.809045678895436,4085.220786774931,5.0,1015.6685695617637,3.181157508959113,23.913026822501777,Medium,wind_gust,-4
49,20.012368561100814,-82.7412357612222,557.7342910235355,-11.994929461062412,-0.7102432960119834,0.10613118926741684,-4.896501151413177,0.8168017745790024,-0.046274607065554973,-0.11387759667797101,0.030479681274249406,-0.11426782991923327,0.3811089511598017,0.42560944906591,4.968850935364375,0.23436192251976443,0.0008980064030567013,1.199053363717856,-4.829917250083019,-0.9556797014075823,4085.220786774931,5.0,935.5907375056566,3.181157508959113,23.913026822501777,Medium,wind_gust,-4
49,19.56312774646989,-82.55911771351694,561.1878277228866,-11.872464689791327,0.1561939274187202,-0.05029769478873121,-5.070869719136352,5.238801821206898,-0.08057572298764337,-0.06071097738376729,0.007235242469511471,-0.10224451975146044,0.35595968270433265,0.4348677789327101,5.043400467045431,0.24010166782934,0.0009208588812912947,1.199053363717856,-1.923579074461562,-0.8675905994190455,4085.220786774931,5.0,968.799168646573,3.181157508959113,23.913026822501777,Medium,thrust_var,1
49,17.173280543528143,-82.39610702912567,563.2602400703435,-12.041253152452782,0.23618189640035533,0.2793347725172803,-3.0198994330361195,-5.507418784884786,-0.21371243977651883,-0.08457030359855576,-0.061459787849099265,-0.09831784611580037,0.3607014220376345,0.4189569178256165,4.433214746494659,0.2994410026891897,0.0009368499985866635,1.199053363717856,-4.710027148372889,0.24808361554404293,4085.220786774931,5.0,932.8945609392936,3.181157508959113,23.913026822501784,Medium,mass_loss,-4
49,20.906518977731235,-82.4911081275743,559.1507741035795,-12.174201283407585,-0.06027613134016861,-0.07258392004354454,2.8812990098568276,-0.997697607151179,-0.1272533087458098,0.0016800749323719472,-0.10956148041445556,-0.11044775733131451,0.372865521745734,0.4355302996868167,4.935129540998646,0.3010785939942002,0.0010984423468403059,1.199053363717856,-5.458087649590752,-3.2214068322149925,4085.220786774931,5.0,862.7579209160227,3.181157508959113,23.913026822501777,Medium,mass_loss,-2
49,20.123151336199893,-82.39848274937866,562.5045305259098,-12.216689695127995,0.5326472547720145,-0.44375880550733,0.698258371079483,0.32512315594390057,-0.07131433583855554,-0.10863285578581597,-0.1097667617711833,-0.10836570409138982,0.3663893080613319,0.4441569692923686,4.387554284599761,0.257734688335836,0.0011612058888490686,1.199053363717856,-3.902547996869956,-2.581884438986448,4085.220786774931,5.0,829.7525719167072,3.181157508959113,23.913026822501784,Medium,mass_loss,-2
49,19.821771515485047,-83.08903783183767,562.1520455159746,-12.602013563009905,-0.1804505360465318,0.16316490430913372,5.601314602752808,2.3637607089961414,-0.18149419483333357,-0.014797255471291931,-0.0795406182274932,-0.10379194873812823,0.35251866569321727,0.4215289131542705,4.721361928177078,0.206947929464086,0.000920564535535573,1.199053363717856,-2.129199346563619,-0.03726967734621583,4085.220786774931,5.0,828.3674068598045,3.181157508959113,23.913026822501777,Medium,mass_loss,-2
49,18.873057204451907,-82.93487911175421,559.6104053373558,-12.151629784291202,-0.056430862663515456,-0.10580546969867445,-3.103668733012783,-3.4739073736758277,-0.09738435483596936,0.002440210444144275,-0.023128915705028952,-0.11069724225277944,0.35422813621201216,0.427030277079985,5.495528797639427,0.25187305517544867,0.0010298090874709045,1.199053363717856,-1.2752805633853168,0.8734651111296702,4085.220786774931,5.0,956.4923130617061,3.181157508959113,23.913026822501777,Medium,thrust_var,6
121,10.660671686026033,-84.83725001466101,990.9385627463661,-11.390556624349873,-0.5153016445090188,0.07084272296373031,4.524810207470999,-1.1290337453802093,-0.08322752361955661,-0.10996940393118536,-0.01981507254880175,0.29551364536190894,-0.49705823120297987,0.13907712370878142,5.934122450732013,0.26840471184074494,0.0011210128060193038,0.9922905985230787,24.93010412398434,2.499420840368637,3574.238226761187,5.0,556.6103992431978,4.630527595645274,50.62419575397599,Medium,wind_gust,2
121,10.011960372496164,-85.14825305782612,987.8950258052957,-11.268474202259785,0.0768588738579147,-0.5172289084779537,-1.7121429669728623,5.801470649600217,-0.12263369746243942,-0.056101929022368505,0.06398076514821949,0.290448905734974,-0.5033015033085265,0.14409652420281077,6.429100522851307,0.1626863489184448,0.0007607685814935679,0.9922905985230787,23.55736108096039,1.0870684549318266,3574.238226761187,5.0,568.3116572554745,4.630527595645274,50.62419575397599,Medium,wind_gust,-1
121,9.843918265869952,-85.10170121314471,988.5569691838786,-11.44707555012287,0.6259126252654055,0.08367370952458286,7.328586208520299,-3.97031128518011,-0.21762917922073716,-0.1236624982083507,0.011816555945009452,0.29655094775213187,-0.4977416716179069,0.12364552671056292,6.200402086603263,0.20876930622699735,0.001002546350612364,0.9922905985230787,27.9492567839461,-0.7277875790178461,3574.238226761187,5.0,623.3671337019745,4.630527595645274,50.62419575397599,Medium,wind_gust,2
121,10.196687813972318,-84.62908091539596,987.4520088497467,-11.057693832452612,0.3386674720327049,0.4392040790406766,0.15378581841846217,-1.8014459803981389,-0.18876435976501377,-0.034094857218067806,0.007292796216680705,0.2943123791020232,-0.49076831418271444,0.12478415322706582,6.49555867181734,0.19911294610550728,0.0007954853385548078,0.9922905985230787,23.66838682038437,2.616370899940528,3574.238226761187,5.0,560.1214665190575,4.630527595645274,50.62419575397599,Medium,drag_change,-1
121,9.746763129816939,-84.8132400281725,989.5668363397336,-11.126161921833761,0.39334868898108494,0.2592209946416841,1.5306727655137766,-1.1552976842044929,-0.21464273480706245,0.022402856395701734,-0.005063500688133424,0.3028224119041987,-0.48563664972323295,0.1258246314263759,5.91532278888413,0.23821066016694278,0.0010986286350263593,0.9922905985230787,24.069699245067603,-2.5717280345594298,3574.238226761187,5.0,521.7804212583527,4.630527595645274,50.62419575397599,Medium,mass_loss,-18
121,11.065871108420835,-84.4912415419892,993.1741576455727,-11.156863146771691,-0.022178975020441218,0.3056072551273223,-6.995887906136162,-3.2918660681320593,-0.10794804174542333,-0.061852299120990675,-0.015335396414639914,0.27987773436180113,-0.4828591536358169,0.11084359256002,6.368526537735633,0.17334777823066516,0.0010348450724954117,0.9922905985230787,22.924095578303216,5.229597870723539,3574.238226761187,5.0,599.4736957510834,4.630527595645274,50.62419575397599,Medium,drag_change,-2
121,10.32236096298361,-83.89269926460491,989.9825191428472,-10.982384871775439,-0.1858909271749393,-0.2643943986968231,16.381996725565,2.7001209849462167,-0.1266733265330193,-0.04501219906869802,0.10328513552622368,0.3002640485800478,-0.488070086723895,0.12079175361286398,6.477031520265116,0.18816197209812296,0.000999686053020782,0.9922905985230787,21.578152268531632,1.260359184730227,3574.238226761187,5.0,521.7802217795586,4.630527595645274,50.62419575397599,Medium,thrust_var,-4
121,10.494668504197007,-84.35557269004524,989.4717978663824,-11.586501795389756,0.4914862680789011,0.17905684905880795,1.241618224290943,-3.7662210454175864,-0.10671919554075243,-0.11384685870953115,-0.020888142589011047,0.29733520594415946,-0.5202572307847538,0.13748820355913896,6.2896774101716995,0.182359822068207,0.0009122057320157919,0.9922905985230787,24.769750368588227,-1.5782547550946833,3574.238226761187,5.0,593.0763212395996,4.630527595645274,50.62419575397599,Medium,drag_change,-10
121,9.98398183857288,-84.72949494373125,989.027489623391,-11.235295155669942,-0.45414915037345605,0.18926268107884667,8.824569027753856,13.961044339549806,-0.150490592264178,-0.03536338062054879,-0.056111133445880215,0.31121329169692613,-0.48847002040222587,0.1265381019459169,6.555203520490155,0.18727619616773294,0.0008938539473505607,0.9922905985230787,25.959062028776007,-2.126708999660637,3574.238226761187,5.0,617.6711348728128,4.630527595645274,50.62419575397599,Medium,thrust_var,9
121,11.09985902008069,-84.54069085894868,990.0797326734066,-11.386631759560688,-0.6650464511711525,-0.25446983105043036,-1.7695187750652155,0.8805248801545393,-0.09206993737488861,0.027103693581039437,0.0465335051396229,0.29824204155529993,-0.5011358231245856,0.1142264349622005,5.532808474057174,0.18972494601269888,0.001028130949285007,0.9922905985230787,26.04742124108492,0.4430904478021205,3574.238226761187,5.0,527.3591780532072,4.630527595645274,50.62419575397599,Medium,mass_loss,-11
10,23.2106062434472,-84.24660531638548,646.9900345790571,-11.539101145548942,0.10831570258081005,-0.10788441355546834,9.333125393133745,7.993454222065654,0.40128444594950885,0.15433367472706302,0.22992597433930928,-0.21631100106485274,-0.40060876501921117,-0.38644837601113735,24.235352519920454,0.1724817236134248,0.003494732595133842,1.0965720647031207,2.8663730132177885,-2.6874047695773755,3893.941853098891,5.0,4695.533964793345,7.546325217276704,23.102514154070978,Large,drag_change,4
10,21.871263264757257,-85.06644391251214,645.2433804674097,-11.636070576240467,-0.021932190602681555,-0.2372312757256061,5.079686117817781,-2.016898729843413,0.21305430097194417,0.08663441489844936,0.2911935399689777,-0.21389603054338216,-0.39316435318466064,-0.3921616743769194,22.56861079136193,0.14621316757791944,0.003596943746645427,1.0965720647031207,0.16551013531717285,-1.4721273069370284,3893.941853098891,5.0,4433.235506318507,7.546325217276704,23.102514154070978,Large,thrust_var,0
10,22.170240092676863,-84.36905228305417,645.4730625658332,-11.841163254531498,-0.38036967554690526,-0.3243902474517294,-6.705173961463045,4.2499720723443755,0.3619416670235433,0.19097033730568455,0.15226110930899223,-0.21509682839973726,-0.3813942420060269,-0.37804226033357746,23.148001223563686,0.18827588816865587,0.0037451623746112433,1.0965720647031207,6.856182575510953,1.5207308556427643,3893.941853098891,5.0,4416.388975911982,7.546325217276704,23.102514154070978,Large,wind_gust,0
10,20.69806170544436,-84.53610035766835,647.3909859259662,-11.913066526695706,-0.21747120954743795,-0.2686637654151919,-5.712976347436315,0.7651695868719406,0.2616668790180156,0.2135387940027563,0.14141904719243598,-0.2312881512131375,-0.3935282977606886,-0.37306212203637423,23.620484107265284,0.17053047025747786,0.003199198942112517,1.0965720647031207,3.109992468745334,-0.08496824508564098,3893.941853098891,5.0,3972.3834882281367,7.546325217276704,23.102514154070978,Large,wind_gust,0
10,22.38562808692868,-84.2221636050331,644.7784643842,-12.037905618705354,0.319462858268193,-0.13809427249981415,0.16970488717865057,-0.16414713621988775,0.1675809961853364,0.1485353529800976,0.25084513247083784,-0.2205485283359052,-0.3894258588975882,-0.37992045860529755,22.227558128841427,0.17424248596770975,0.0037060595635852707,1.0965720647031207,5.952682474645836,-0.4681960764139202,3893.941853098891,5.0,4102.210912784807,7.546325217276704,23.102514154070978,Large,thrust_var,0
10,19.20487618452046,-84.79979468825427,646.879009753459,-11.984613806447625,-0.03866321360662607,-0.15272814159347084,2.4267995377659504,-4.245524254951118,0.30259688753907055,0.15254541074128558,0.18326809470525948,-0.22643754465634347,-0.3977981631207919,-0.38824722636774844,20.19562453197431,0.015581735428577798,0.0034555270493671158,1.0965720647031207,3.622544610845443,3.01012407721666,3893.941853098891,5.0,3668.128994696143,7.546325217276704,23.102514154070985,Large,mass_loss,0
10,21.984125304110695,-82.72680632698376,644.8325174704613,-11.986336630633991,0.14305877546461712,0.06753109775222361,3.93948012079448,-1.2404751593633154,0.25418640409321364,0.112792000610408,0.21101313931467075,-0.21104832865673967,-0.4034420597678836,-0.3852921490430838,23.03907147539129,0.16896409384787012,0.0030625510580829197,1.0965720647031207,7.131393963799095,1.034381060766757,3893.941853098891,5.0,5103.369388063806,7.546325217276704,23.102514154070978,Large,drag_change,2
10,20.49431034581184,-84.83412175573864,646.097820410329,-11.704766152542472,0.003954078266006826,-0.2306154781555096,0.5022647522605734,-10.33815277044175,0.2982518459461793,0.2539705991912361,0.13987962909272683,-0.22413042247103224,-0.40279048679743285,-0.40286946834754006,20.80230389002134,0.14095820415039323,0.003668021081540223,1.0965720647031207,6.703958662494591,-3.045429019581011,3893.941853098891,5.0,4569.533091466021,7.546325217276704,23.102514154070978,Large,wind_gust,0
10,19.476953375692105,-84.49532670570652,644.9509604090744,-11.568546702126254,0.18705049227615672,0.07811240055283834,2.660003881443624,0.012345380700266646,0.22977943004235196,0.18910449658630962,0.2593059181514834,-0.231965758202756,-0.40515234882183176,-0.3902197718679225,22.751362949859605,0.19919180826906172,0.0036494805340889225,1.0965720647031207,4.7256836571518965,2.443636038898716,3893.941853098891,5.0,4624.471719895486,7.546325217276704,23.102514154070978,Large,drag_change,2
10,21.88059295874197,-83.82238539234748,643.890667239262,-11.83739945588506,-0.07016934013607819,-0.05882796320308136,2.0484267187327485,-2.984967942104662,0.36196376432910093,0.18110163220203657,0.25906909228199543,-0.20550666551552035,-0.38372755091020055,-0.40184811903531664,21.260137238323658,0.24253596972303237,0.004094396925129544,1.0965720647031207,2.1790948973282593,-1.3140704740346478,3893.941853098891,5.0,4240.988860779018,7.546325217276704,23.102514154070978,Large,mass_loss,6
49,12.220903261860636,-20.46524807486073,1155.448392266971,-9.965635457321856,0.4086194870782432,-0.10933624048468249,11.006953561439675,-10.310890523740735,0.01692521357069665,0.2016718900319443,0.21816274328946622,-0.15322916560954836,0.32118538082508363,-0.4481711693961053,73.68385740529669,0.2074933545693889,0.010120175095526106,0.9429581974800074,-3.0626488165134202,-0.6893225719240368,191.15066220169848,5.0,8267.544331177824,9.026458051439608,5.0,Heavy,mass_loss,1
49,12.308271551147723,-19.935147560918956,1157.0965050464172,-9.763692018393233,-0.11494457361775323,-0.15911520571632984,-9.496585773965794,-1.6396155369778893,0.00611296047724029,0.10349243573286793,0.16835655216154566,-0.15964628997602043,0.3185979952161914,-0.45463833190346503,79.27340197987645,0.17593325863797532,0.0104380623248908,0.9429581974800074,0.8284435439253682,0.0030522570792583664,191.15066220169848,5.0,8704.036297299954,9.026458051439608,5.0,Heavy,mass_loss,0
49,12.675733941363129,-19.77860087500709,1155.430230603105,-9.733926102657923,0.4403551334991929,-0.009078917279095726,12.99411450037291,-8.620309054340177,0.12893028221272237,0.19378904498571659,0.18394971041194189,-0.14663815050412093,0.3175920298377436,-0.4508516168702655,93.27562954654127,0.2301236718141182,0.011160530069652121,0.9429581974800074,-2.1374947713413084,-0.4555419582472693,191.15066220169848,5.0,9467.268852203897,9.026458051439608,5.0,Heavy,thrust_var,2
49,12.913438134436618,-20.03510306463711,1157.3829675157026,-9.638405806458366,-0.2805788385894055,-0.1332050931332812,-8.400023727649241,-6.271622795239978,0.19040770350625777,0.17007835685670142,0.07084743618303281,-0.13264630329139387,0.3134594691959017,-0.4488835624978041,87.496989049161,0.28324953500413497,0.009565525171274729,0.9429581974800074,-1.5802136315679074,-5.378085029516917,191.15066220169848,5.0,9347.201318760268,9.026458051439608,5.0,Heavy,mass_loss,2
49,10.643185691640742,-19.387822550459198,1153.536130238097,-9.662548151001577,0.21633585626275578,0.0958662303659631,-2.6138747410828183,2.513986472627886,0.1466633532049948,0.08617210335089277,0.18820119898065374,-0.135285848118292,0.32342695556707063,-0.46067281736194915,93.81201948760683,0.22541564780812617,0.009082076680911225,0.9429581974800074,-0.8344664747443338,1.6381098768413995,191.15066220169848,5.0,9991.096628059338,9.026458051439608,5.0,Heavy,wind_gust,2
49,12.033613605834558,-19.766674353310734,1153.7681168189818,-9.627179850430405,-0.05464274870112631,0.48812228054279977,-2.297277076925915,-3.4079890629370606,0.0868221391302214,0.16046198022125854,0.1256648877485273,-0.1388694603614092,0.3166251856072596,-0.45494414640102704,99.64224340737499,0.2178633431766278,0.010551393085504604,0.9429581974800074,-3.044894831585793,2.70857504669,191.15066220169848,5.0,10463.906371488622,9.026458051439608,5.0,Heavy,thrust_var,0
49,11.50720284111095,-20.298557781999666,1161.4870151733562,-9.927612214262968,0.10806781112322862,0.1623963882024835,-5.003146862416203,-4.275477372046025,0.03393799094936133,0.09116409147977758,-0.0031189901341795723,-0.13914876922972816,0.3410383830704158,-0.4538148611907728,83.27390787493206,0.16786118085500262,0.009645238541561688,0.9429581974800074,-2.1349244116345893,1.7203652767903133,191.15066220169848,5.0,10336.64697844264,9.026458051439608,5.0,Heavy,drag_change,2
49,12.208862853379657,-19.935443463032563,1158.7424694110032,-9.56269035454564,-0.16541409996796097,-0.27174288697713606,3.9135756775275166,-9.416810473155792,0.1269403025479108,0.15930957660176878,0.022107389151068357,-0.15095795983376809,0.3362561899139349,-0.4698648338882975,77.57581144571,0.14975473500031078,0.009392440255113488,0.9429581974800074,3.732882783646839,0.24688869157227888,191.15066220169848,5.0,8728.573743851206,9.026458051439608,5.0,Heavy,mass_loss,0
49,11.770701320395235,-19.47457589900366,1156.8181713203064,-10.257291916712555,-0.056410885766000486,0.04789816966437752,-0.6598882101589459,2.875539104948853,0.0660197045844811,0.0722924700473861,0.08940007111596837,-0.14975226668295982,0.31525295849537155,-0.43123184500110534,95.24436599601526,0.2343354602174283,0.010560002301362018,0.9429581974800074,0.49978961399643496,0.610001090419457,191.15066220169848,5.0,10015.289064702392,9.026458051439608,5.0,Heavy,wind_gust,2
49,11.1692157319303,-19.222103291885816,1153.5311843236589,-9.518810027971899,0.028040874687342385,0.125528379145994,-0.8283454686482563,0.15550329056645915,0.12364333950699243,0.0536302550836035,0.10677620347698441,-0.15304516607575103,0.32497049249321325,-0.4552494065970995,92.3899189337641,0.20823875020906782,0.011179263229495091,0.9429581974800074,-1.5803034392253454,0.1163115597004755,191.15066220169848,5.0,10485.214364688949,9.026458051439608,5.0,Heavy,wind_gust,0
20,33.53714755044594,-49.15907773234843,1131.787839861941,-12.43003889633457,0.14980867393107333,-0.1019144554928714,2.2030362848496954,1.3383193160560447,-0.05569412225518387,-0.0034799618800231743,0.08130112870470824,0.27911079512837217,0.011078487156396567,-0.1781807764923198,0.21657517897764422,0.15478109099236365,0.00013648638631656373,1.1135073964105182,23.193565122214604,0.0698249376524607,1319.8690170717734,5.0,62.25738585199408,0.7321339128001562,5.0,Micro,mass_loss,-4
20,31.913958548730935,-49.03785946896421,1131.8331099971024,-13.122907165223445,0.088557918512526,0.09371617302349343,6.693889852105311,-8.801312502900045,-0.06092851738571106,0.05523947427261686,-0.022252020465106687,0.2756387938577851,0.0394074456685932,-0.19338242000154554,0.21773226734821813,0.15767440777781946,0.00011423151038237993,1.1135073964105182,20.5516582791301,-1.0457051740725738,1319.8690170717734,5.0,67.13318397539975,0.7321339128001562,5.0,Micro,drag_change,0
20,33.1988572396671,-48.812849458739706,1134.2512659268323,-12.732043327368569,0.0937867901616987,0.05569749682935486,-4.355063315568566,9.749977902086588,-0.022814002730672016,0.00802793193634513,-0.08280953516547215,0.2735573647827419,0.05011645333768184,-0.1858099965744998,0.23182609948882457,0.24752738659967563,0.00014042573317036644,1.1135073964105182,19.46684260772997,0.944527762452346,1319.8690170717734,5.0,68.84623491369683,0.7321339128001562,5.0,Micro,wind_gust,0
20,35.20576106918648,-48.40409345285271,1132.840529396318,-12.395121936603738,-0.09385094191545665,0.3092758015100721,-1.4403139917563932,2.1551147900544656,-0.01940026780211262,0.012167841413439979,-0.05029500227379555,0.28863930960571266,0.01943964688840664,-0.19068520050027102,0.23268145129631165,0.2488923782327166,0.00010890821945818782,1.1135073964105182,19.155505733876762,-3.6239786751241083,1319.8690170717734,5.0,61.793790313712805,0.7321339128001562,5.0,Micro,mass_loss,-4
20,32.43054635760763,-48.705256846602865,1132.3603178221529,-13.407143301947926,0.3248002354276123,-0.0681413340733157,9.491701880230726,2.1090785538129113,-0.1397764720690747,-0.04912072194637201,-0.1387284317365981,0.26225028875071676,0.010432890527598191,-0.18075720307096552,0.22239443657789681,0.23702699590144446,0.00014247525096790312,1.1135073964105182,19.805405076007897,4.006413898538687,1319.8690170717734,5.0,70.46325234984305,0.7321339128001562,5.0,Micro,drag_change,-6
20,33.38412479695344,-48.51472433701227,1131.1997088910769,-11.929118649630059,0.037942702646512415,-0.4742100155021768,-2.656857584834892,-4.4775226015430265,-0.05914104421112438,-0.008863555976491034,-0.0007520795660961067,0.26892284679830514,0.029019486122071385,-0.1826712522962748,0.2171637037257059,0.18275924346663525,0.00015538923849566495,1.1135073964105182,20.58563582617974,1.0976557228021104,1319.8690170717734,5.0,74.1206763874259,0.7321339128001562,5.0,Micro,drag_change,0
20,31.366184659943617,-48.17558182088406,1130.7250868492215,-12.78718586421605,-0.1392150498168046,0.6748230665700822,5.023361350380982,8.06301929456942,-0.1043781323366021,-0.04850428676254782,0.035503305785199814,0.257589157811639,0.02005206556099533,-0.16272946456850537,0.20493391413318074,0.10895012736423874,0.00014369913285971908,1.1135073964105182,16.726537263975082,2.4745001459458327,1319.8690170717734,5.0,63.42853005363272,0.7321339128001562,5.0,Micro,mass_loss,0
20,33.82005201674884,-48.949821393900045,1130.5362077218626,-12.702286122866749,-0.031038836954077033,-0.14687119410920146,0.20947960577138242,13.183345709727943,0.04395300292648715,0.07308913395547253,-0.009648360451066845,0.2768556220196772,0.0028080843861878306,-0.19007268143941525,0.19346073030389221,0.10625539679762336,0.00012646677357893533,1.1135073964105182,16.3243502704523,-0.07664767139474499,1319.8690170717734,5.0,63.634002346215205,0.7321339128001562,5.0,Micro,mass_loss,-4
20,35.1970486733758,-48.46963519583258,1135.8905117113666,-11.825917678730816,-0.24208831620511406,0.15363854600828378,0.5942918161140948,1.6135112658233377,-0.005061131414265143,-0.009261268121493286,-0.02163887401218506,0.28492447465219745,0.037529984348511534,-0.18817804396663765,0.22857562856139943,0.27385555414407936,0.00013632837118299082,1.1135073964105182,18.987130413432464,1.5888059279377416,1319.8690170717734,5.0,71.84352808198352,0.7321339128001562,5.0,Micro,drag_change,4
20,33.86604580561438,-48.56071824294624,1133.1957146629195,-12.531814122593278,0.030086916752111625,-0.0641866287562649,-9.061793532135598,13.15307504925936,0.0226864979147708,-0.03400550971814703,-0.019922656181515043,0.26172936206810365,0.02182689177786494,-0.19810276338604188,0.2253873573241981,0.12093223869349716,0.00014857538190742332,1.1135073964105182,21.65046537412323,-1.6539611991672503,1319.8690170717734,5.0,70.24747245374601,0.7321339128001562,5.0,Micro,wind_gust,0
20,35.46097110610684,-81.19991805477129,1181.4614049595489,-16.48608260561978,0.07875086725555014,-0.23524915750794984,-2.3537754956239096,5.605940712849523,-0.2151759893336022,-0.08729357376289158,0.033100626485747964,0.028834583007240455,-0.3311647737021216,-0.21235400781510014,0.6004613966157185,0.2069991048160677,0.0004284362220239943,1.1053680271877924,16.927613872344992,1.1148171137023712,3638.9855330840173,5.0,212.74309667377403,1.4302189371602303,11.842045706605687,Small,thrust_var,0
20,35.387692739851964,-80.18684462920433,1182.0001933576123,-17.734654250030502,0.1945094869186889,-0.5360658105443763,-0.09263480849252842,-8.228581423368317,-0.30171975411299623,-0.09505395684537944,-0.05467439310304811,0.01469663979778859,-0.27987277768016444,-0.22679617980720407,0.48267587320047195,0.28095157846950897,0.0003755792802593446,1.1053680271877924,22.869966615700555,0.5481816563413088,3638.9855330840173,5.0,190.68549763786655,1.4302189371602303,11.842045706605687,Small,mass_loss,-6
20,37.59054646285458,-81.38029792136498,1181.1817797335464,-16.590492045143506,0.09004528537085252,-0.04344778607987554,2.705965036502154,4.4553527045524595,-0.3028828831759747,-0.2030764475716078,-0.07080676010830152,0.03386714843868146,-0.27707717571750046,-0.22643224075269477,0.6335287621787353,0.16622219203266056,0.0004059390899865758,1.1053680271877924,21.40998515647897,-0.5105163133243926,3638.9855330840173,5.0,208.78404073491805,1.4302189371602303,11.842045706605687,Small,wind_gust,0
20,39.1419240246504,-80.71669983887313,1180.1535027874995,-18.331152638509327,0.08055537475826144,-0.08882039857161896,0.908709483635358,3.1733097192196915,-0.34299435254442723,-0.1853174282664988,-0.049703902952240864,0.02272848136546192,-0.29310204351558605,-0.2138849222397382,0.47218408406994705,0.23625518209582563,0.0004112215768011607,1.1053680271877924,21.122469009899152,-2.0294760918924752,3638.9855330840173,5.0,167.75805548666796,1.4302189371602303,11.842045706605687,Small,mass_loss,0
20,36.885540503708775,-81.34303534106357,1189.303011657267,-16.603552298151065,-0.12280217256558729,-0.31683347075612595,-9.401442052843924,-5.126095428687165,-0.28943379308666956,-0.0923437193574654,0.05133348035244504,0.033651780011730616,-0.3019813121058552,-0.2126374844890608,0.5849437778556928,0.28591819978819377,0.00041807730362104426,1.1053680271877924,19.407462479749853,-4.431644850041336,3638.9855330840173,5.0,204.20901249289608,1.4302189371602303,11.842045706605687,Small,thrust_var,0
20,35.88387660210353,-81.90333180134941,1182.9291136351233,-16.88818130664314,0.04312458026978709,0.4036589560655697,2.1874600793554877,6.481278546108648,-0.34575487172545466,-0.10933736500316926,0.07907891981563242,0.03200405176234708,-0.2755291015118535,-0.2238999201704684,0.5813347987913929,0.23249677752142345,0.0004284604351732934,1.1053680271877924,18.09432353068085,1.2382081532315357,3638.9855330840173,5.0,209.89024495021147,1.4302189371602303,11.842045706605687,Small,wind_gust,0
20,35.728511985845195,-81.32507775583404,1178.7215813188038,-17.51925107137662,0.6000323075656002,-0.2348271026638131,11.917285183234327,-0.5820244973055038,-0.21184322524744265,-0.1483490997224194,0.01055558268329887,0.04980008912041968,-0.29092259606281184,-0.21157712726985414,0.479623973747232,0.12463957170718826,0.00044568027962023723,1.1053680271877924,22.51570480698579,0.25690213449258614,3638.9855330840173,5.0,177.02166197455222,1.4302189371602303,11.842045706605683,Small,mass_loss,-4
20,39.10991656197934,-80.96619504853113,1181.5026992597393,-16.238363564351133,0.3412743055984802,-0.3853657226748173,-0.519451421238081,11.822356051600035,-0.3211702410765088,-0.22729506342115954,-0.09302387803185985,0.0554008759235738,-0.2952633644542749,-0.22401636413919682,0.5948373253924474,0.1668522091120176,0.0003467259700871685,1.1053680271877924,21.15637306315088,0.06762564478961575,3638.9855330840173,5.0,213.49341721805263,1.4302189371602303,11.842045706605687,Small,drag_change,0
20,36.45221488027077,-80.57142292034553,1182.8485171270142,-17.493004944685488,0.3094141575831993,0.11645573869642002,-4.851356629541194,-6.764329444820194,-0.2877418499342609,-0.1722729671784506,-0.0003814053209448215,0.03120029130278096,-0.2729138988471647,-0.22862787060959572,0.4788054082011525,0.2166188416759805,0.00041009859368459076,1.1053680271877924,20.21227393570321,1.1677660445680023,3638.9855330840173,5.0,194.3185271997542,1.4302189371602303,11.842045706605683,Small,mass_loss,-4
20,36.14609618411542,-81.1448796212485,1180.4884861020128,-16.84654209936366,-0.1165337488807004,0.047356059303136896,-7.063400629870314,1.55742335168146,-0.3024743027394586,-0.14380476188656224,0.022614355345267022,0.029101477256708974,-0.2938676576799175,-0.21619736966744166,0.6228396892741312,0.2158062908179862,0.0004338543359314945,1.1053680271877924,19.375246243975177,2.591631825900025,3638.9855330840173,5.0,210.4021316861556,1.4302189371602303,11.842045706605687,Small,wind_gust,0
70,10.102443753735965,-34.41997532000386,866.3770278250397,-10.231664005008556,-0.14740628387435858,-0.7936182437082083,0.9813298603305518,-8.37974657273831,0.08372426903547697,-0.04172795991567521,0.022824328082115555,-0.297809921901214,-0.13210438449615414,-0.134107452663033,0.5203229275930331,0.14638058726288597,0.00013112106802054085,1.1204312879015754,28.05549742652306,-2.4201643614757757,670.0044781376334,5.0,53.27431939059802,0.7907438658906739,8.586149594132301,Micro,drag_change,-7
70,11.04849050355781,-35.43586582764814,866.3873545120133,-10.286231921469966,-0.04394420121844841,0.3019233120079664,-5.289183093051172,1.303834087415316,0.0041389559516029385,0.02957009622295728,0.1422359255382401,-0.2791876537658211,-0.13718886623791174,-0.14107317028639452,0.5679091177730496,0.24718577528780222,0.00012337591613659544,1.1204312879015754,24.373506821435978,1.226920331343674,670.0044781376334,5.0,52.198126338717096,0.7907438658906739,8.586149594132301,Micro,wind_gust,0
70,9.349122595707904,-34.857521448262915,866.7082063075221,-10.109004141876683,-0.0995775580041167,-0.13442448712121172,1.1002008332701965,0.9042630466128148,0.0034975272968428874,0.03452446688202635,0.1365421786442312,-0.28604364329920096,-0.13664440622265822,-0.12647902389191426,0.5468384942703036,0.21305626682530718,0.00011439840558190393,1.1204312879015754,28.341651907366316,-1.1659885483169823,670.0044781376334,5.0,53.329515267926396,0.7907438658906739,8.586149594132301,Micro,wind_gust,0
70,10.41047088285833,-35.144013769599226,867.7469050701781,-10.664237327200677,0.10128377776655556,0.20272556445276116,-8.107550457944164,-6.69876126843003,-0.0317494401697978,0.005931799323920408,0.07560030788661178,-0.2663321080711236,-0.1273280880981879,-0.1299821349880903,0.4470954456559215,0.26465890427641114,0.0001397515803621244,1.1204312879015754,24.746350630823265,-3.083535849409595,670.0044781376334,5.0,45.1828774044311,0.7907438658906739,8.586149594132301,Micro,mass_loss,-9
70,9.773803937423915,-34.522756063051624,867.169066608894,-10.287036509672427,-0.11359988580838531,0.11590040973475353,-8.573210007434447,0.5570614804021465,-0.013804401628238108,0.0732063744197898,0.09781383923413584,-0.2701648034524505,-0.13180494432521558,-0.15426015901698664,0.49583238461230916,0.24239005120646598,0.0001416071214119946,1.1204312879015754,23.512340365120966,3.1257114512851705,670.0044781376334,5.0,48.3653812313598,0.7907438658906739,8.586149594132301,Micro,mass_loss,-10
70,10.545533672489547,-35.001974521368545,866.440862843545,-10.159340527972313,0.0009180350215718565,0.17538688574602224,1.1891477037916793,2.398126597757865,0.011434501572113582,0.02639959435760608,0.09910588824333726,-0.267232674067617,-0.1380323650814414,-0.1246840559099398,0.5533279461091579,0.21009995053786606,0.0001247316845638938,1.1204312879015754,24.079051048245738,-3.489520775210603,670.0044781376334,5.0,49.524315804024084,0.7907438658906739,8.586149594132301,Micro,wind_gust,0
70,9.474600266508688,-33.69868511253557,868.9661514530144,-10.270439652392993,0.5132264829277065,0.30946311235551044,1.8430838847165538,-9.316099668692408,-0.002025141190878696,0.06908352669961178,0.0804682363677539,-0.28777424302567794,-0.14191059578833437,-0.13194896252222127,0.586842133688101,0.24822994592956188,0.00012003566444825809,1.1204312879015754,26.88835895531916,-1.7997652340913923,670.0044781376334,5.0,51.73269017067415,0.7907438658906739,8.586149594132301,Micro,thrust_var,0
70,9.790703609046382,-34.57987571229443,864.534246074818,-10.304912722917122,-0.09501223328228096,-0.263165995766068,0.2312091250909963,-8.450981088164008,0.036830899782110814,0.03834299293125441,0.1607369715090125,-0.2722281682171645,-0.12003609408774711,-0.1367860080557912,0.5287675279045219,0.19574574171744896,0.00012204814161985185,1.1204312879015754,25.32554067378764,0.5339551797433182,670.0044781376334,5.0,49.354799215521005,0.7907438658906739,8.5861495941323,Micro,mass_loss,-7
70,10.600902243555897,-34.59384102434392,867.3996201712922,-10.466762427974984,-0.17321153106890635,-0.09326930468565577,0.32730025094883436,7.991480237517519,-0.07207518020871662,0.08205976105996711,0.09488073960182464,-0.28116220872708875,-0.13893359647788428,-0.11742976169077707,0.5458718894405735,0.2260723963314606,0.00013874975755595576,1.1204312879015754,23.79102841034068,-0.1935407042768812,670.0044781376334,5.0,55.431391862108185,0.7907438658906739,8.586149594132301,Micro,thrust_var,0
70,9.209129185482887,-34.26801652299841,867.1097000131668,-10.166673469957322,0.5592145591235275,-0.6424292640959114,-3.4980040435118194,-1.0468780665595663,0.10579086956992317,-0.06700710370423779,0.24226758981216417,-0.278758451276988,-0.13264962453060686,-0.13795312841762275,0.5476549198053334,0.2524058379634577,0.00011720508123882357,1.1204312879015754,26.801870273869504,-0.7683633314139511,670.0044781376334,5.0,50.29076171411932,0.7907438658906739,8.586149594132301,Micro,thrust_var,0
61,9.380940202241813,-37.42749712175151,705.1784968233238,-10.216064281387442,0.3065888330034425,0.063362819767337,-1.6976507833299328,4.804660893041307,0.05371409528742741,0.037757754773391224,-0.3302577150068297,-0.42139535169754144,0.15816711833824826,-0.02341152926489005,0.40635286398089954,0.14161212920500396,0.0001592250006973753,1.0379455825455361,-6.126529669341611,1.0185906472840158,740.5056055876606,5.0,37.95846867308661,1.1475855888018072,10.541919865362571,Micro,thrust_var,9
61,10.34284865299998,-37.938302435686694,703.6070992105035,-10.158951030489684,0.13538491999451985,0.08325724309028364,-0.9509532108650092,3.345070859287408,0.03446164733853263,0.04791635345873131,-0.27955791267350116,-0.4287088907008538,0.1315673283094912,-0.03784292280318877,0.433524846292281,0.1482918393919329,0.00015303498071163899,1.0379455825455361,-5.453127567139552,-3.573206145395398,740.5056055876606,5.0,38.32648930715201,1.1475855888018072,10.541919865362571,Micro,mass_loss,-1
61,10.326457287234085,-37.137052052996374,707.8541642966725,-10.384948816408732,0.3273896868885802,-0.01744118834976899,3.1069516826915033,-1.0234118406005885,-0.03147041253289499,0.1152083735025638,-0.200111561099801,-0.3937704348865563,0.1456532701987261,-0.045354499036002735,0.4232175474516771,0.193205430723741,0.00014332061030550113,1.0379455825455361,-2.913505346349088,0.7259385847933355,740.5056055876606,5.0,40.68660356666601,1.1475855888018072,10.541919865362571,Micro,thrust_var,10
61,10.005975577264296,-37.942331209290536,704.2387193033317,-10.948649807296434,0.02065577335516556,0.3413585142927102,0.5419673332409728,-0.4237584561410573,0.028521733552069658,0.05259430488054552,-0.2541193870408304,-0.42255965930384937,0.13402416619455035,-0.03562938679863959,0.4115907375835466,0.2937585043563144,0.00012984523883725047,1.0379455825455361,-4.174141267861959,-0.5133306527230418,740.5056055876606,5.0,36.80353434715107,1.1475855888018072,10.541919865362571,Micro,mass_loss,-1
61,10.618545749591963,-37.44210579262159,706.1555060346171,-10.37233109387094,0.42445219884766644,-0.26225978100424496,-0.5592355204315648,-2.2634507425476666,-0.03702439623998639,0.05556101190686023,-0.20848172653373573,-0.4128440012067962,0.14945608518584816,-0.03341164473568725,0.44154256614346427,0.15997048288259474,0.00013685246661838846,1.0379455825455361,-3.4712493858886,0.5550317177637805,740.5056055876606,5.0,39.79189269063701,1.1475855888018072,10.541919865362571,Micro,thrust_var,10
61,9.275185282737866,-38.13776045388602,701.6433908698928,-10.367992538821328,0.42067837612440734,-0.08023983511233519,0.14531043697155602,-1.4792892020292951,-0.01963569495190407,0.10722491788824418,-0.24791436507527742,-0.4476313664845146,0.132666872710675,-0.05540701334786069,0.42213241854924416,0.19140856137771303,0.00014462274375427883,1.0379455825455361,-4.561848129986401,2.2053934525801733,740.5056055876606,5.0,37.184617061189996,1.1475855888018072,10.541919865362575,Micro,mass_loss,-8
61,9.591356721482065,-38.79618285337077,708.0290277446068,-10.487917093854595,0.16397074885867677,0.23125018833706917,1.670788109365775,2.3498677016594236,0.08867485671951396,0.03235900428605176,-0.25564265183068285,-0.42076107673752183,0.12461732970654513,-0.032013067553550344,0.45720331762459854,0.2688167079338597,0.00016745541090918447,1.0379455825455361,-7.40269610900444,3.2572553957624826,740.5056055876606,5.0,39.52684805945753,1.1475855888018072,10.541919865362571,Micro,drag_change,4
61,9.705638397810374,-37.557097829357645,705.1435770405668,-10.462658212187128,0.08926329193246471,0.24515356783986308,3.740702901376378,1.3352223838416497,-0.10906956759741035,0.0841473158637605,-0.2439734848855626,-0.4125007342194197,0.13345273055744566,-0.05609716137641936,0.4293429287079003,0.13877367032685217,0.0001584833754403556,1.0379455825455361,-5.012561631443614,-2.054345916703806,740.5056055876606,5.0,38.22174538428851,1.1475855888018072,10.541919865362571,Micro,mass_loss,-1
61,9.797613146179932,-37.9118247068502,703.4287037527344,-10.859857956752451,-0.15422664131036934,0.26929673149492306,6.280987197068412,5.938566920692275,-0.01942660763282853,0.01429445869618215,-0.23903605058386337,-0.4121590225747442,0.14701467623677114,-0.05501703359459807,0.3861170514763183,0.1985155604857011,0.00014810413725268456,1.0379455825455361,-2.3206431346209797,0.28850704456408005,740.5056055876606,5.0,37.34473737399205,1.1475855888018072,10.541919865362571,Micro,mass_loss,-6
61,9.072260228110801,-38.186695247728764,704.1625929631431,-10.564304681978712,-0.31283419614999436,-0.1817253111033865,5.024361345299989,9.734561680394938,-0.055851039819272044,0.019924418714339705,-0.2531898091138465,-0.434313079086884,0.1454073003986784,-0.029475372980923144,0.44535764988881155,0.22560722632481184,0.0001336645068519901,1.0379455825455361,-4.218596982759363,-2.359055172286591,740.5056055876606,5.0,40.07417517712344,1.1475855888018072,10.541919865362571,Micro,thrust_var,9
14,14.813617817718548,-82.87972442427647,582.4870820214369,-11.11274406133532,0.4247737086059475,-0.15806880160113276,-0.8276769482383819,3.9724914537815526,-0.10605193188069065,0.2664996464226628,-0.20733520211312267,-0.22776083941814285,0.32600263101174626,-0.20361435249760768,20.718126149609336,0.22360057157314406,0.004465104866438201,0.8909799988476265,31.7302144696022,-0.20979927558024497,3128.880241095562,5.0,3325.1515260632486,7.097403608503109,31.486321202203744,Large,mass_loss,139
14,17.442625925546857,-83.77607336727466,586.5062312620004,-11.211795978149096,-0.2176752894147933,-0.3239870228159402,-0.5051558950456241,1.5386307005438027,-0.13830217542703477,0.21320445973897323,-0.26909576743207736,-0.21599646364000655,0.34568377777803894,-0.21051510961691752,23.773456563109537,0.19539877300824265,0.003458784102946806,0.8909799988476265,32.12420846234464,-2.4201912549140268,3128.880241095562,5.0,3352.519112501415,7.097403608503109,31.486321202203733,Large,wind_gust,0
14,14.598718944839748,-83.4944018213655,583.6922283085047,-11.204093853699296,-0.2929860947590668,0.048080657225273014,-2.1191676910324158,-3.828055785150939,-0.15493695846680347,0.2218918492309116,-0.2487011511034743,-0.21810069098396967,0.32606548131088325,-0.2143132014120079,24.022525565565576,0.21410181052311103,0.003343704337891199,0.8909799988476265,30.386137759478572,3.525959305074798,3128.880241095562,5.0,3401.119757577163,7.097403608503109,31.486321202203733,Large,drag_change,0
14,14.23463924260902,-83.87509078264404,583.0400032105497,-10.844556071432871,0.2639305487837233,-0.15270052854915298,-3.9469773829287584,-8.400770238794804,-0.23234413140803628,0.2826138009377982,-0.3439031311268925,-0.21601418639619743,0.3374835376708026,-0.20731408394088224,24.27317833044583,0.21530224767925565,0.0036105821304709116,0.8909799988476265,31.137028112789345,-0.6182619906261614,3128.880241095562,5.0,3464.9433624507396,7.097403608503109,31.486321202203733,Large,thrust_var,0
14,15.794481298374304,-83.12960194781756,579.7451339870715,-11.102583250259908,0.03947788816855984,0.17151176791089492,-7.314419688697161,2.1572997886360774,-0.22023112068763528,0.2060233064830747,-0.3144740136717646,-0.2198017809533611,0.31672893734273266,-0.19973939840459565,24.637639649315574,0.18730704614274646,0.002840358941420912,0.8909799988476265,26.409115192226515,-0.796963290264709,3128.880241095562,5.0,3293.4232822667946,7.097403608503109,31.486321202203733,Large,wind_gust,0
14,14.62437752134269,-83.81474363929478,586.2942404808232,-11.224252950501032,0.4662786058240711,0.20075802192045047,8.547802814461221,-5.336661114923954,-0.19937515218840124,0.2957706885070091,-0.24663129899742167,-0.23233152813832475,0.31878584766603085,-0.20232793973089866,23.84828390545523,0.17646514790999163,0.003160357157066222,0.8909799988476265,29.7667903547963,-2.1537150579082867,3128.880241095562,5.0,3455.8246133450866,7.097403608503109,31.486321202203733,Large,drag_change,-2
14,15.240055931314497,-82.97274134208915,582.5687017427404,-11.05973846679781,0.4573551543347709,-0.13348391726857584,8.005371530821963,4.459202897974064,-0.19937476058520756,0.20811256605655376,-0.2779058795327736,-0.2239292517841654,0.34653409539943936,-0.19022544503828212,23.461394134932455,0.24005908819940916,0.0036555084603996316,0.8909799988476265,31.665838243915704,0.997379824271089,3128.880241095562,5.0,3150.771366720291,7.097403608503109,31.486321202203733,Large,drag_change,0
14,16.33615584153155,-83.94089664782368,583.522055176012,-10.732798522513612,0.2878328126989762,-0.20050838285169573,-3.0512795018223837,1.2990060529743213,-0.15310577958147722,0.3863993421478188,-0.35734493225862296,-0.21767535924595882,0.3437386111807461,-0.21400498531403714,20.004897838899556,0.1184834177722115,0.003225524040677496,0.8909799988476265,29.983201008539698,3.1882349230440465,3128.880241095562,5.0,3173.129306583911,7.097403608503109,31.486321202203733,Large,mass_loss,139
14,14.34496766477615,-83.86183977979967,584.269556753675,-10.962528783155541,0.39904716754105923,-0.04474014931887239,-9.469967964211083,17.720325054798906,-0.22617270233133208,0.347214495096974,-0.3521522978714229,-0.2224934305848161,0.326916459985682,-0.23433626638312852,23.949907267995822,0.19749673208847512,0.0033212828225127455,0.8909799988476265,30.005239535662245,-0.5390161734517017,3128.880241095562,5.0,3501.7745817179257,7.097403608503109,31.486321202203733,Large,wind_gust,0
14,14.4193953128679,-83.10200035439605,583.5769299967702,-11.404019042631267,-0.33531904891214265,0.05719048269429923,-9.39978736271942,2.9497250347718156,-0.2674588896601384,0.2618284230641855,-0.2670039475504373,-0.22026944541776766,0.342839116029005,-0.21917537693581413,21.65610859094893,0.2546499750992063,0.0032909512010044426,0.8909799988476265,30.107561741503737,0.324878516888137,3128.880241095562,5.0,3365.1606613739254,7.097403608503109,31.486321202203744,Large,mass_loss,139
30,24.187668766763775,-47.79488471782091,740.1907017362385,-11.232622409970448,0.04880159175621575,-0.6100502009971516,-1.6223053610476694,4.2558294974508195,0.03479496285274241,-0.03132259324268996,0.2545604867208989,-0.20033082868935123,-0.09605724243939416,0.28323726372997815,1.0019340278010724,0.17579182917111283,0.00047630770095637425,1.085322252987044,10.823324300826311,2.8197603432360627,1253.58534518922,5.0,213.47548806981615,1.905126367708425,6.424567946401991,Small,thrust_var,10
30,23.66806743373469,-47.91787983161393,740.7991875243566,-10.792485681862226,-0.0827730637206092,-0.2891281795126551,12.88527164785016,0.8724409974386806,0.031236182374480462,0.18275877169244872,0.27351841387160303,-0.2086010239489955,-0.11233457874865022,0.27632459807106324,0.9604257039820997,0.06405133809965524,0.0004135992419183454,1.085322252987044,13.628156755454988,1.6665572342068657,1253.58534518922,5.0,219.491716126619,1.905126367708425,6.424567946401991,Small,thrust_var,0
30,22.356966250347327,-47.99558713775286,740.1498869925358,-11.458101807627282,-0.33753037815251624,-0.37578781089508617,-4.0726646275642455,-1.755871320493464,-0.026120653580215987,0.11772611666098524,0.20149276488187495,-0.20254906955397303,-0.0831307031028442,0.28842352546561184,1.0289241733875882,0.2081437026769893,0.00039560107295254465,1.085322252987044,12.094083748884,0.19763844235916847,1253.58534518922,5.0,219.67966582189933,1.905126367708425,6.424567946401991,Small,thrust_var,0
30,23.84499235428229,-48.29461872339602,741.027056087179,-10.920184271438929,0.4193532921094495,0.3573519134820287,-2.707365032535845,-0.5100314006363085,0.023073934725892108,0.21006624199410331,0.3111381653787982,-0.20696236496987727,-0.09683664823935617,0.2769674467165855,0.9577571025168086,0.2171112789712173,0.00036554000754082915,1.085322252987044,12.394834955504885,1.2624487139435663,1253.58534518922,5.0,200.85049161548775,1.905126367708425,6.424567946401991,Small,thrust_var,0
30,23.759304920097655,-48.13784291419984,741.659939846333,-10.697053798000582,0.168984340430108,0.05245119181064916,0.9855916756135019,0.9381892718212675,0.012168832447454129,0.18174170767685538,0.202954293906256,-0.21229552915441613,-0.08633000435009097,0.29147499304399693,1.0203452653153595,0.15933884841833496,0.00044674072334666674,1.085322252987044,11.167802709165484,2.741033671289309,1253.58534518922,5.0,233.49556871306712,1.905126367708425,6.424567946401991,Small,drag_change,3
30,21.61364566039484,-48.16144703775191,741.8477975657026,-11.062463269870797,0.0763220636239956,0.14535393923183168,-1.7130112038553624,3.6537733058019612,0.06239725937158862,0.08047342121878445,0.24694720432323156,-0.18302741180702667,-0.08259076788299102,0.2866082909741314,0.9326859318344001,0.263721757213641,0.00037209765093652414,1.085322252987044,14.158044787096616,-0.5535020615565065,1253.58534518922,5.0,205.12759331308658,1.905126367708425,6.424567946401991,Small,thrust_var,0
30,23.00930171464898,-48.488325220637236,740.4393278949507,-11.64562534677782,-0.18989683956452647,-0.030118196540064392,-0.835987601588581,-6.287216238716555,-0.032902745091989635,0.215656547949424,0.3128471334607029,-0.20536742269427355,-0.08498552147898092,0.28534054299442246,0.9560410430885905,0.2051284422337255,0.0004239692880044983,1.085322252987044,13.309284083604053,-2.4222149783744014,1253.58534518922,5.0,209.81164881167902,1.905126367708425,6.424567946401991,Small,drag_change,0
30,22.393829127870323,-47.972755024797614,739.4183227860315,-11.160347416358857,-0.5304170157523191,0.005863753439454527,-0.2637755400038283,3.2673949097587034,-0.007031648863947783,0.15003614917912986,0.32303972378307544,-0.2194482596760493,-0.07893252952659525,0.2702453388310879,0.9052694112150317,0.13936714336883432,0.0004427692834646853,1.085322252987044,12.174875266535555,-0.027006489185953504,1253.58534518922,5.0,201.32461135188888,1.905126367708425,6.424567946401991,Small,wind_gust,3
30,22.67570270639925,-47.455573806046615,743.1372021399625,-11.376544664947371,-0.03071568828762537,-0.05413109118589114,11.942234082734204,7.218069035639476,-0.08301587621845495,0.12026374411369095,0.21953999118452874,-0.20260682287305457,-0.06857433290742698,0.2880485508045446,0.968553866420808,0.16678456478284281,0.00043101892248235876,1.085322252987044,11.361860065697332,-3.281519062661283,1253.58534518922,5.0,217.70915016581867,1.905126367708425,6.424567946401991,Small,thrust_var,0
30,23.401029859374862,-48.561907449914706,735.0930869222256,-11.294570600125857,0.2600323995553838,0.4394113451223738,6.739287936312452,4.546169710914851,-0.061074052845742646,0.09760523071073558,0.17363853479945898,-0.212155558220401,-0.0834253595220113,0.2768789677598646,0.9652431047426907,0.23259288847578008,0.0003911728361143596,1.085322252987044,9.625660277879238,2.7618531276025955,1253.58534518922,5.0,213.49231020405034,1.905126367708425,6.424567946401991,Small,wind_gust,0
50,10.093609323544358,-28.231865649203282,504.7886052967938,-9.966534121975476,0.27420746976342214,0.265906052336656,-5.857538226144631,3.4456465940150243,-0.11007421961993502,-0.16901852768568904,0.35196545788671496,-0.1852358921900547,-0.38522512606573056,0.06747990603183665,1.2900071576317536,0.24787099739127616,0.00039622384271482513,1.0084965590924397,-2.1685862890687058,0.3579589690120833,387.59927805837384,5.0,136.3664706234195,1.6475753275399168,5.259652594572553,Small,thrust_var,5
50,10.20745252584473,-28.041575776436723,511.29105223489165,-9.927621233795062,0.2144230617503121,-0.23262466089196826,2.523753442856653,-1.1386050153904321,-0.20643957853564024,-0.059852201196993526,0.32071752461841924,-0.18877050848633492,-0.3822965528483181,0.03286045173388849,1.1819023675153655,0.17132429897397858,0.0003850284680113012,1.0084965590924397,1.637959275928673,0.13100653623868722,387.59927805837384,5.0,120.34657278875851,1.6475753275399168,5.259652594572553,Small,mass_loss,-7
50,10.999101813957875,-27.52445251334382,504.95844300503586,-10.074459737820987,-0.33883086408342605,0.601463455962323,4.653619848670317,-12.797908765752478,-0.1006106698584709,-0.22960340327995274,0.318111405406752,-0.21603415232617018,-0.37686051005356663,0.05897187924517634,1.4313060785828005,0.2153387696401984,0.000391371107864266,1.0084965590924397,-2.547702937465581,1.0766665453399955,387.59927805837384,5.0,135.98855373964602,1.6475753275399168,5.259652594572553,Small,thrust_var,0
50,10.254918576975943,-27.570330541539267,508.69272395072113,-9.794802769527914,-0.008751809767968188,0.04179588921886795,5.554555723672165,-7.504010076310874,-0.18342087862447173,-0.0895282484810842,0.3408379835921763,-0.19030125701455772,-0.3876375406939071,0.045063441837346334,1.298417883222625,0.21655194514086068,0.00033343850839012484,1.0084965590924397,-1.7720092757979709,-4.129730555367283,387.59927805837384,5.0,138.40710643100715,1.6475753275399168,5.259652594572553,Small,drag_change,1
50,10.08810393935104,-27.770685604476405,504.552465359386,-9.891215003690949,-0.41228236666641893,-0.8397575540687925,6.4785814423664725,1.2373540541157872,-0.11363487063275826,-0.09319617261327666,0.24625464581832163,-0.19338724481208946,-0.36752533184964536,0.04447962344579323,1.220111773934536,0.18931744065692524,0.0004021128722777405,1.0084965590924397,-0.23858687602386097,1.2004589352069528,387.59927805837384,5.0,122.93865745231764,1.6475753275399168,5.259652594572553,Small,mass_loss,0
50,10.638268157436233,-27.545890109058842,505.23363172460995,-10.062780559018142,-0.008574225483321906,-0.12033398137887882,3.885911360524114,-5.348318130062334,-0.20635778465856167,-0.15024080964509415,0.27368149560069005,-0.2050817105851619,-0.36725996342691236,0.03983967044181493,1.2813729232725262,0.19128101462980499,0.00033039449968206257,1.0084965590924397,0.21107485649026536,-0.7193976719466592,387.59927805837384,5.0,127.0955717331544,1.6475753275399168,5.259652594572553,Small,thrust_var,0
50,9.884543018649797,-27.944291200260523,505.26578981081957,-10.184498048801908,-0.13618346818140917,0.2750793702184178,1.282512182397244,-2.5782037657425243,-0.18865949560463474,-0.16288958007098966,0.28835724611176194,-0.1946957573532309,-0.3637767400101011,0.04753292821067861,1.1950342525175635,0.2713392676850045,0.0004308869894556727,1.0084965590924397,-2.182505058244754,-3.1578162247912367,387.59927805837384,5.0,113.19447241378815,1.6475753275399168,5.259652594572553,Small,mass_loss,-7
50,11.268431295269346,-28.43479254118675,506.07376837727634,-10.04353481571508,0.2480515892127343,-0.031202768317408498,-8.791044383277175,-1.2555891732122042,-0.21587520238778674,-0.152327793930094,0.3637868083339543,-0.21138814723337956,-0.3805814439945999,0.040035614629922986,1.3123508498490906,0.23700628320526224,0.00035650552575511004,1.0084965590924397,1.1110429655921343,-1.2515460874635527,387.59927805837384,5.0,131.93813313858408,1.6475753275399168,5.259652594572553,Small,thrust_var,5
50,11.224048458123537,-27.660237743037747,504.77995590992384,-9.924674354675112,-0.11187089905545289,0.1769554917973928,-3.314016534418205,-4.1420292598210215,-0.1064447923157463,-0.20693549279863807,0.3431903454467396,-0.18813358508946232,-0.37163624096501324,0.026636095643411656,1.2742869415129836,0.15325801657137944,0.0003973823275223579,1.0084965590924397,-1.1024440889365432,-1.5423264254369666,387.59927805837384,5.0,119.51405075588667,1.6475753275399168,5.259652594572553,Small,mass_loss,-7
50,10.98582382209167,-27.931886175451446,509.2853468773487,-10.092785224672182,-0.06338740733797675,-0.24657609977212575,-2.4929901783708703,-3.814703416660575,-0.1084446502223069,-0.22288218623564465,0.3323069382948201,-0.18570729357587945,-0.35880374141113514,0.04600015945215731,1.2692000386034497,0.19141209763200193,0.0003843775141463931,1.0084965590924397,0.44889739115151994,0.733455504371626,387.59927805837384,5.0,139.34288228713308,1.6475753275399168,5.259652594572553,Small,wind_gust,3
30,33.04565453736863,-70.88124649580226,1146.3898191525611,-13.774660457498404,0.2861280767434061,0.6515408002189805,-4.6117566453095895,-4.0969341524939535,-0.094699530043961,0.11925778437040996,0.11144767651488006,-0.4691441339603118,0.09433125831112743,0.06609984865139487,0.19550192440288774,0.17015139860494424,0.00015834291537717495,1.0660104897864242,-8.204842733497125,-1.5964121527163082,2662.631273436516,5.0,69.19448160563536,1.1369576180207996,9.948548321361784,Micro,thrust_var,0
30,33.676061180260334,-70.49409116942059,1143.8316958189814,-14.834161223052703,0.3701747485760022,-0.22623462460719265,5.929329114662806,-1.3260150282015455,-0.05380208917152478,0.13214771995598967,0.08560953986925013,-0.46443293021994275,0.08849615110600768,0.0329416907464272,0.18479848160233697,0.1279449149333764,0.00012636706843903648,1.0660104897864242,-6.536437874655007,1.0731795346325612,2662.631273436516,5.0,59.70629474482066,1.1369576180207996,9.948548321361784,Micro,mass_loss,-10
30,35.419197108236986,-71.03281420648756,1142.6303420242864,-14.440874475515344,0.09246639347519413,0.32130614163385074,0.45963018503613184,1.244660529801336,-0.04051600492025858,0.031954405711615314,0.09268726540647758,-0.4669962869963985,0.08180043723298112,0.03813202273300855,0.18615169227801742,0.19803093510524258,0.00015999085254697826,1.0660104897864242,-3.9047971735335287,-0.3676611606402438,2662.631273436516,5.0,59.193524429631594,1.1369576180207996,9.948548321361782,Micro,mass_loss,-8
30,34.35987646811763,-70.74260719391941,1145.8194173264826,-14.295663817234534,-0.4653424432444985,0.42355267260535484,-2.6960173986688947,-1.5214498135867567,-0.046056645397603055,0.06705948390205546,0.15773419210009149,-0.4638800607901723,0.08320080303191978,0.04101987378889879,0.2148619145936558,0.0774695161210985,0.00014974688869729495,1.0660104897864242,-4.583004476069165,0.12911681909810763,2662.631273436516,5.0,69.81269888980977,1.1369576180207996,9.948548321361784,Micro,thrust_var,0
30,33.69809253402333,-70.86871081570901,1146.0449272065682,-14.261104823368743,-0.8405734708463675,0.13027909497662146,-7.133246054051736,2.4955525339947062,-0.028856114022564605,0.1289560782099635,0.0777051182999288,-0.48635702384378343,0.08173499011732775,0.05784503895064606,0.2039277478372536,0.14140843497637376,0.0001613709541691957,1.0660104897864242,-8.565109945073003,0.724899763189053,2662.631273436516,5.0,58.835551586512594,1.1369576180207996,9.948548321361784,Micro,mass_loss,-8
30,33.756071188407375,-70.51851160402138,1142.3779741151154,-14.963763163084465,0.12382338696658712,0.6991947940407428,-0.13006756202192166,5.680555420163575,-0.008296195564749247,0.19324172821560032,0.05416846115288128,-0.47257776277359315,0.07688159751520192,0.052997386546849636,0.19974479210748428,0.12369580463723936,0.00011512015951567015,1.0660104897864242,-11.664304583773397,1.3127833811242948,2662.631273436516,5.0,64.34205154275583,1.1369576180207996,9.948548321361784,Micro,drag_change,-10
30,33.1507101741457,-71.41577801804229,1143.7392349948066,-14.543527355112392,-0.04850397816434865,-0.06601605221150841,0.13885039267657723,0.38883734486264815,-0.0005648781059550897,0.13216053804318678,0.173752293188904,-0.4659484528702981,0.06963142707879426,0.06235604859549167,0.2021108682829964,0.3230847508592412,0.0001675852523980393,1.0660104897864242,-8.249962186301124,0.3743680549771684,2662.631273436516,5.0,58.10258501163957,1.1369576180207996,9.948548321361782,Micro,mass_loss,-10
30,34.15994498871384,-70.94450817387046,1146.1290067217017,-12.659927841729646,0.09907376505538003,-0.09749583090549781,2.2000188742445626,5.88649781500553,-0.027270642713692735,0.12142450344309605,0.1379058084617762,-0.47637908128413287,0.09082988544399052,0.04035707455749024,0.204679270090518,0.25728312006431475,0.0001590876680474045,1.0660104897864242,-7.809725386244779,3.4115868668914624,2662.631273436516,5.0,61.528149289460046,1.1369576180207996,9.948548321361784,Micro,drag_change,0
30,34.189641001853886,-70.82979781406873,1149.391349767005,-14.137714370347098,-0.06923584563081664,-0.23909600064416323,0.6195340826053554,3.0748061602338734,0.02492642858537944,0.02270553866592509,0.09036773210687651,-0.46315758661750045,0.0921092473758398,0.05384204917729363,0.21738714030874776,0.15955180535371,0.00016913938580269842,1.0660104897864242,-5.284109159821101,-2.6898555741303447,2662.631273436516,5.0,62.30207208913371,1.1369576180207996,9.948548321361784,Micro,drag_change,0
30,33.33665726994413,-70.74270885158397,1146.1161909201505,-14.611577664300674,-0.1764327893386504,0.05780572269152614,2.785341795708265,-8.088645295624177,0.015092075395308824,0.16248489122369192,0.13004025607365788,-0.47697017332841113,0.0829784066450754,0.06560530755647055,0.1834949321301905,0.23143218538825958,0.0001455978612575484,1.0660104897864242,-6.948978866766016,-1.671542954649621,2662.631273436516,5.0,61.01144550405084,1.1369576180207996,9.948548321361782,Micro,mass_loss,-6
10,18.273741646958555,-74.11510932250617,825.5028685168774,-12.928928076949543,-0.10907636304552866,0.06624029837776092,1.766390627231411,-8.241819002471738,0.06347906405786573,-0.0992355345313006,-0.2656432161195836,0.1094121504522727,-0.34297180707631336,0.34995937438439295,31.286696600709814,0.21905858862766206,0.011444230834274486,1.1970842507084771,-5.13436498035046,0.5362621595282208,3298.7286237154835,5.0,5354.278071438793,7.290341240802391,19.28578320393522,Heavy,mass_loss,0
10,17.928746973120667,-74.5383872537504,826.3261771247908,-13.064234635638226,0.054091515401250914,-0.28684071088756175,-2.954091740457146,6.225205041116283,0.07728863394294261,-0.07883429653072746,-0.2756315435642803,0.09685790537682032,-0.338008915738643,0.3356156489597763,35.451209322840384,0.14922093101747275,0.010959446064983523,1.1970842507084771,-4.160175672501909,0.31469313534615534,3298.7286237154835,5.0,6043.358803797675,7.290341240802391,19.28578320393522,Heavy,mass_loss,2
10,18.1072038656194,-74.97069723033546,823.4589896727441,-12.86351814344995,-0.36316275985164054,0.011544044294088463,-5.340681010322603,1.8011036008795052,0.14143305969422185,-0.08313356552814737,-0.27456386667447813,0.10333979015110702,-0.3328860338136408,0.328648167939194,39.89032229462058,0.14084820775439366,0.010420043800962193,1.1970842507084771,1.2883594795096052,-1.3802726638352132,3298.7286237154835,5.0,6354.401773574203,7.290341240802391,19.28578320393522,Heavy,wind_gust,0
10,18.63514581465882,-74.50800896207748,823.2365338383847,-12.589510490172383,-0.23254429333532467,-0.2101879110715729,0.7782709854986598,-5.508409399643405,0.15806370137297782,-0.057494441779810515,-0.3282764747308488,0.11882543138798635,-0.33512993860419343,0.3191621777452652,33.40685186238903,0.16947934270509332,0.008693366831910998,1.1970842507084771,-3.0976648092734527,-0.8002491694374866,3298.7286237154835,5.0,6592.412563099931,7.290341240802391,19.28578320393522,Heavy,thrust_var,0
10,19.508582026138043,-74.43858265633831,827.1636659722122,-12.705874667754674,-0.5288932971078116,0.2449598975590223,9.531354720800893,0.7746549059409752,0.09149161180265526,-0.13659653194108656,-0.2819946640983113,0.11371746062425048,-0.3360291193396037,0.33504332790375535,38.69808905061704,0.20492351570255427,0.008990588465990797,1.1970842507084771,-3.723198522005463,2.4688234637554047,3298.7286237154835,5.0,6754.118898993422,7.290341240802391,19.28578320393522,Heavy,drag_change,2
10,19.763495056164334,-74.17968963958556,825.4402116264768,-13.709969869881606,0.017582675211537818,-0.3683485698170976,-1.599536390014569,6.954167740883217,0.09580451061205181,-0.09864833320710496,-0.17506596331273905,0.09508041074630719,-0.3584415755538552,0.34771043922721406,35.55499715702975,0.1878708481855103,0.008912099389888496,1.1970842507084771,-0.6416952076378833,1.0889197390549246,3298.7286237154835,5.0,6078.422101571907,7.290341240802391,19.28578320393522,Heavy,drag_change,0
10,17.84939020893588,-75.00205609250172,825.0141186338502,-13.061741139575982,0.09603874949308051,0.2259029763192436,7.581248867096921,7.029537758201378,0.04509311091394758,-0.18108418098886192,-0.3014692270409607,0.1184571179986797,-0.35124392068779026,0.33034011921406403,34.485255990609346,0.27906013824598425,0.00909917940306507,1.1970842507084771,-1.40355666096528,2.2164771221998247,3298.7286237154835,5.0,7022.407102133498,7.290341240802391,19.28578320393522,Heavy,thrust_var,0
10,20.815579977363157,-74.02130159910386,826.2909798489666,-13.524251293144639,-0.06934883261030172,0.2440908445926707,3.6198637203468396,4.494516049345548,0.08589682599018333,-0.1302033814947151,-0.2728194538014041,0.10915910416940301,-0.34492961191406724,0.3209046708456004,29.87235911696803,0.19556661952529356,0.007855891009848822,1.1970842507084771,0.12792182231962967,0.3280319132812225,3298.7286237154835,5.0,5560.754126152344,7.290341240802391,19.28578320393522,Heavy,mass_loss,2
10,19.642511029364133,-74.55164307871506,825.3945724166406,-13.122987848469245,-0.34632366496889283,0.21715656408554085,-12.26414881313443,-1.1638571865781102,0.09130933242816774,-0.13500291552987123,-0.35924176827577387,0.10830836274161927,-0.3320258660345301,0.32911883154761756,36.46420506549777,0.25634403208806816,0.01262920135788987,1.1970842507084771,-3.641663013041556,-1.8982212791053301,3298.7286237154835,5.0,6336.361451818297,7.290341240802391,19.28578320393522,Heavy,drag_change,0
10,20.294715169149956,-74.12424112632769,822.9011227297602,-13.289419397108755,0.07623830612143062,0.20911529365191797,1.9594063112279227,-5.172989798033274,0.11239747507024332,-0.07630673298288056,-0.3234054474349653,0.10084555082631541,-0.34046206025377734,0.32823824976299243,34.667718115868,0.22505646380322883,0.009633684443474375,1.1970842507084771,-1.5574989412097724,0.12676678527543633,3298.7286237154835,5.0,5609.660106191122,7.290341240802391,19.28578320393522,Heavy,mass_loss,0
119,37.688567823602554,-26.40452756224349,978.8853647037104,-10.057091575057628,-0.19998706679041423,0.2513116798127663,8.211361405829479,5.021689718208516,0.1783882007878714,-0.05356060971790762,0.09984191513021544,-0.43505203043644747,-0.46007011957135585,-0.42766673203578387,11.338763192295808,0.15746175756561362,0.003724683929576171,0.981554706941546,0.09851311944536689,-1.6481182373760757,330.9512701336735,5.0,3994.189888732803,5.839193731696529,5.0,Large,drag_change,4
119,35.40696783677157,-26.258973734230413,978.5126164097178,-10.2514735423532,-0.09323757331661742,0.1460258764689604,5.192536330856303,-1.8942605033949491,0.28260606433942737,-0.12067361956842938,0.08455442056503074,-0.4396685772867154,-0.43423925354250104,-0.4333434801540172,11.054118105732721,0.17454413811283104,0.00366330718780226,0.981554706941546,-1.1237683345473783,1.9766010886989847,330.9512701336735,5.0,3627.262992674947,5.839193731696529,5.0,Large,thrust_var,-12
119,37.77972076771154,-25.495259010796428,979.8583506222117,-10.1161015953682,-0.5930464706842772,-0.14856452940142054,-1.521724355269757,-1.5646448359500706,0.24411283875930337,-0.05389507235946288,0.055948229710766816,-0.43264577763836914,-0.4549090738802776,-0.437633277005156,10.77554892531331,0.20600992793730277,0.003951116864675266,0.981554706941546,1.3322788823570657,0.9150838680095624,330.9512701336735,5.0,3883.791339337511,5.839193731696529,5.0,Large,drag_change,2
119,35.35958992422719,-26.63031789518157,982.5508536598161,-9.898019943261803,0.48625315302437033,0.14563081102214653,7.622965150212821,1.837323320279579,0.24949408696017394,-0.25986484423726397,0.004055289769902694,-0.4301091819942448,-0.45170497810233784,-0.43964093486096145,11.495703539503953,0.22471014689649904,0.004107751719194471,0.981554706941546,2.250893797416366,2.4081747991549887,330.9512701336735,5.0,4031.756229272106,5.839193731696529,5.0,Large,drag_change,-42
119,34.6719969802394,-26.19042073815668,976.3844993657935,-9.686925958067611,0.4126379033004159,0.17863769798360607,10.755513601449145,3.851430256915627,0.20458623372796605,-0.13455290955562133,0.11781108739266924,-0.4392816214968842,-0.46404503362290234,-0.43481633300793376,10.184362310834596,0.08700493162707619,0.0033107659600604394,0.981554706941546,0.29005805650099914,0.09637750949580429,330.9512701336735,5.0,3561.9419159802756,5.839193731696529,5.0,Large,mass_loss,-9
119,36.83226522064048,-26.41507096181504,981.9804412704274,-10.236333526927892,-0.1899581296607986,0.5301717213118609,1.0729421444425118,9.717917144098031,0.2022211448761838,-0.02720295191658706,0.08055426864351956,-0.4380028192729237,-0.45999523193698366,-0.453449203782244,9.872382247128312,0.16702342077753193,0.003405787625273083,0.981554706941546,-4.242955629340894,1.6830419837618626,330.9512701336735,5.0,3718.5152423771733,5.839193731696529,5.0,Large,mass_loss,-9
119,34.919419658009744,-26.529533063304026,983.8559640725863,-10.138100605369933,0.20976373160159598,-0.48229239315695904,-1.3980635995233839,-0.6359969199122146,0.23682577440679878,-0.2893015999598018,0.0580788002726287,-0.44197587430048346,-0.4490733986382875,-0.44924041664261477,10.760267254403228,0.1863186194803366,0.0033828271711763966,0.981554706941546,-0.03816213826262027,-2.3867515370866306,330.9512701336735,5.0,3452.923889039008,5.839193731696529,5.0,Large,thrust_var,24
119,37.50767705137262,-26.48145503409464,978.7477741358475,-9.93654214629045,-0.4816128329149444,0.042496145475305495,1.0923853395676382,7.311688410816802,0.348942486771533,-0.23082738319708257,0.12062945381033885,-0.4308572620882022,-0.4604025681415577,-0.43518659297168144,10.509136293791608,0.13786936830979862,0.0031246713688297635,0.981554706941546,2.0050847754545487,0.6540236500386236,330.9512701336735,5.0,3646.562141684035,5.839193731696529,5.0,Large,drag_change,-9
119,36.33135684419757,-25.680654561695043,979.9144879481955,-10.534917288310963,-0.19821945176669167,0.3458664135386219,1.6334473267085292,-6.17895705753213,0.2753054863052174,-0.10493400695489596,0.03494168921756857,-0.4216837878786932,-0.4323192974306565,-0.44942092662668726,11.553286559329083,0.2992972388044004,0.0040275687069397615,0.981554706941546,-0.5958589635205165,0.4778264808827749,330.9512701336735,5.0,4061.720302823233,5.839193731696529,5.0,Large,thrust_var,-39
119,36.0030944472101,-26.11204457206057,979.1537553617131,-10.156373795974883,-0.6096422330614278,0.4247625800484905,-0.5528018091939293,9.157643148190143,0.12507520710169398,-0.2414848590400553,0.03600109284285022,-0.4207031865614082,-0.46451352796551115,-0.45146190522748725,11.45015296947895,0.1843563166690641,0.003986378342512169,0.981554706941546,0.3230071487132883,0.7702745656099664,330.9512701336735,5.0,4061.0075457028834,5.839193731696529,5.0,Large,drag_change,10
95,21.581826402564943,-49.68612241162078,647.8751735055524,-10.402513833166468,-0.26234405949441536,-0.42137927181197493,-3.0667349131202664,0.8579512956964201,0.003554889352230077,0.26717945517250125,-0.03807485215357555,-0.05297632109958126,0.009098786059177761,0.1384023745018878,22.10415283496942,0.28709005237184804,0.004053593715207799,0.943560021116538,12.053544299683534,-1.1081615926804516,1172.256599807349,5.0,3856.0893409708883,5.499111288742945,7.893194496354583,Large,drag_change,58
95,20.80947952506679,-49.589462318818065,652.6668087928483,-10.502885934510411,-0.3997349342994615,0.18942558188172193,3.9953403657114968,0.030657252176134263,-0.07076836029945416,0.31340746917852763,-0.05857762037316276,-0.0671477070456567,0.019943713830613056,0.11847426881122237,22.122490722805495,0.18688832153085722,0.003724044725206037,0.943560021116538,14.45714342500373,0.08061539866049565,1172.256599807349,5.0,4439.893691306969,5.499111288742945,7.893194496354583,Large,wind_gust,15
95,21.308727173460827,-49.706422359626615,653.2935824233583,-10.158230597515107,0.17632344526565932,0.16370932987723147,-3.015329538964569,-3.5043472444130486,-0.035791289666329905,0.2720272378868398,-0.1274676640522033,-0.05243038523714737,0.01667978763258515,0.14326455148859762,21.329709789252345,0.19280398849820665,0.0035287035301198224,0.943560021116538,12.867172925071332,2.6355287301552015,1172.256599807349,5.0,4306.88420609355,5.499111288742945,7.893194496354583,Large,thrust_var,34
95,21.895647848991917,-48.87915407753748,648.330613928346,-10.502999703413256,-0.2553103565128702,-0.32098276541853515,-5.257656167923476,-9.258823731352091,-0.021528906786957822,0.3630788608670296,0.017599295490450043,-0.06798703311704178,0.016731222741163957,0.14432476593597682,21.85133906189436,0.2067257835797308,0.003793732661367323,0.943560021116538,16.87949528519502,-2.146101917412932,1172.256599807349,5.0,4351.912532255041,5.499111288742945,7.893194496354583,Large,thrust_var,20
95,20.321407123195414,-49.63463243958202,649.6625089972725,-10.243082153237083,-0.25870860726293854,-0.12279990009082674,7.210591882317402,-4.530192461529241,-0.1124855333081782,0.23214077447495046,-0.17377690554056363,-0.04273441710163817,0.01662513316591911,0.12926029027681313,22.183060533179844,0.16372215584952657,0.0038096205855470485,0.943560021116538,13.019005071978503,-3.5100618210773407,1172.256599807349,5.0,4260.518372504241,5.499111288742945,7.893194496354583,Large,thrust_var,15
95,21.513916172962514,-50.504392398671314,649.7003313543391,-10.427344345350054,0.15484890687794078,0.3196274170792741,-3.8740108906776456,-2.6630337833674824,0.05191366998298614,0.25617211394073985,-0.07497773123494458,-0.060133452293873985,0.011235958254506118,0.1482266362403869,20.824616942337993,0.1436357238146535,0.003718192714242251,0.943560021116538,10.519480391857531,-1.3025749299663636,1172.256599807349,5.0,4044.018597965569,5.499111288742945,7.893194496354583,Large,drag_change,46
95,22.433186173693894,-50.843242532438325,648.0918311942324,-10.449130739005113,0.5270874520253651,-0.04776041849371766,-6.732583440127301,1.4837023237739608,0.022611113973224066,0.31852047977696707,-0.05688951238417106,-0.05683702820554012,-0.0032247565769525817,0.13224800868200598,21.57947813275785,0.19200451628744536,0.00416902063075127,0.943560021116538,14.170896789763209,-0.7371264100056,1172.256599807349,5.0,4470.5061457758575,5.499111288742945,7.893194496354583,Large,thrust_var,54
95,23.204003803612395,-50.353256288541445,647.8301000602814,-10.733624581691531,0.02574489586691843,0.013137494358932527,7.566205405883563,3.8820745931921543,-0.08240003297933413,0.3073583094497895,-0.1471552042167656,-0.0666468822649282,0.020637362004948544,0.12067248034614286,22.527563944059565,0.31396564174240116,0.003779019347898374,0.943560021116538,13.219518557926193,-0.2591792213480911,1172.256599807349,5.0,4131.298821614819,5.499111288742945,7.893194496354583,Large,drag_change,30
95,22.83312763509088,-48.832068300037996,651.4014173459705,-10.303769294189914,0.2624169547206403,0.20417224789556163,-4.0362712370576785,-7.576649902830464,0.0012762386544059937,0.3683559456568515,-0.03878084920697985,-0.07835058903572732,0.014259748077166214,0.1300244164327466,19.404023917732474,0.13115514791051502,0.003879261260648668,0.943560021116538,15.04616115071401,-1.9720282853994466,1172.256599807349,5.0,3947.3773231093214,5.499111288742945,7.893194496354583,Large,wind_gust,14
95,22.550813838464137,-49.75046175160136,649.428913230637,-10.363337427083035,-0.3212005114249791,-0.1582961328535012,0.017913009163916416,-0.9733184751233998,0.020759721824248158,0.27455882526527553,-0.04223422446874085,-0.05936939833086328,0.03001565135501757,0.1359666216972004,21.40331884440676,0.19933584555204903,0.0035220678222851994,0.943560021116538,15.53672383558122,-0.08040946907275792,1172.256599807349,5.0,4143.06641055863,5.499111288742945,7.893194496354583,Large,wind_gust,15
10,17.201338684344616,-41.31235407890701,673.0025748053133,-10.071577200114328,0.08853383012314271,-0.3620049161232657,8.804156699688665,-0.6278779396504165,-0.035258863572834656,0.17471059560071064,-0.2602131956881403,0.21965414415468287,-0.29699265264170405,-0.06956896255036922,14.360105634959957,0.19512573870114708,0.003940185432565192,1.1281116643255935,-11.257689944756526,2.362001062007891,984.8042591774647,5.0,2083.4773566928147,3.592867165204752,7.353048826505965,Large,drag_change,4
10,17.003385673201162,-42.337537642765135,675.7251974370907,-10.72642739960122,-0.011068827927814101,0.07962680437439323,1.3366914004322519,0.40403069353619697,0.04996253155581518,0.1568192054245611,-0.26521807306972267,0.22945983150995017,-0.3051548868901574,-0.08190214416401036,14.640384783534772,0.18701415514925246,0.003957908090477989,1.1281116643255935,-8.017840800530617,0.10225398826285743,984.8042591774647,5.0,2041.4425344520284,3.592867165204752,7.353048826505965,Large,mass_loss,4
10,15.515918382915258,-41.74188867166364,673.1801190958658,-10.59131523188052,-0.21172666866815937,-0.07818249970018745,-7.436872232019884,0.436024960186335,0.12427847657594511,0.2167984816117542,-0.13552442636231293,0.2398115253546008,-0.28476344804764303,-0.06624821146115105,13.757435819717209,0.238189988618163,0.003575818722697936,1.1281116643255935,-13.52985872923689,0.9840081082059197,984.8042591774647,5.0,1974.2325964947468,3.592867165204752,7.353048826505965,Large,mass_loss,4
10,15.495862843401888,-41.87633091165592,678.6602450758201,-10.506899477328275,-0.34410324451322466,0.2874408472834214,2.616774659208133,1.0630922125880435,-0.004018804248913821,0.1511932288360126,-0.28945642609223005,0.23078685850733602,-0.2823421092351043,-0.062342393819798454,15.996090354425627,0.17790481684172954,0.0036011259161154783,1.1281116643255935,-9.551693443512207,-0.4589968314866286,984.8042591774647,5.0,2274.781221899821,3.592867165204752,7.353048826505965,Large,thrust_var,0
10,16.27164397583279,-41.883172437342736,676.7006910598461,-10.048965767062894,0.43871224542702864,-0.6996715545588968,-1.542694856445196,-6.733717592592695,0.10883473692172045,0.21022308707712029,-0.18228289002561093,0.22253029879025363,-0.3029345145794314,-0.07567787720551951,13.457900294777975,0.1368182965249215,0.003172911884817757,1.1281116643255935,-11.836222581928185,-2.1845563280623663,984.8042591774647,5.0,2263.171583667878,3.592867165204752,7.353048826505965,Large,thrust_var,0
10,17.341553622320987,-40.89560271124273,678.2994015595219,-10.3793193855883,0.33768533319986566,0.05283393528285713,3.429528132311342,-2.9967320759457343,0.08501708484261823,0.18636160188204637,-0.22126768722846596,0.23112383246042617,-0.27162700774620996,-0.06304736588451794,14.566557979749527,0.158411189515205,0.004055110940648651,1.1281116643255935,-10.435737220121057,0.7483053179741523,984.8042591774647,5.0,2297.334194051452,3.592867165204752,7.353048826505965,Large,thrust_var,0
10,16.187203006179825,-42.0240521243096,676.133199612151,-10.352427741173948,-0.3265904529177116,0.8404118968904936,-2.4358359151457227,-11.088045400760073,0.019808359556641786,0.14666007857727958,-0.1712832028003532,0.2296880700917474,-0.28855367050221814,-0.07069529454589235,14.371512436833154,0.1814534448196166,0.0036913654473664428,1.1281116643255935,-8.094150355572292,0.6721508250106929,984.8042591774647,5.0,2274.936795622668,3.592867165204752,7.353048826505965,Large,drag_change,2
10,15.582580541822011,-41.30594476211871,673.74498208147,-10.119603904167377,-0.15794211326185867,0.1197857094745136,3.2004376271836765,-5.078721615496611,-0.0076253777957740465,0.2241680729976251,-0.2264525651140022,0.2314560335746736,-0.305997379313168,-0.07056264156657775,14.442575187794459,0.07812651317797037,0.004092049759764144,1.1281116643255935,-11.279700916534146,2.9983226833451804,984.8042591774647,5.0,2142.5535646647036,3.592867165204752,7.353048826505965,Large,wind_gust,2
10,15.694470760432884,-41.415555552951616,674.8430547818272,-10.327661662451355,0.3630063934337231,0.0834906154689532,2.777762409162782,-3.0423004071613042,0.1065237876832105,0.22093013147996626,-0.22732603554458802,0.21428336016365498,-0.2973952122111626,-0.07808982533591735,13.231652934120563,0.26102149547944326,0.0040625792681665465,1.1281116643255935,-4.792776733746618,-0.9208138429939469,984.8042591774647,5.0,1998.8599580431492,3.592867165204752,7.353048826505965,Large,mass_loss,2
10,15.091636483131992,-42.536161727772686,672.5878498482565,-10.424316370088118,0.058373417630079354,0.3039552694581888,2.774647147079089,-2.911286898725219,0.07340970796375049,0.2627353217740762,-0.22395961782813287,0.22336735719422182,-0.3019903713699357,-0.07504332803837027,15.07470553046166,0.19980877546239648,0.0044504134648666645,1.1281116643255935,-11.118231650846669,1.5227463313162086,984.8042591774647,5.0,2262.318880553961,3.592867165204752,7.353048826505965,Large,drag_change,2
10,24.068692278486456,-75.2268675849227,885.8906413546051,-11.004838564746233,-0.006953311435458258,0.04396854767596186,-1.5004834804270892,4.995425299914482,-0.015610219819160283,-0.13600410795370607,0.035733379816197924,0.4489807248270827,0.24077922355002657,0.23454731616354935,17.179600275497954,0.18449420846103873,0.0035930110017084573,0.9787240757058465,-1.5651545167758005,0.5764735155278479,2807.560289919819,5.0,3583.485857630579,4.129933828307462,17.073112408076785,Large,thrust_var,0
10,21.850517387365596,-75.73171935188445,888.581030766396,-11.258500990079629,-0.6350707775869046,0.37377415458553725,-7.318132290161436,-1.9003598344622685,0.08601917279659238,-0.1033686078905079,-0.006693113727183765,0.44646192588047695,0.27276177704705495,0.2483488810557512,17.268360439115902,0.25254441204734346,0.0034179070599036155,0.9787240757058465,-3.4703512764095654,-1.8157376169548187,2807.560289919819,5.0,3867.63230414155,4.129933828307462,17.073112408076785,Large,wind_gust,0
10,21.373058541586662,-76.606661775535,886.8535294312272,-11.059026953593541,-0.489435320104385,0.3688561328257636,0.8215632905899133,-2.6034616727123,0.0074109845216473735,-0.09167899203980123,0.022742140169271348,0.44899728613032847,0.23238550284142154,0.2353111521389494,18.510003557581364,0.1828297964648833,0.0035916743039650987,0.9787240757058465,-5.1351564567909325,2.581169572062005,2807.560289919819,5.0,3807.29515886455,4.129933828307462,17.073112408076785,Large,wind_gust,2
10,20.53790585829038,-75.8242236203651,886.8765882823352,-10.653654348433534,-0.6745489603498966,-0.33752889810690867,-2.9037054527822512,-0.017404242866009143,0.048343504154846895,-0.10649173374133274,0.017376083151492198,0.4367050282945029,0.2569160504764473,0.23487715591357386,17.602786420593308,0.2800453995944458,0.0037598140772034895,0.9787240757058465,-1.565530960518545,-6.037113541135585,2807.560289919819,5.0,4080.8724874330105,4.129933828307462,17.073112408076785,Large,drag_change,0
10,21.350432792333407,-75.966328844335,883.5006530778429,-11.161776021913576,0.6152911891472085,-0.0025865682493190012,-1.9305735468924612,3.3367171386268533,0.11289865986378725,0.01162348376578505,0.0822399311245004,0.45008604769854405,0.2322465570506783,0.22051780768250917,17.529418683506652,0.22532816025346997,0.003284128335257934,0.9787240757058465,-6.37737514806306,-3.3035020553410352,2807.560289919819,5.0,3831.2544118040764,4.129933828307462,17.073112408076785,Large,drag_change,0
10,22.511146844718848,-75.6607716598546,882.1235730806338,-10.90905864646257,-0.035514022516239065,0.2945751489806675,1.9410030677597823,-0.8127980873753489,0.06547262013377547,-0.09036175259054852,0.07078078520948519,0.44636450433008057,0.2504562911305312,0.2179237336693113,15.429103019791777,0.27271550508982456,0.003392957462447392,0.9787240757058465,-5.593345810431282,-1.9476566718164103,2807.560289919819,5.0,3148.6629502905234,4.129933828307462,17.073112408076785,Large,mass_loss,4
10,24.823389038670093,-76.5527098259495,884.6055550204269,-10.745609443428988,0.22021656150098085,-0.0028857235486058077,-5.595629060401559,-5.608990117988389,0.019311003668356877,-0.15432436754797196,0.003506437752540128,0.44481528588461927,0.23596101774508116,0.22699380282324036,15.519088454707209,0.2169610239662539,0.0034866255824237908,0.9787240757058465,-5.254941898520154,-1.5727519537307115,2807.560289919819,5.0,3831.042733971405,4.129933828307462,17.073112408076785,Large,wind_gust,4
10,21.746285830945162,-75.44841877434888,885.4631434831402,-11.051491474759619,0.38102640757646905,0.3885021449815254,-1.4106247156886749,-3.154317553417045,0.01237367304759112,-0.06576851097155736,-0.013264081453119416,0.4418730104990661,0.23943799030273483,0.22284596740646517,16.87036608825789,0.1342280867056369,0.0035771178507820614,0.9787240757058465,-4.499010958535999,-0.29927188850358505,2807.560289919819,5.0,3276.0590373084983,4.129933828307462,17.07311240807679,Large,mass_loss,0
10,21.050201275010707,-76.15575878713318,886.1520043657399,-10.850686138306385,0.19568549869440852,-0.6992754904577961,-1.459970888579136,2.3633680850172167,0.015597197858620272,-0.14427791722689395,-0.040376453926420156,0.4426581881513828,0.23778370184734612,0.2371419351938529,15.029145863626082,0.14819206290090417,0.00312373085589187,0.9787240757058465,-0.4734885628109966,1.0505597369815656,2807.560289919819,5.0,3418.3053541964673,4.129933828307462,17.073112408076785,Large,mass_loss,2
10,21.470734222095214,-75.32806948928832,887.6391588318098,-11.195038528825805,0.14443303869354837,0.10057799848481154,4.187286011792561,0.833909693278212,0.1269369958190506,-0.10674034353350798,-0.016633439651213364,0.4359900506263156,0.23823521697993025,0.22029778150642468,18.084204133872813,0.18654503406617662,0.003361032148833802,0.9787240757058465,-5.849819179829369,-1.7113844003474559,2807.560289919819,5.0,3617.2626211754036,4.129933828307462,17.073112408076785,Large,wind_gust,4
43,20.015277112358852,-20.648102690680663,1124.1481756462829,-10.227214233644798,-0.23138082500324425,-0.15087289501140574,-5.228474854389561,-1.0445897868543588,-0.010180328788974005,0.2826310730001078,-0.022722076696842806,0.17279486562384833,-0.06607654487297139,-0.39509131729410363,1.1185409550406513,0.1800836493559186,0.0003153611998132304,1.1041451909118247,-6.3198819668708435,-2.2338817682047276,232.4216015756081,5.0,176.23678241595363,2.4144552841464337,5.0,Small,wind_gust,0
43,17.70418847023688,-21.11086257444469,1123.396761159918,-10.049735414654668,0.21392326786088586,-0.5491009503199527,10.736235839477482,1.2401235834276712,-0.06736436922606258,0.1979657556457641,-0.009545910567506019,0.1620425594889299,-0.07917902656373434,-0.3869529714257769,1.1950983167023785,0.20463326693220538,0.00044920257756579657,1.1041451909118247,-5.762552627417023,-0.28951265711837404,232.4216015756081,5.0,175.18371623980337,2.4144552841464337,5.0,Small,drag_change,2
43,19.462586222135116,-20.14021821715199,1123.082684512805,-9.856583349143643,0.027463693213418443,0.22357566864546133,4.011837164479405,8.150628730049135,-0.007559065823784515,0.16281438574147677,0.05793480324146627,0.18359312963306557,-0.06797436939174528,-0.37191098888898705,1.0685397482975791,0.1899392261053955,0.00044371857404357527,1.1041451909118247,-8.509234773615447,0.4772001465322016,232.4216015756081,5.0,168.1068653876003,2.4144552841464337,5.0,Small,mass_loss,2
43,19.94112175358281,-20.441230196532683,1121.8472394657229,-10.267986794856345,-0.08820712147233577,-0.22320804675295122,3.5128739697819418,6.852093703166511,0.03365304011345984,0.18583740786064534,0.02895005131614149,0.17247879628932775,-0.08015441401623377,-0.37836545918650605,1.022964048639342,0.255808440959544,0.00040479697374957025,1.1041451909118247,-5.977962989475326,-2.9465386315660953,232.4216015756081,5.0,193.6401864098668,2.4144552841464337,5.0,Small,drag_change,7
43,18.023252474225618,-20.886692781258294,1123.9656398788784,-10.047706514134157,0.06200328856173486,-0.038789237110652394,-0.6681386486338563,-3.8834702648607196,0.057251416478939096,0.19391791899050667,0.026854435872916145,0.1642936679238704,-0.0818741387959005,-0.3713084698820918,1.000667431929517,0.11880410787150164,0.0004521115657564799,1.1041451909118247,-5.794618850613755,0.24875224460185902,232.4216015756081,5.0,180.8314803100089,2.4144552841464337,5.0,Small,mass_loss,0
43,19.578301472853184,-20.9222779528948,1125.50954148189,-9.810602630758604,0.47125714492715987,-0.45712285048990925,-1.0881705345477957,-4.220045922560688,0.10337667905597027,0.21464488257104436,0.08013902280629256,0.1765315140133786,-0.06480215184792106,-0.3930209930171861,1.0572611981878206,0.20357576822506526,0.0003928111733802951,1.1041451909118247,-9.305924770603465,-0.41135454589222636,232.4216015756081,5.0,180.35280847591184,2.4144552841464337,5.0,Small,drag_change,-3
43,16.121745173509712,-20.543999772494633,1123.7262903937376,-10.039124006126226,0.07595563054217751,-0.20517645760484246,7.356574888799726,-0.33080776902791353,0.0001872820920437654,0.22731849629339126,0.036503629851631955,0.19742637704880642,-0.07065408560306925,-0.3808699572984463,1.040897217299265,0.24352677715191262,0.0004330232458075282,1.1041451909118247,-8.317517292726647,-1.7448761972033553,232.4216015756081,5.0,173.80372310124068,2.4144552841464337,5.0,Small,drag_change,-2
43,21.60811583089896,-21.29426633308731,1123.8069575408242,-10.258714620039328,-0.07421513621414542,0.7431731226862544,-4.098556639560428,-0.10975671917916109,-0.018872600701653634,0.1399272281335742,0.12521613270434293,0.15637538673823906,-0.06938014507519653,-0.38350847973235364,1.0796170389885786,0.18421455791345298,0.0004878667042295005,1.1041451909118247,-11.863343554307267,0.8729034876393151,232.4216015756081,5.0,190.4528577918056,2.4144552841464337,5.0,Small,wind_gust,7
43,17.367761918326693,-19.73706485045578,1125.855408310473,-9.66376848100226,0.16198527022653086,-0.1289974225844517,6.6167046124496895,-0.1653400068088393,0.02121255431588217,0.18795079692454517,-0.11176857837702048,0.18781531057931097,-0.0636449682324121,-0.38108988119890014,1.0780638089636698,0.20817139101930657,0.0003949663419767011,1.1041451909118247,-6.4064224864654316,-2.614196688798265,232.4216015756081,5.0,187.7102947045329,2.4144552841464337,5.0,Small,wind_gust,7
43,17.328036280106208,-21.094339755684665,1127.1268355491513,-10.283618163958218,0.6153648657057021,-0.27716913495620255,-4.584541480401205,4.214049228568709,0.037640042236251045,0.27216885660804624,-0.05898857502433042,0.1771043147344133,-0.06901474323502445,-0.3951553923519249,1.1831356737911338,0.21176748994415454,0.000417415353593157,1.1041451909118247,-6.731568739892273,-3.4567085342255295,232.4216015756081,5.0,174.36925376846324,2.4144552841464337,5.0,Small,thrust_var,7
33,18.870298357547533,-39.75144532878916,876.4725945786761,-11.047508598752096,0.49064718708514876,-0.011647046009237024,-9.132833688349717,0.8990910740074016,-0.048158656730331914,-0.14568545238742014,-0.27695611571441636,0.477184796610559,-0.47308718843459185,0.1558414100173282,0.961338288117681,0.28291311803043945,0.00041761492806110346,1.2126988536939136,-8.663431107489231,5.0588666044083315,959.2715623809521,5.0,180.30077348263993,1.3740284663600528,5.3810938498331655,Small,drag_change,0
33,19.872836672136614,-39.83140914086714,881.213687540493,-10.972638317080822,-0.35574447330448355,-0.09742258052459216,3.3057646433067327,2.5512611120250925,-0.075982346323948,-0.059248451437908814,-0.28009430120747064,0.4877483821536081,-0.502221162870552,0.15800037124585029,0.9767791476243228,0.18048027664414287,0.0003958795336253242,1.2126988536939136,-7.662851854442037,2.006731785458291,959.2715623809521,5.0,179.9991289849235,1.3740284663600528,5.3810938498331655,Small,wind_gust,-3
33,20.046671336446057,-40.34761444025629,879.3492604389149,-10.803442076525517,0.4845013102664092,-0.08058883226475058,-3.251318853777541,3.5647202972572667,-0.2478206219485456,-0.12178702193393305,-0.28769412490223534,0.48857090096948447,-0.45600310932536964,0.1780096851732919,0.9524604497550343,0.12241581442779612,0.0003938880794236659,1.2126988536939136,-6.389046200777453,0.7344308516042678,959.2715623809521,5.0,175.68743997437278,1.3740284663600528,5.3810938498331655,Small,drag_change,2
33,19.359842054018987,-38.71865893383243,878.8543929607954,-10.848009710926815,-0.14248038666637433,-0.19567995093099433,9.50932306625495,-0.5418551830942012,-0.09078853509134902,-0.09173873888645152,-0.1319199282505673,0.5076492960806317,-0.4556275457855182,0.19103309901168292,0.8964085505066127,0.23279419953456948,0.0004183875834569859,1.2126988536939136,-9.118121414964113,0.9261938613275509,959.2715623809521,5.0,170.89522433305243,1.3740284663600528,5.3810938498331655,Small,wind_gust,2
33,19.659418752014545,-39.53444125094719,879.1640436516534,-11.217180863589572,-0.29000733470420753,0.15759279425698908,-13.527018162475466,2.396313669140283,-0.09761417292708134,-0.05861544266589151,-0.23193524191560025,0.4864078936594239,-0.47913901795136865,0.15236451622843536,0.9105029348843482,0.2434297122944008,0.0004886826744200798,1.2126988536939136,-4.92016362312305,-1.1784378774151036,959.2715623809521,5.0,170.94605130020142,1.3740284663600528,5.3810938498331655,Small,wind_gust,-2
33,19.67634216487304,-39.464668129764256,873.9659610844352,-11.038472214076492,-0.13788158962724412,-0.3189776059593834,-2.766205009198997,-2.868515721463258,-0.09148246478440084,-0.17428592222594982,-0.24619476280362174,0.4996238322534753,-0.46565608689929766,0.1705867592765685,0.9923340917480308,0.26182447560920885,0.000492894593028097,1.2126988536939136,-6.57834994744426,-1.436967970322233,959.2715623809521,5.0,182.05768792470593,1.3740284663600528,5.3810938498331655,Small,wind_gust,2
33,19.351451709138814,-40.43588151935357,879.7981434008908,-11.34467626297864,0.3069441312886967,0.2192637502297427,-0.43334470124556795,-2.7503911610379683,-0.0982881394280592,-0.1564653615418094,-0.2658606664206459,0.45751709362648196,-0.4675782722345072,0.16363907260016763,0.9806011718774617,0.21499057879967107,0.00045582188127743116,1.2126988536939136,-4.485883732787617,2.0730485408122465,959.2715623809521,5.0,198.1577285713388,1.3740284663600528,5.3810938498331655,Small,wind_gust,2
33,19.327592091190578,-39.5830067973982,879.5308514228235,-11.28260140583135,0.06596508914804128,0.011159459080880304,-1.0779887566992017,4.6783718962537,-0.1614320108174298,-0.1516528403199227,-0.3014192101817032,0.47538231778132833,-0.46760610577545186,0.16755106877502332,0.8485217912276477,0.1762973463482097,0.00040188238858061907,1.2126988536939136,-6.1516578632072605,-2.570175939733052,959.2715623809521,5.0,172.45012672357024,1.3740284663600528,5.3810938498331655,Small,drag_change,-3
33,20.67699596897584,-39.45174173673374,878.1500278183403,-11.024902109323817,-0.4316494255103416,0.6285798169312792,1.9090977497229402,5.799853333207405,-0.05499230712701308,-0.10409034871338489,-0.2890459300635176,0.4786583120612985,-0.4606717067249978,0.16976679433476638,0.9671141246890708,0.19411169000768633,0.00043239829047537413,1.2126988536939136,-6.425652747573837,-1.3616453547439153,959.2715623809521,5.0,172.76544314670232,1.3740284663600528,5.3810938498331655,Small,drag_change,-3
33,20.114152874959203,-39.43708635268535,877.8312073889443,-11.13119293909804,0.10480906604471392,0.10262984446721449,2.5380591147162375,5.501964461393646,-0.1603317336326424,-0.15464222654221682,-0.2505298197628948,0.4787180480833828,-0.43468768945588226,0.16765406937597976,0.9371586400839425,0.17422653634580704,0.0003953009024196859,1.2126988536939136,-5.519664628262045,0.22396386524251544,959.2715623809521,5.0,171.19417080571557,1.3740284663600528,5.3810938498331655,Small,wind_gust,0
133,18.086911287920586,-29.786538021724546,893.8161643949778,-10.177269825277392,-0.3834894041546003,-0.34511000920900986,-5.548604141466172,-1.182980520184239,-0.02768308749886256,-0.07629374065601442,0.12407384894828687,-0.31900439184800133,-0.4600998778087279,-0.15760742339855435,21.73317205776419,0.13612910259338076,0.0036662423228714667,0.9333654695734217,12.386880513821273,-2.3684417877876225,401.8146237046386,5.0,3366.708785715523,5.2165339668487025,5.0,Large,thrust_var,7
133,16.48585655038732,-29.429433924786665,890.5756480880233,-9.999285716855399,0.20429092708365706,0.06091840646890441,-1.8066392668188165,0.6847280431888475,0.045664800695750504,0.01828819130980877,0.05502304660925403,-0.3145072356346037,-0.4947665341491612,-0.15216429662705375,20.02973059085757,0.1895938132144854,0.002939794488874185,0.9333654695734217,13.849226577740804,0.2608382150186236,401.8146237046386,5.0,2966.8340698396696,5.2165339668487025,5.0,Large,mass_loss,2
133,16.417254129581345,-29.88296384276648,890.6374085134615,-9.93953059998747,-0.23118538503760164,0.45619202880511334,-1.5730072372102444,7.650928118982804,-0.03638082041040057,-0.228854620727522,0.10007999942943041,-0.31428383020665457,-0.49078978391330075,-0.1616621375151443,19.71594401478652,0.17443702710652365,0.0035842614029259782,0.9333654695734217,13.475343642569225,0.36843445906018696,401.8146237046386,5.0,3216.7027691901467,5.2165339668487025,5.0,Large,mass_loss,-13
133,17.80462024319815,-29.51180369641061,888.810608186883,-10.156168064554318,-0.2916504618447111,-0.44410688340086846,-12.494987299238051,-5.273364999996295,0.12725670229221214,-0.10361268746117372,0.17318123862343324,-0.31995128716870835,-0.49581693704114127,-0.13807440615549585,18.855454088914748,0.15223622506535944,0.003929937050305648,0.9333654695734217,14.293848368265373,-2.8557448663171967,401.8146237046386,5.0,2993.1097024725145,5.2165339668487025,5.0,Large,mass_loss,-8
133,15.946665687279667,-29.946663489327097,887.4265727591493,-10.002892519590894,-0.19068948475847936,-0.49202812671295104,1.8464975701885413,-10.86364761601332,0.06217914313088439,-0.028205203083887603,0.014348924407475913,-0.306244774941704,-0.48764274184232154,-0.16024019949619722,21.35102000496393,0.23272391564550537,0.003681244253087588,0.9333654695734217,6.603660816425383,4.146028806007046,401.8146237046386,5.0,3527.5862020628197,5.2165339668487025,5.0,Large,drag_change,-2
133,17.33897361756285,-29.04090001345925,886.539679587579,-9.833971196635959,-0.1579805184865383,-0.32477712229921485,-5.740906651740775,4.35613099048555,-0.10046136522594779,-0.18963433326717363,0.10155009024122047,-0.3137825058426003,-0.5013535384398531,-0.14237640558431033,18.508394183247578,0.18957263146712056,0.0035700024475883605,0.9333654695734217,11.117949479679922,-0.3906614157279584,401.8146237046386,5.0,3062.7703246423284,5.2165339668487025,5.0,Large,mass_loss,-3
133,14.938610828767267,-29.893493627260987,888.6231719414192,-9.7888624226174,-0.2441440925786788,0.054140442549361935,1.1327137546549801,6.489582528303811,0.05885440862938711,-0.13040088033729602,0.0561958711243407,-0.3234076122861013,-0.4935443540910344,-0.1595801462739404,22.45097821656676,0.22101549087426023,0.003914740426720686,0.9333654695734217,14.310646553911411,3.725738242800354,401.8146237046386,5.0,3474.3248533767487,5.2165339668487025,5.0,Large,thrust_var,16
133,18.01945903271828,-29.36928072477438,888.6131353380323,-10.203610227561805,0.23924395908552898,-0.511002721015405,-4.192093098440505,2.092896664682384,-0.09960212056136054,-0.15824347129158572,0.08642848349859947,-0.3206026577998503,-0.500960611141659,-0.1611742559795102,22.73864619339785,0.29156886953896216,0.0037475652659810033,0.9333654695734217,7.81550917134067,1.1362045542211887,401.8146237046386,5.0,3384.3712384156784,5.2165339668487025,5.0,Large,drag_change,7
133,17.389239077927403,-28.25127288466007,891.3826910195262,-9.873709018220438,0.3834198314296283,0.15746027336559243,3.940352008014801,-1.7129480706864846,0.053723661623250124,-0.1068516511035721,0.006066653654185808,-0.31433984213433624,-0.5128302026882222,-0.1481006830741158,21.59113303338376,0.29527763335718665,0.003876978318626897,0.9333654695734217,13.640442313086943,-2.0984465000940378,401.8146237046386,5.0,3570.9880281655846,5.2165339668487025,5.0,Large,thrust_var,6
133,16.89354394210674,-30.22756770225462,887.5195882538188,-10.090826061312663,-0.09939455358897822,0.11832656368346835,-1.3842854609824948,1.78816886779518,-0.039276506472142474,-0.11694733690071653,0.15352586558523518,-0.3138796142481754,-0.49348388016010114,-0.1646671739525689,21.941248538909228,0.18910027045346373,0.0039037253781466336,0.9333654695734217,8.148249772563524,-0.3762140634438527,401.8146237046386,5.0,3525.187659309795,5.2165339668487025,5.0,Large,drag_change,-3
10,12.306651168708058,-32.16545473171085,1141.58570507576,-9.90708340856924,-0.3319032471231326,0.030496728469808762,-2.7213721646226907,-5.388719674651718,0.010392775101136877,0.05502136241221988,-0.1423112839262799,-0.15496965570478063,0.17522115237092445,-0.08567742330271783,23.642268661544566,0.15413691789113565,0.0037234469133170687,0.9445928888908417,15.055006305659655,-0.6988499012714148,486.81684624591037,5.0,2852.0814535537124,7.220702300127374,5.70683768512502,Large,drag_change,0
10,13.05523781837,-31.996963207517553,1146.5076102377839,-10.111312284403782,-0.48357480519261004,0.5014478153599977,5.419179449554486,-0.12089078710561531,0.008527819340719639,0.019203581975876904,-0.06678255969235071,-0.1499978616614044,0.16844342691312914,-0.09560085000970225,22.174541387566986,0.14146107656666818,0.003895081247428214,0.9445928888908417,13.951101273680267,0.5958862514964397,486.81684624591037,5.0,2496.9568175345444,7.220702300127374,5.706837685125019,Large,mass_loss,2
10,12.628180602516094,-31.556870581013108,1147.816204809927,-9.997047731185846,-0.2666131051820179,0.27082315665564005,-0.07682723823370634,-1.8283766736330422,-0.02218489578402256,0.14892003455523353,-0.04131681282981182,-0.13901905390881986,0.1599603259221986,-0.11090472537657599,22.99678333749689,0.23910473055097808,0.004390928052969649,0.9445928888908417,12.12339709864056,-2.149355195966213,486.81684624591037,5.0,2816.9718300691447,7.220702300127374,5.70683768512502,Large,wind_gust,4
10,12.634147762592772,-31.94584009870969,1145.0351004314439,-9.93594334177461,0.13514517742545604,-0.35929425545502985,1.7304250935727594,7.241035360977532,0.0025247362947111787,0.05914828484492192,-0.013501792900941043,-0.15903199184959754,0.17656696490369997,-0.11392246346097938,24.258505298616008,0.15877713989544096,0.003861849211751015,0.9445928888908417,11.954850199098184,0.8745778223415324,486.81684624591037,5.0,2790.092354236629,7.220702300127374,5.70683768512502,Large,drag_change,0
10,12.052755068614477,-32.2485668721712,1149.2014298291717,-10.008119073436081,0.35487014681625717,0.1520929037484425,5.569311989911102,-13.99982151296793,0.03538794913185626,0.10908873186547952,-0.10682352642030538,-0.12985680734584873,0.18342732009595727,-0.11639352921273559,20.824327254598355,0.14931970788227658,0.003621989199279974,0.9445928888908417,12.526650165016667,0.8576223608660112,486.81684624591037,5.0,2340.727870215022,7.220702300127374,5.70683768512502,Large,mass_loss,0
10,12.476062221350698,-31.762142707649055,1146.1931399057369,-10.279649023652036,0.04947341172355231,-0.09980454156928742,-4.843275661485512,6.783624341963352,0.050883869067929716,0.09288439335324908,-0.1369073865951047,-0.14159208241933396,0.17920531378644552,-0.11412370805500358,22.516855454986636,0.13478641294935922,0.003529816678500971,0.9445928888908417,14.086561724083516,-1.9518223403133172,486.81684624591037,5.0,2624.0841031052178,7.220702300127374,5.70683768512502,Large,thrust_var,0
10,12.050106722899507,-32.21809266111907,1142.6771639670594,-10.097194973401985,-0.541866964601969,-0.3956001684085976,4.264029502783874,3.7069704575099416,0.03616845825266927,0.04697040018892542,-0.06829195166537991,-0.14287825509443303,0.1721215856307966,-0.12506998083421345,20.270225051309517,0.14915557254354442,0.0038056952837097527,0.9445928888908417,16.912195632103195,0.4687193814579646,486.81684624591037,5.0,2801.7773326756483,7.220702300127374,5.70683768512502,Large,drag_change,4
10,13.292042325830854,-32.12742362205969,1144.1812485005482,-10.22428362947402,0.43849014576137735,-0.528289478004515,-0.9303659031185423,3.69862438167899,0.04061789119099534,0.015415864752719353,-0.05145384452759619,-0.15841935752948771,0.15118051447198963,-0.1081705791026487,20.8480715337851,0.20658593844403203,0.003817702790745426,0.9445928888908417,15.513919081849533,-0.4541598762324338,486.81684624591037,5.0,2664.329126303995,7.220702300127374,5.70683768512502,Large,mass_loss,0
10,12.300855316832886,-31.487490136882773,1145.487627420681,-9.616762403320458,0.12412626088421627,0.07273505419074582,0.34103391301418173,4.089960496286683,-0.03627345972299944,0.047999158483969316,-0.08173905746923693,-0.1402273507229672,0.1667114024995393,-0.12208956639308767,23.099358231596323,0.14585797355658284,0.003121168258527104,0.9445928888908417,16.446073256325484,1.1581231453893412,486.81684624591037,5.0,2792.596663317502,7.220702300127374,5.70683768512502,Large,drag_change,4
10,12.194092075816743,-32.46319203747039,1146.4780260136918,-9.938551322950127,0.006947020821182678,0.2518800250620122,-5.805276193767939,9.221767733376854,0.02557808928697977,0.03931140385030083,0.014754602806791792,-0.15457593939611286,0.17881884358350647,-0.11384544133343745,22.11893686182752,0.18081304038172655,0.004084236445705911,0.9445928888908417,17.020360952869968,0.45121183983566826,486.81684624591037,5.0,2510.8366057760268,7.220702300127374,5.70683768512502,Large,wind_gust,4
35,22.41843766005072,-59.03577678197289,528.6131857722319,-11.606841451987068,0.04519361364562773,0.29049195397799044,-3.37291226104125,12.821300887752749,-0.24605930056757624,0.03796816513596055,0.12071236129848507,0.24117330583379168,-0.2465903436402596,-0.15507557203329198,2.6674783784193394,0.2643944701106271,0.0012336528204807795,1.025212807688023,29.215119266585976,-3.289941353149988,1791.4794649563812,5.0,546.1898033475863,3.233968090469809,11.200531977002766,Medium,wind_gust,0
35,22.303784339587967,-59.164293836647154,529.7240208695943,-11.18205532821789,-0.272812574258724,0.18352278199932123,-5.587275044470945,4.624573346092718,-0.1915573635425253,0.03677796115544678,0.09925383962813353,0.24809390872321394,-0.24264861378378372,-0.13432051910998088,2.922439762740754,0.13478556688486276,0.0010819174795866366,1.025212807688023,31.462516229330564,-0.9163186571864277,1791.4794649563812,5.0,570.2450883657887,3.233968090469809,11.200531977002766,Medium,thrust_var,0
35,22.280078442251238,-59.666957977953444,528.7905225251255,-10.954670138807172,0.6192075470520612,-0.11993125381643945,-1.3432726046327994,7.73544210360301,-0.14371069202706344,0.1358704982754529,0.17185991155604335,0.23964697706067248,-0.24378435731782688,-0.1641461799633103,2.5507856232523705,0.21704078124863602,0.001128148567937311,1.025212807688023,31.48700815518387,-0.24695456574320884,1791.4794649563812,5.0,589.5370149713639,3.233968090469809,11.200531977002766,Medium,drag_change,2
35,20.79073093623529,-59.07702528130098,529.725869118124,-11.528142469195192,-0.03619291023895046,-0.10496560473690095,-0.9040372254361309,-3.5733205842049625,-0.19485519861014808,0.1283011905469621,0.07156370583674684,0.23832047829088768,-0.24477668125058566,-0.15837195209270746,2.3126752278577136,0.21396200506105,0.0008800417075537699,1.025212807688023,32.06654871041607,1.2651655992843946,1791.4794649563812,5.0,434.53535393169216,3.233968090469809,11.200531977002766,Medium,mass_loss,-8
35,19.947015070877466,-59.13520074571129,529.9119814140507,-11.394119246120296,-0.3418342252576642,-0.10108467678859845,-2.8404147317260495,3.232219456982544,-0.23088211528651795,0.03054464355232025,0.24890896475333543,0.2296197368430917,-0.24837442439693846,-0.15683886050125145,2.3273982043972405,0.12865862714401133,0.0010945755294934432,1.025212807688023,29.640865523819087,2.1094143150872897,1791.4794649563812,5.0,531.2492456727997,3.233968090469809,11.200531977002766,Medium,thrust_var,2
35,22.61023507013847,-58.1413448590807,529.6764118356048,-11.530294698063303,-0.3677465306045169,0.13046590210907538,4.174586737133769,-6.7422387451555394,-0.11962639471937753,0.021675739374109944,0.054406804659423866,0.2326241696847343,-0.2503342222443265,-0.16515478845125406,2.8066048545555087,0.24319138643442748,0.0012419726810167476,1.025212807688023,28.59576130067507,0.6859125349106118,1791.4794649563812,5.0,520.2569523901119,3.233968090469809,11.200531977002766,Medium,thrust_var,4
35,22.595865817429697,-59.47568346389248,524.1019849163603,-11.50092964366405,-0.43198465305864164,-0.583214828888774,5.643364134866343,-4.4592435636385686,-0.21718776392107927,0.008455064227488922,0.19952236782348226,0.23949089902259915,-0.23138589875559284,-0.15905369504332867,2.513204322475543,0.1405081970920053,0.0010611906580417735,1.025212807688023,30.20747688835811,1.0854198624907518,1791.4794649563812,5.0,552.2512146660483,3.233968090469809,11.200531977002766,Medium,wind_gust,-4
35,19.869852141624612,-59.61221330123407,527.994628633599,-11.412532448710403,0.023365718094202438,0.4632277990572135,1.9252758396891716,-13.53782846836054,-0.16372754453822996,-0.0457575629150761,0.06889909764096336,0.23298534691241748,-0.24753517785301177,-0.16965172989066651,2.756609746297583,0.12945988574545203,0.001099456207715701,1.025212807688023,34.46614791947532,-2.6587181178681276,1791.4794649563812,5.0,530.0022868888761,3.233968090469809,11.200531977002766,Medium,thrust_var,2
35,21.338585748295888,-59.76551082338669,530.9860673536596,-11.495649117509009,0.2623940038767452,-0.18597935101054575,-3.37056805490586,-4.727316730861736,-0.20757737439608984,-0.013328238879114718,0.13893500332627293,0.2515781148265296,-0.23702311372105359,-0.15667445961993595,2.7952782391712443,0.19817901882955252,0.0010646259624020795,1.025212807688023,29.378927888820513,1.6731825262390925,1791.4794649563812,5.0,468.6719062888443,3.233968090469809,11.200531977002766,Medium,wind_gust,-2
35,20.136142321655708,-59.16069449309586,525.2636174006877,-11.57063267154761,-0.473341921577894,0.5992500279539023,-7.830153080083063,12.92895313608989,-0.15114566729839038,0.0007998964956494881,0.15751564890258152,0.23466189443808527,-0.2549972834219648,-0.1551095332881752,2.824365727353873,0.2639205447630944,0.0011144312990984864,1.025212807688023,28.9335147180134,2.7725521641616457,1791.4794649563812,5.0,568.9143794256224,3.233968090469809,11.200531977002766,Medium,wind_gust,-2
14,11.34935326006263,-47.40410635345155,1027.0535732073395,-10.427108729666411,-0.1487724989112388,-0.7459564417863567,-0.1262171003397816,0.38465295605213884,-0.11459379364390423,0.07273937664245678,0.12991233120527612,-0.15452420068424644,0.4739981536770103,0.4314914467116598,21.090554190078212,0.12785512278318711,0.003693296023023953,0.9589372723918131,-9.235935701798802,-1.6747449246716979,1026.1610917619823,5.0,1835.8652562531147,6.082939190356232,14.014829787650283,Large,wind_gust,0
14,11.07296769927446,-46.43086106925786,1027.61017660391,-10.055195232506046,0.21143683273169606,0.24286256647588206,1.470081996533155,-7.51577534799801,-0.10798234284233123,0.014345858976128178,0.08979792206760341,-0.13946240912030353,0.48053188412074965,0.4434073465908235,21.294675131251054,0.2047340694735365,0.003338394073236583,0.9589372723918131,-6.919127944564413,-1.6095036274382757,1026.1610917619823,5.0,2190.468782871794,6.082939190356232,14.014829787650283,Large,thrust_var,0
14,10.92211477703139,-46.13381939709524,1025.0058761873015,-10.370638235644327,-0.2567161904261063,0.1202515912509293,-7.388318450018138,0.8262032355935993,-0.043694986502001466,0.10840102743557947,0.0026227200027393177,-0.11730323349590514,0.4713344960481955,0.45442013365993683,20.940458750505343,0.15282298954858356,0.003870434534618816,0.9589372723918131,-8.134701105045707,-0.17628935138388876,1026.1610917619823,5.0,1912.7794991258982,6.082939190356232,14.014829787650283,Large,wind_gust,0
14,10.568666589838575,-46.27021895618349,1028.5604592502743,-10.321382513421412,0.2399732857472412,0.16023843563840223,1.0770570136506183,-0.8294634142319174,-0.11550444432377935,0.026213813216348893,0.07925727376523722,-0.16033970692360025,0.45831106001019456,0.44466988349305825,18.1142794077265,0.14852377424021032,0.0036813379797984917,0.9589372723918131,-3.9919583393472,1.99995213786764,1026.1610917619823,5.0,2184.711708753599,6.082939190356232,14.014829787650283,Large,drag_change,8
14,11.205573429802454,-45.69372836146917,1025.9069292865593,-10.716329771074268,-0.08212354873384643,0.09050197837195115,-10.789547154085966,2.407584771389937,-0.07449889873564,-0.006212058482909828,0.07586372330522619,-0.1513952358945005,0.4626577335826563,0.43105778398103894,17.602951706279686,0.15597909940123073,0.0038264693187402667,0.9589372723918131,-4.329798543430115,-1.7465550446484528,1026.1610917619823,5.0,1807.45971063214,6.082939190356232,14.014829787650283,Large,mass_loss,-4
14,10.525369201676195,-46.177105541568714,1025.7874967979685,-10.231924990079102,0.07059515054539116,0.016952302328780217,7.791749800709889,3.3115307118415105,-0.09026660961708352,-0.012691126096952082,0.08654993541162466,-0.14305764225877968,0.48901274270838385,0.4398555055256401,17.994339641952763,0.17286005141415176,0.002929789306838862,0.9589372723918131,-7.462992140227411,-3.974620459452857,1026.1610917619823,5.0,1943.5759656841135,6.082939190356232,14.014829787650283,Large,drag_change,-4
14,12.385640319238972,-46.398172658120586,1025.2750172644899,-10.628527061075982,0.00031775038854652465,-0.0002058740323447189,5.020119861682193,3.791245171059815,-0.017774481988068705,-0.019809830714645572,0.12417098006616999,-0.13604787155821468,0.46297438875745733,0.4389389880857577,20.815014175477867,0.21055826505045164,0.0037428725206607645,0.9589372723918131,-3.989205145306174,0.43802704695032735,1026.1610917619823,5.0,1970.3857650010395,6.082939190356232,14.014829787650283,Large,drag_change,11
14,10.993575464346137,-46.440055033981444,1027.8260725697187,-10.339372998787589,0.1208810617261592,-0.3612344198686541,2.541432676778123,-6.426113934271046,-0.007661007234001552,0.039764787772387934,0.10774258129594719,-0.1407599689015065,0.4615310892361797,0.4301146998822264,20.018665192192177,0.2991342460804585,0.003714815495171669,0.9589372723918131,-9.49489383423487,-3.41671793247828,1026.1610917619823,5.0,1886.0173666134494,6.082939190356232,14.014829787650283,Large,thrust_var,0
14,11.38610970043691,-47.011277228435816,1028.5118228482784,-10.288188561636616,0.28188865407831915,0.06524101841753276,7.054132089184886,-6.459549997938026,-0.03929550176431823,-0.0839761949755823,0.11132178933691138,-0.1405826388064046,0.46091683431508834,0.42830901434977725,19.70775586242567,0.20488263349699515,0.0037347409646774584,0.9589372723918131,-2.9387636730491535,1.7468329650874923,1026.1610917619823,5.0,1972.502768796834,6.082939190356232,14.014829787650283,Large,drag_change,-4
14,11.431172629365825,-46.45874839035774,1024.4444070936486,-10.40456810239107,0.19472801531625022,0.2761528725197036,7.8113255532753465,14.726231449675499,-0.043223306122989205,-0.04155253974833339,0.11298859100535226,-0.1465229674890967,0.4730273112408312,0.4231753436348729,19.73353841849749,0.24280240473877565,0.0030199851020165746,0.9589372723918131,-8.221453430765676,1.6321620882278776,1026.1610917619823,5.0,1895.022834802251,6.082939190356232,14.014829787650285,Large,mass_loss,-2
70,11.817376095332659,-76.10355991503046,1019.5963474238181,-12.310636892740755,0.3017576953397572,0.0562724379572922,-2.37149582909787,-2.165709497183178,-0.1752012047017184,-0.05813642726673297,0.05239173365981936,-0.307440914478548,0.41580120191771236,0.08681765167368712,0.4516121180138725,0.20637841165269563,0.00012173976895278604,1.12407286838547,5.752611878061414,-1.8023099026779092,3235.5799852082905,5.0,54.067653736503885,1.266672485336154,32.7546266223903,Micro,thrust_var,10
70,12.262365568252486,-76.18478397246805,1015.4344002896013,-12.325220889843436,0.17830489840439342,-0.521221488011831,-2.4864082672522816,10.345480269475342,-0.12654713715995763,-0.17072803592897448,0.088802546767739,-0.3102838175039053,0.4322569840029174,0.08223244582018459,0.482190701108142,0.19926014576559054,0.00014659335236548448,1.12407286838547,9.647838568317209,0.06062382009500792,3235.5799852082905,5.0,55.769147241869085,1.266672485336154,32.7546266223903,Micro,wind_gust,0
70,13.09087485418669,-75.99680312178681,1018.7311437585485,-12.11953147261115,-0.5938782827557585,-0.12403164071295307,4.748501921389349,1.3723416781828246,-0.17672405118034826,-0.29980164233795964,-0.021422931180902976,-0.3141940271620621,0.41999506925550906,0.09276476193102835,0.48678555485987035,0.23353435853631166,0.00010257028315416834,1.12407286838547,4.464622843344071,-0.6092452967094711,3235.5799852082905,5.0,56.289233213383774,1.266672485336154,32.7546266223903,Micro,wind_gust,0
70,13.519524363881393,-75.17210580683525,1014.79225406262,-12.35178133648528,-0.13805579754737263,-0.02943017007911964,3.0102727881728923,2.399979260695108,-0.14554810833615403,-0.20715713888992746,-0.02904521912116081,-0.3020498944489587,0.4102161370391576,0.0897147720216979,0.46802918384399966,0.23518517754540705,0.00014828473182499767,1.12407286838547,6.7970758144826675,-2.3271263594520932,3235.5799852082905,5.0,50.15401334211058,1.266672485336154,32.75462662239028,Micro,mass_loss,-7
70,12.459040191346384,-76.15501671072323,1015.483987120008,-12.417640119987045,-0.17493344312593284,0.28102597905912774,3.981313997634566,0.8315825468756173,-0.0683540043183937,-0.20549848445253338,0.03605495136694794,-0.3056924412603448,0.42582008386134335,0.08703671866975675,0.43732969267944444,0.29841222275808865,0.00013106642442387,1.12407286838547,6.191648292373564,2.3567896031535542,3235.5799852082905,5.0,49.761781949151775,1.266672485336154,32.7546266223903,Micro,mass_loss,-10
70,12.368606068175904,-76.02959403228056,1016.5922226296395,-12.2428928680622,-0.019963932236125737,0.21235315746988215,3.571723573789666,-0.31399282043862653,-0.09528543454277018,-0.11222626108132479,-0.02971392163164361,-0.31331924381364407,0.41855074655546637,0.09613255387776742,0.47947705017915415,0.22304347980154723,0.0001209138487756153,1.12407286838547,8.624324398755784,0.20404574199076028,3235.5799852082905,5.0,57.54055733989436,1.266672485336154,32.7546266223903,Micro,wind_gust,0
70,13.471711871316002,-75.95686140478385,1014.8305905270186,-12.384438265897193,0.2271168005458251,0.20698208306882604,-1.0010833324582804,3.4170733678001532,-0.2305569089001432,-0.17310406179995697,0.039900377152628855,-0.3218068029846686,0.42047091338882964,0.07266943103311366,0.5125061492320071,0.16399230114892166,0.0001374170025787055,1.12407286838547,8.30102712192706,3.024135898282906,3235.5799852082905,5.0,54.3025702467652,1.266672485336154,32.7546266223903,Micro,wind_gust,0
70,11.481424277798506,-76.06559610208024,1017.1606099794221,-12.767839380297081,0.46356762281141217,0.3306883688461532,4.9277108703818255,-0.5810132012938906,-0.16854989130551146,-0.11189544784073682,0.013634170317916472,-0.3057473465095806,0.43502677209962276,0.09444018510432006,0.4620640302105098,0.16713031638349762,0.00013003732301803745,1.12407286838547,10.375510242470956,0.16412683101481113,3235.5799852082905,5.0,48.113885329986005,1.266672485336154,32.7546266223903,Micro,mass_loss,-10
70,12.776725011327182,-75.75711872324575,1016.892944942796,-12.26608011816163,-0.33664572453255764,0.24876451301647995,8.089805714774435,-5.987985688896865,-0.19586094764442646,-0.19839994488898438,-0.0642074177719689,-0.3262403470641348,0.41481411379731375,0.08939788860067442,0.4649983782886943,0.2186628462067585,0.00012662794868918958,1.12407286838547,4.659906847878963,-0.0337659598302377,3235.5799852082905,5.0,51.82725954809969,1.266672485336154,32.7546266223903,Micro,thrust_var,11
70,12.711683585553297,-76.32199940875043,1018.9997898768144,-12.628985648072593,-0.25445906142135877,0.3799752847598135,3.5429721898850826,1.4575404424804759,-0.06971260491150538,-0.1276358898542345,0.034761864991576547,-0.3156524496908853,0.4200538333491356,0.08469978331813603,0.5082496956741048,0.13622506914700228,0.00014076861777320956,1.12407286838547,8.077911288912293,2.9361142663259137,3235.5799852082905,5.0,56.06318620747178,1.266672485336154,32.7546266223903,Micro,thrust_var,0
35,21.409520287800508,-52.88979778852888,650.4982333236479,-10.942132360205925,-0.04155030658198603,0.35105770022116844,-0.025204351117643506,-2.2160934621384785,-0.17278139187686753,0.0901508076947514,-0.159985677174503,-0.45744062810869773,-0.47094041410771886,-0.21292337350118004,47.57821501618352,0.19705368227384742,0.010290546412183365,1.102937953574563,8.10768208212706,1.7768938607171088,1513.093349736576,5.0,9288.721877483156,11.243126168539547,8.910805547491663,Heavy,drag_change,-2
35,22.212483869925883,-53.11000928703202,652.4165085387946,-10.832765386732271,-0.44517433315408367,-0.2485280344775344,-4.628604227346557,-6.556996147550138,-0.22981154089079198,0.052182106046695445,-0.1253041386184333,-0.4595620590263328,-0.4597411669039139,-0.2406834588927701,47.04156307684315,0.3279988952927218,0.010684090072460057,1.102937953574563,5.6787290560560795,-2.0331889237654814,1513.093349736576,5.0,9238.667149585019,11.243126168539547,8.910805547491663,Heavy,drag_change,-2
35,20.65698072584977,-52.63823501364167,650.4747273400469,-10.687074824033406,-0.19393746285609278,-0.1777141381462124,-1.7823170690152155,-2.1453832548521317,-0.05844209472092206,0.09613839428288919,-0.1976404774186704,-0.4645517078941844,-0.4548926554834485,-0.21836489610106527,48.75721137235602,0.2119489209031881,0.009557051792534377,1.102937953574563,3.811706136321154,-0.8077978217288277,1513.093349736576,5.0,9729.259806757938,11.243126168539547,8.910805547491663,Heavy,drag_change,0
35,20.818748533911602,-53.30733633169907,654.2109542429763,-11.177582767525593,0.3097577829161828,0.26125164039660476,-5.4719250068611345,6.309772892068464,-0.11316117810535144,0.03290962890974471,-0.1420378223662899,-0.46197262962021024,-0.4698349675994666,-0.22351487891689992,45.82046515102815,0.16709019711391704,0.009252880213706476,1.102937953574563,7.239262350187406,-1.1423050278168505,1513.093349736576,5.0,9033.657540037,11.243126168539547,8.910805547491663,Heavy,wind_gust,0
35,20.017478362958734,-50.89606831158847,654.9499131461649,-10.857521635205035,0.0060041415004831455,0.22609328449003904,3.9183023711335387,2.211681299880986,-0.033892693526299825,0.05639613112654078,-0.13930133030687325,-0.4620844441795248,-0.4588144956288312,-0.21765333529414796,48.65365915122546,0.2397617124628591,0.007800971449596988,1.102937953574563,4.513939365350989,0.43713777774743146,1513.093349736576,5.0,10108.56059393898,11.243126168539547,8.910805547491663,Heavy,drag_change,0
35,22.255530872002478,-52.355862557890745,654.055168878782,-10.387207368000212,0.0885371508908523,0.13754418714041505,3.7147253144005994,-4.5218574894985215,-0.170578981468298,0.07046719803807348,-0.15222191576929991,-0.4480882221006425,-0.46425525634486103,-0.21094703166373913,45.07396289463664,0.2500768216746852,0.007557876819620853,1.102937953574563,1.6545814292121497,1.264476878683493,1513.093349736576,5.0,9095.610547764465,11.243126168539547,8.910805547491663,Heavy,wind_gust,2
35,20.864495172089985,-52.12543977116435,650.6960854249834,-10.712210566320936,0.40122661247181685,-0.07641178226152882,9.496918804839732,0.24997213560153475,-0.13911960746754493,0.10502877970467825,-0.12659347333538054,-0.4480902993542953,-0.4632647650616704,-0.22458343538831446,51.60226148309009,0.1750314397840423,0.007688537614041246,1.102937953574563,5.65496105930939,0.6998639894888842,1513.093349736576,5.0,9928.915529933864,11.243126168539547,8.910805547491663,Heavy,thrust_var,0
35,21.089190507072743,-52.956047958777326,652.989812344681,-10.647113183238126,-0.32072841726373963,0.25639302670284697,-2.956596531984103,5.553440648000118,-0.041582657947897936,0.03870702635359371,-0.06754839977690834,-0.46250905610399695,-0.4680821255644633,-0.21636728569017716,52.84521662911219,0.24704485730924497,0.009757128090546654,1.102937953574563,4.100406429939135,-3.1662448654380504,1513.093349736576,5.0,9798.799635811543,11.243126168539547,8.910805547491663,Heavy,drag_change,0
35,20.7580821741911,-52.31504724537256,651.3939026898358,-10.813183792499203,-0.4755738032189572,0.10694313140084762,3.2380299128353522,2.467686471018834,-0.04456429240249618,0.07262105874738435,-0.09703138784552476,-0.45705489691571016,-0.4605227207526275,-0.23707744205849562,45.81263632701093,0.27934498285165454,0.007399209041501797,1.102937953574563,3.6134458579500004,2.3445499192161363,1513.093349736576,5.0,9286.55051238243,11.243126168539547,8.910805547491663,Heavy,wind_gust,5
35,21.063453595298657,-52.871721727664315,652.9877518665211,-11.015673141659615,0.34292806470625975,-0.06942947737409837,3.6362642808954444,4.50948630494795,-0.06960274468259564,0.15180861494684228,-0.11205179107325054,-0.46364775746977166,-0.48842012346006786,-0.24414475793981633,49.51866226425917,0.1908077970664593,0.009013625295133743,1.102937953574563,1.6659913798218073,1.4819086733429325,1513.093349736576,5.0,8871.234982068834,11.243126168539547,8.910805547491663,Heavy,drag_change,5
10,18.116314218224073,-48.91763776701324,607.9744021402842,-10.06657619587395,0.2097242660232533,-0.5025242401385293,-8.986674889666347,-2.742114445640449,-0.05587923196176072,0.2737420128144516,-0.08191214892756815,-0.06941550319572776,-0.4718101009295381,-0.3518460745073218,18.886886314439085,0.10692282359191764,0.0033004526549310904,0.9863426345331952,10.584654555038625,-0.06436113025803018,1213.1646683889603,5.0,3639.3053115065923,4.4528961445233115,8.788846519919167,Large,thrust_var,0
10,18.061045547056956,-50.05279149486581,605.1855967146286,-10.531917415529104,0.4998255128964922,0.19562271093904815,-3.5961165799418433,-2.8232317477103477,-0.07939696485660147,0.27638734903802725,-0.0763771731073461,-0.053176729434171274,-0.499131336489616,-0.35787970515205364,19.918992311924093,0.15362321958756553,0.0031761310871558494,0.9863426345331952,10.0890891674769,0.38064665452913654,1213.1646683889603,5.0,3642.4679262389045,4.4528961445233115,8.788846519919167,Large,drag_change,2
10,20.310119429305004,-49.27459378168854,605.4137106138683,-10.300549452620688,-0.046142633364310646,0.09564811307385912,-5.425868391678723,6.344038281584785,-0.19228967578488304,0.2741759472355956,-0.0345549417038482,-0.06912971726698929,-0.48388649522418314,-0.3737061258671762,18.910334034296696,0.2472970480319719,0.0033963006196494824,0.9863426345331952,3.99176182721821,-1.9528510794631968,1213.1646683889603,5.0,3591.3590658220137,4.4528961445233115,8.788846519919165,Large,mass_loss,2
10,19.561282308825366,-50.01419929283143,605.7490115706427,-10.35169483235247,0.05251430498065545,-0.14044536721071563,-5.513620197397165,-2.093400319025154,-0.07516407150027274,0.3211143152890023,-0.1740489684638336,-0.040783889031027296,-0.47262834022480094,-0.37330849942662286,21.628591454651616,0.14972090564572824,0.0037057121434307854,0.9863426345331952,6.421155454387485,2.066873781774622,1213.1646683889603,5.0,3334.4097946378483,4.4528961445233115,8.788846519919167,Large,thrust_var,0
10,17.89317620404345,-49.40141655025635,607.5253420180438,-10.414329647499622,-0.33728301105724806,-0.4626990592768052,1.3720060252617876,0.7526160278434807,0.008478800694612043,0.30595575928658814,-0.11584173676980516,-0.06101818521677503,-0.5009458714051411,-0.3656048180185884,18.79280445515703,0.24549951737972622,0.003526549681649835,0.9863426345331952,9.175385563932284,-2.643654223495585,1213.1646683889603,5.0,3565.6714210324812,4.4528961445233115,8.788846519919167,Large,drag_change,2
10,18.377521076221672,-49.39017160939306,605.16906920177,-10.355709237943861,-0.22016981004962669,0.22142144031370353,4.002560199499271,-6.049330020640618,-0.11321322197188147,0.3344341352920126,-0.13435811612652743,-0.04011368511174569,-0.49067367275479423,-0.3630497629237088,17.742649925246788,0.16427652026744993,0.003793410271478169,0.9863426345331952,7.5045219652560125,0.11757764137866254,1213.1646683889603,5.0,2794.130574682651,4.4528961445233115,8.788846519919167,Large,mass_loss,0
10,20.636272834794497,-49.8493137713192,605.0784521846144,-10.706330441441306,-0.05715755688601121,0.08741233687157517,1.635376090266538,0.7732427161831255,-0.028415529565283384,0.22200734405071879,-0.0817311102893789,-0.0543534610958931,-0.485567567558401,-0.3661750092281941,18.925432015156417,0.13411001239455134,0.0025929141185304636,0.9863426345331952,9.69554258267753,1.6553150194703974,1213.1646683889603,5.0,3744.1367534012743,4.4528961445233115,8.788846519919167,Large,thrust_var,0
10,20.636248016410853,-49.70875593755064,607.5815974920613,-10.593086687149514,0.2982266833530888,0.005039890742981482,-9.031969369740834,-3.1550547804235585,-0.061866788668999105,0.3174836824373262,-0.11545386109053782,-0.05822249012479956,-0.48247445617833196,-0.3620175013843476,20.119451853585968,0.1848577286419894,0.0036431619857555057,0.9863426345331952,7.443540262325699,-2.3787720469307474,1213.1646683889603,5.0,3521.7630789504965,4.4528961445233115,8.788846519919167,Large,thrust_var,0
10,18.593498794223052,-48.855290200995086,602.3644602897544,-10.522741835907905,-0.1375800858569579,-0.11874911300097835,13.858948047458197,-8.674878484729376,-0.020938227017974168,0.39990203607135105,-0.0376454519940026,-0.05502161627619829,-0.4996119776016026,-0.35385071806095186,18.81551796453528,0.12351537814991728,0.0032236763430169486,0.9863426345331952,5.648285670430696,-5.719040077348884,1213.1646683889603,5.0,2998.2729724844708,4.4528961445233115,8.788846519919167,Large,mass_loss,4
10,17.4020093198268,-50.28409124732226,601.475612924424,-10.729695594647126,0.0260553735772324,0.32931895237024,-6.787305678153924,-3.929552969603016,-0.10863968595309884,0.29295406428034115,-0.13269594865844866,-0.06559824376546187,-0.5038549103475679,-0.35330130331042164,19.07678262421332,0.2042086683514262,0.0038250947995215516,0.9863426345331952,6.9266512174853565,-0.001794259432793386,1213.1646683889603,5.0,3155.736349196975,4.4528961445233115,8.788846519919167,Large,mass_loss,0
120,15.35598252464257,-66.46882478803539,710.2537347284518,-11.27988366042956,-0.13738774294686937,-0.2999382885093155,-2.113024007952727,5.83104575487424,0.1248792804000846,0.2404170742641794,0.07142583321596069,-0.10233733809407289,-0.1029242673605078,-0.23867798123327832,22.210514687181668,0.18157674145329028,0.003814289962977558,1.1715818647023428,0.6258507769599864,-3.546938799352963,2573.4640955765403,5.0,3639.5641887263528,5.219668248515562,18.919706552006264,Large,thrust_var,0
120,15.975667630670928,-66.66295699545041,711.4962578716483,-11.065995826806235,-0.21632177939871497,-0.36038306962737443,-8.51791080136479,2.6714268960392125,0.1807406430940281,0.09482111834792488,0.06969547730612247,-0.12531523083994578,-0.12687983639527853,-0.2379150708984651,20.643910119214112,0.14280332147012367,0.0037689079317317483,1.1715818647023428,1.8146038151387833,0.649404767101445,2573.4640955765403,5.0,3416.9368660899513,5.219668248515562,18.919706552006264,Large,drag_change,0
120,16.40671469644455,-66.21505634607283,711.9116846890435,-11.478138822012712,0.04015653611102625,0.1210442219541959,-4.9428962892731585,2.665079679829085,0.00760078682776269,0.11096483753243705,0.18024390152819175,-0.1085559700439195,-0.11233697123412137,-0.2458288365884708,23.018044045319698,0.24481767713127525,0.003712633483092599,1.1715818647023428,3.1592489241414476,0.18410484832362617,2573.4640955765403,5.0,3287.7806657610345,5.219668248515562,18.919706552006264,Large,wind_gust,0
120,15.858251241527176,-65.10877199092019,710.7019130470579,-10.919024453312273,0.24157195737132203,-0.010934196077411312,-2.9348549301023166,1.6598196428327683,0.1479647471988337,0.08872180217580011,0.11793604616303487,-0.09483023326486524,-0.08444684820562486,-0.23663868315212436,25.03789200465421,0.1685312894396772,0.003922271434067489,1.1715818647023428,4.312228306931319,-1.7926666659439918,2573.4640955765403,5.0,3332.8222637084164,5.219668248515562,18.919706552006264,Large,thrust_var,20
120,14.09668980650457,-66.59190437198053,707.7134032942524,-11.683062409555623,-0.23060842064049303,-0.34433628233083147,5.970980448718102,0.4581601434346243,0.02196160514717385,0.13305318104755015,0.059009431917243345,-0.10656933073503394,-0.10120910876133336,-0.2526872002434159,20.44816946080637,0.2201036713373674,0.0036048237121230017,1.1715818647023428,0.19594010070599976,0.0062848359995940585,2573.4640955765403,5.0,2995.6041766778094,5.219668248515562,18.91970655200626,Large,mass_loss,-10
120,16.62714571928998,-65.8642186333236,712.2910818480657,-11.126901089095995,0.015702937395447297,0.26822900278611195,-5.2064738071555015,-5.972292782875971,0.09922546451226305,0.13175563068149274,0.2056626603624914,-0.10671245584299507,-0.08514480047139256,-0.2400277993763702,22.385284302872016,0.25735343242604614,0.0035760195748831864,1.1715818647023428,2.1376081866525616,-2.672742606553739,2573.4640955765403,5.0,3158.0938100359244,5.219668248515562,18.919706552006264,Large,thrust_var,20
120,16.24778450085993,-65.2094450645953,707.2854333503204,-11.110463638625374,-0.08042232271839857,-0.03800641830173379,-2.30614813663581,-7.250257707574701,0.15093963633921187,0.055315284876914166,0.08006917942693431,-0.11265960714341378,-0.09519056008419266,-0.24591914221630654,16.713967231794935,0.15504813628518385,0.003092497791728318,1.1715818647023428,2.640153454524578,-2.3657846053820295,2573.4640955765403,5.0,2753.484266031116,5.219668248515562,18.91970655200626,Large,mass_loss,23
120,17.018688817835404,-66.1169857716723,712.178572290017,-11.0250408595483,0.8038886081700009,-0.1813541581679385,8.722477746799441,-0.30683020049956433,0.03973429089283276,0.14149354186953192,0.12535723093826026,-0.1177055011898535,-0.11436851836766879,-0.2454293527864685,23.305145161410543,0.07646683585602997,0.004051001637788574,1.1715818647023428,0.6461933421388197,-2.6634949687963525,2573.4640955765403,5.0,3576.477753065817,5.219668248515562,18.919706552006264,Large,drag_change,0
120,17.08776992989266,-65.43348607608137,709.7155776069623,-11.193209676435494,-0.16428386370772083,-0.21606593465498944,0.2765790566865086,14.037279160246719,0.2022271611886133,0.1896277841330072,0.1355576985826637,-0.11636753386314089,-0.09477816905772127,-0.273604445126011,20.927368835715118,0.25489389688595937,0.0037205489434449673,1.1715818647023428,4.9539340503297185,-2.8517753506132375,2573.4640955765403,5.0,3306.057949165603,5.219668248515562,18.919706552006264,Large,mass_loss,-7
120,16.821592555509643,-67.16863500708736,711.7305479213765,-10.849400475650153,0.5663059737024132,-0.3678202579339303,-0.7297613631676343,-0.24532764233672388,0.15623574746758434,0.1091196497057171,0.07384942430354337,-0.10502051932161229,-0.10852134625789629,-0.23956048104876615,21.97746241477804,0.1488845171976033,0.004147142239702925,1.1715818647023428,6.180244517377641,3.644542453446486,2573.4640955765403,5.0,3403.4710984344906,5.219668248515562,18.919706552006264,Large,thrust_var,17
140,16.10599553738075,-71.19094836948018,903.590098524243,-10.912749321058188,-0.18152326725894652,-0.46312130619603825,4.2292257736326375,2.3482344290016224,0.1901776709940763,-0.2876576972518255,0.3184689455861289,0.1080105290887751,-0.013739622910061991,0.23615143838767566,24.6075159687381,0.1944424774917809,0.0028521952608170213,1.2212596848985413,-6.594240257844864,1.209885454339083,3144.3319088746475,5.0,3751.5773214620913,5.4077669856363,20.446730649256473,Large,drag_change,-10
140,19.939796872851744,-71.74451900057961,904.0367748492165,-10.786718448691982,0.2744865999030671,0.011423405818937738,0.65064719049021,-7.520742654739895,0.22463559958089302,-0.22838855058429977,0.3063592312325634,0.1181618305077519,-0.0199615552053967,0.22752210714544105,20.985720808515936,0.2718044673091008,0.004072551497686602,1.2212596848985413,-7.135385479336686,2.088772103753158,3144.3319088746475,5.0,3757.3403835475247,5.4077669856363,20.446730649256477,Large,mass_loss,-19
140,16.636763406691735,-70.79295084242602,906.2858806372863,-11.179990613560932,0.3201422459074246,-0.19675324121428225,3.83788255846468,8.886622136763403,0.1920170011918326,-0.28113756890101976,0.2583730347597857,0.1086062569486974,-0.014023199630154944,0.24050397217784647,21.041019380296387,0.13844946531863228,0.0034067153678777025,1.2212596848985413,-5.688324737116198,-2.79022068761701,3144.3319088746475,5.0,3527.7885256004884,5.4077669856363,20.446730649256473,Large,drag_change,-10
140,18.070609384295885,-71.61952003728823,903.9528196963081,-10.766602945960157,-0.29950055684885163,0.3758666986240974,0.4651064411071585,4.587996351298149,0.2962796567966238,-0.2275433379773843,0.29981048872547766,0.10833457145159443,-0.019386313821308374,0.2462245396175905,23.20971246315096,0.1756489568482747,0.0039647311380608214,1.2212596848985413,-6.247118091782038,2.4195763756876207,3144.3319088746475,5.0,3362.042173321638,5.4077669856363,20.446730649256473,Large,thrust_var,0
140,17.93088413523453,-70.14106678042576,902.3499312067245,-10.669118766329644,0.04016156269973789,-0.05567526018074585,1.524511184005589,0.6260737305602754,0.21351309090889045,-0.2608309547498538,0.29951992351404627,0.10169861685189377,-0.013352129750138171,0.23843654813110096,21.130847333787752,0.21688580661154175,0.0039055454292896002,1.2212596848985413,-9.50554582203811,2.1941656174438853,3144.3319088746475,5.0,3180.1440713265247,5.4077669856363,20.446730649256473,Large,mass_loss,-10
140,17.739134860942443,-71.39600679422725,906.6327040309226,-10.865264776240002,0.17002811433529733,0.32059266587702545,-5.408255481320304,-7.511326261701406,0.2603138210055833,-0.2508150259097209,0.2569690866047562,0.11420869970598813,-0.037385180487675806,0.23604724971917168,18.80169549567841,0.11818491074502703,0.0042954517735593846,1.2212596848985413,-9.52652067494835,-1.1766801146153718,3144.3319088746475,5.0,3241.4179641153955,5.4077669856363,20.446730649256477,Large,mass_loss,-23
140,17.139738208390064,-71.89512378591341,906.4155606709202,-10.817643801004747,0.211665224215812,0.029549098398650914,-2.0547603400726238,1.8549546189796629,0.3319962276597201,-0.3066687082041531,0.30513865077730973,0.1209159870183656,-0.026904272389069436,0.250615085532223,24.03324512191324,0.13528596690179406,0.004151845224207787,1.2212596848985413,-7.99635413874665,0.7176997798875314,3144.3319088746475,5.0,3885.963107130091,5.4077669856363,20.446730649256473,Large,wind_gust,0
140,16.80322128745203,-71.65812146762617,904.9002669125251,-11.087260811603652,-0.12643868920865928,0.21377383398301847,-0.8885793313507278,-5.985428407751497,0.3211110049426319,-0.3085636442421442,0.2794392621669651,0.10916780860235005,-0.01420446214214698,0.24309114034692614,16.824840941294386,0.1648743155088331,0.0038476079701652965,1.2212596848985413,-7.026304554174211,1.0233326003318035,3144.3319088746475,5.0,3336.4540852580185,5.4077669856363,20.446730649256477,Large,mass_loss,-17
140,18.085127160196706,-71.79660614878084,907.7012441577552,-10.859097264347836,-0.14342397101097457,-0.3009345568118598,-2.5692840042928933,-3.994928796057111,0.24465784036840885,-0.16991273705125048,0.21119914397165224,0.0920593354459138,-0.0211028997137831,0.22776574677622477,21.844957693267396,0.2169579942805252,0.0037172301514509327,1.2212596848985413,-5.931098906502707,1.182116040523258,3144.3319088746475,5.0,3944.8238047363675,5.4077669856363,20.446730649256473,Large,thrust_var,0
140,17.07226445916614,-72.07253246520627,904.187674109517,-10.862336091184245,-0.0074490942379941295,0.1237924084328897,-2.149164115739268,-2.4329283485032662,0.3214650529526618,-0.22628129090647597,0.32551189232755906,0.11821121886105172,-0.01349710281691545,0.2506788590711114,21.158748667984515,0.21020769359980138,0.0036686077619444268,1.2212596848985413,-3.452749955822085,1.8552910636066,3144.3319088746475,5.0,3580.140312804786,5.4077669856363,20.446730649256473,Large,wind_gust,0
45,15.304730606455534,-20.46794425124237,703.9981011502136,-10.119551191676727,0.43422029950496355,0.7113965424263539,-8.736210938426925,5.215615580000713,-0.11643288077829769,-0.017891531505448102,0.20605317229606174,0.4761040162602513,-0.4325864464933035,-0.015891139361958868,1.7818354228240203,0.2106532610489361,0.0003584323259580352,0.995310728899806,24.471174406981213,1.1309643393608888,209.7088419162677,5.0,227.99001672616578,1.1492491213849236,5.0,Small,thrust_var,5
45,14.816178339527857,-21.461907910773718,707.9276412057326,-10.079857551423471,0.17334968659197744,0.3250323910043655,0.948236985059941,-10.177397142755888,-0.22939722391060802,-0.1556261036188768,0.23113593450730707,0.4791225941300117,-0.42664667759655167,-0.0025324380769636973,1.4781410945255196,0.20606459154500412,0.00038648431948469237,0.995310728899806,22.112704853003866,3.5033489075557878,209.7088419162677,5.0,244.06588472769664,1.1492491213849236,5.0,Small,wind_gust,-2
45,15.717374415902322,-21.19395898121751,705.2554420867359,-9.406323205369699,0.5551255542463576,-0.5443244859147848,-2.5377836381018017,0.3140767017781671,-0.2017740635067439,-0.02110414298795192,0.2354578256352626,0.4652619617935572,-0.42574936163271615,-0.02505386834344367,1.529019281129838,0.26576423725443943,0.00041105820056501474,0.995310728899806,24.26092197905348,-1.151276736404514,209.7088419162677,5.0,203.66766227146843,1.1492491213849236,5.0,Small,thrust_var,5
45,16.114432994894905,-20.35166503292775,704.910766016347,-9.832377958795865,0.16972155133618536,0.010752988457414769,1.3314767822031173,-2.9849351552276584,-0.1725030739802798,-0.08403358563803434,0.2227817932848817,0.4663203482722566,-0.42676179807029685,-0.026052288018845196,1.4831005776181658,0.26431260432274295,0.0004094056494045563,0.995310728899806,21.2381223354769,0.8616920103394934,209.7088419162677,5.0,226.40701627303082,1.1492491213849236,5.0,Small,thrust_var,0
45,13.335048124958332,-20.57659442812052,709.673802827213,-9.861072630633522,-0.19741369634919959,-0.1433625916280471,1.6857270723626492,-2.5537356745943263,-0.10778572776345736,-0.14895445475500238,0.1827641302251626,0.47892913254284425,-0.42246961635270885,-0.047589466160993625,1.570347836552311,0.2521469589743489,0.0003977833337093058,0.995310728899806,20.48233031756358,-0.5050882444301693,209.7088419162677,5.0,225.00152255724612,1.1492491213849236,5.0,Small,drag_change,0
45,15.757440012391395,-19.994186569366757,706.4425398455896,-9.892521211868178,0.2999031290721116,0.11703766148027904,5.994987408277465,4.372481641991144,-0.16283628741509776,-0.18730568961592498,0.23494414096185193,0.455309873622361,-0.42872875585094716,-0.02877919542668979,1.7011442105548016,0.22525313331417754,0.0004440616348581281,0.995310728899806,20.664239096223653,3.059336548575262,209.7088419162677,5.0,233.75873601540258,1.1492491213849236,5.0,Small,thrust_var,0
45,14.639186920540512,-20.569338150153026,706.434427441031,-9.918576817791458,-0.08854585530908485,-0.0938868619581897,-9.609929793936924,4.67842811161695,-0.11859524985207025,-0.04645250461503199,0.25953430145415024,0.46638521225416957,-0.44442015926340944,-0.045042802890415026,1.680973894778517,0.2280774231768117,0.0004637797676126749,0.995310728899806,23.505925540095586,-0.742261448241822,209.7088419162677,5.0,198.02716910928058,1.1492491213849236,5.0,Small,wind_gust,-4
45,13.614623210477264,-20.714157630405367,704.870106566562,-10.124039188402222,0.179873588344126,-0.2581521979515931,-3.0234042506370544,-10.435346228547582,-0.14591987673636295,-0.1763975717148445,0.2379389109350276,0.45761009778732287,-0.4285145915742475,-0.030152029074106707,1.7307836262118588,0.2248608990226597,0.00033008973714919085,0.995310728899806,19.11365117291578,0.11041601798466646,209.7088419162677,5.0,213.35740980688655,1.1492491213849236,5.0,Small,wind_gust,-2
45,14.929466784225152,-20.012223297457062,705.639958035381,-10.174918414335183,-0.2448182958513022,0.23543719629102605,-7.74044012680375,-1.6661519857926694,-0.17501719269308458,-0.16205248051397808,0.25605880749220716,0.463168250486143,-0.42722967324708555,-0.04112524362608014,1.6635279589057455,0.21063370080708924,0.00045458167642532137,0.995310728899806,20.829528029466672,0.8991253221690856,209.7088419162677,5.0,232.52524264420217,1.1492491213849236,5.0,Small,thrust_var,0
45,14.185460705124648,-20.203974004144495,709.0020706957855,-10.120018875455646,-0.5785841191160281,0.10967146639144133,0.16373823764700102,-7.738077566797771,-0.10094478992687837,-0.09549107637586632,0.16067180783596335,0.4860142504785341,-0.42204880212193485,-0.04760777343355499,1.4159342919868656,0.2394913035208843,0.00046174139733663207,0.995310728899806,20.395677117404727,1.6666061066805948,209.7088419162677,5.0,188.30298997765385,1.1492491213849236,5.0,Small,mass_loss,-10
50,17.928975796610516,-29.89005929493806,1019.5366951406131,-9.957311590158824,-0.42369094327404394,-0.04716981669222734,-8.266824511975631,2.0471877716081917,-0.08849529043188264,-0.21291819493698347,-0.21598593329684684,-0.11719056794811307,0.300168681432687,-0.16034500650161232,3.7357598154622775,0.19499590410543835,0.0009036226895704327,0.9886113928673068,6.956960667314275,-0.4813180428595768,400.75108881743284,5.0,665.0171002496436,4.569060046440526,5.0,Medium,thrust_var,10
50,18.11341450771275,-27.70559884265819,1025.8466290822505,-10.094981193049653,0.7415801317295573,-0.00940234580091674,-1.0726047516795445,4.329362942921716,-0.08989712703591177,-0.1627674982667648,-0.013289235725745738,-0.10805972387261556,0.2765710867105715,-0.1721724031593349,3.267066636028953,0.2432635578647273,0.001036769318337479,0.9886113928673068,7.441194640915464,1.8150646015853937,400.75108881743284,5.0,601.5606239200122,4.569060046440526,5.0,Medium,mass_loss,-7
50,18.85261694488926,-27.646766157666114,1020.4194241731899,-10.496966566603286,-0.08321572986638805,0.8426062351315252,-5.476313918264209,2.4346247360593973,-0.1830340203075462,-0.07629249116053687,-0.1776711838184698,-0.13216320835591916,0.29450995553164294,-0.1746619015765099,3.797503235011923,0.24247306619952858,0.0007753749238438601,0.9886113928673068,4.1946548669925665,-1.3941785183560915,400.75108881743284,5.0,557.6996502181174,4.569060046440526,5.0,Medium,mass_loss,0
50,17.04790937531885,-28.023520906682197,1021.2872401347856,-9.85644455528774,0.15878489760934425,-0.006834189133525447,4.048141390310797,-4.7173078934717445,-0.11122780436432164,-0.13135461262864392,-0.19354457899457855,-0.10810580059178443,0.29942628782827735,-0.1627367697709399,4.063379559973093,0.1934856875358042,0.0010439494982523163,0.9886113928673068,2.889693628918221,-0.8869728780365098,400.75108881743284,5.0,680.1016624773506,4.569060046440526,5.0,Medium,wind_gust,1
50,17.21432000103443,-28.55109039179324,1023.2122420848599,-10.353189621734783,-0.01305856499290663,0.12249287691105501,2.0203585882452293,9.591912052520055,-0.10943301246058391,-0.1671749124600342,0.003625132616904725,-0.12198447455841638,0.2705457995479972,-0.170489880418869,3.9741900168989126,0.09449886099064389,0.0009382905271369049,0.9886113928673068,2.462520686454664,0.6193505572037211,400.75108881743284,5.0,635.493690856683,4.569060046440526,5.0,Medium,thrust_var,13
50,17.900243771432994,-28.500787529901814,1021.4384283062391,-10.081398746777245,-0.011102428221970087,-0.2523145291194883,8.414441944739156,-7.435771178548855,-0.03629101331908376,-0.17209436842238607,0.011280633824996014,-0.10484326640230605,0.2899222092684921,-0.17832266902217184,3.7847051756016308,0.14286046525017998,0.0008949566754973225,0.9886113928673068,0.9285060061987043,-1.8459537967481878,400.75108881743284,5.0,639.5599179007429,4.569060046440526,5.0,Medium,drag_change,1
50,18.110097618522556,-27.352922305741615,1020.3943393510793,-10.152149767596327,0.12384913370893867,-0.21382613691236524,2.0858301491141917,-0.5532634147627418,-0.08065370405688022,-0.17329863295205017,-0.04849095542959147,-0.11168081621090796,0.28232179602206037,-0.1751739070754831,3.6574481131051186,0.150039411770359,0.0008015059678817702,0.9886113928673068,6.3606583987578285,1.3249977645954214,400.75108881743284,5.0,681.3669238869462,4.569060046440526,5.0,Medium,wind_gust,3
50,17.697390831301373,-29.396625161589956,1024.6485381591533,-10.061059030480944,-0.8318516229289404,0.6210759254601586,-2.393812595424173,12.195115935886582,-0.05333937217203372,-0.1771684708100682,-0.07458122071292593,-0.11534462956622675,0.29413436861588493,-0.15573939070574497,3.6074560451481843,0.22666823544675904,0.0008995230593492424,0.9886113928673068,4.162231975772787,3.953220667761211,400.75108881743284,5.0,653.3275271366551,4.569060046440526,5.0,Medium,wind_gust,5
50,17.4615783788606,-28.519360926425335,1021.6776729630163,-10.282887477642143,-0.05968644205676574,0.026370003106301148,6.243889584130687,-5.295496681472494,-0.10138263238703354,-0.13952911738408708,-0.08149140969492003,-0.10761379510595052,0.2838105323488298,-0.16806097710629825,4.044143251183504,0.2660583279797545,0.0009505216048962081,0.9886113928673068,-0.6675190967707962,0.46746166929889943,400.75108881743284,5.0,639.7637421429539,4.569060046440526,5.0,Medium,thrust_var,10
50,19.4588575796189,-28.4226104727187,1022.568461846224,-10.075098244848817,0.5346072338104417,-0.11066493088110715,-0.14753799309535634,7.3171782713049724,-0.06485704879815289,-0.11018154405423336,-0.12932495977343916,-0.1103048376110734,0.3083656050247269,-0.18260899419546234,3.7485943621531854,0.21283426154457394,0.0008734108478089119,0.9886113928673068,3.6707737073386255,0.22527336365128076,400.75108881743284,5.0,638.0568226384761,4.569060046440526,5.0,Medium,wind_gust,3
65,8.085734778857,-62.79688416202553,535.4240212736464,-11.863157449975704,0.24891123881211352,-0.3834938461061456,-10.09231214236008,4.328505894173064,-0.3198821890529713,-0.18378380905962893,-0.06293736426490094,-0.3954524634623817,0.23234354737427695,0.46357616935737034,0.46875869860327174,0.22878983564454664,0.00014348700001731525,1.1024743671924226,24.51144730584653,-1.6646998291761756,2164.395352467697,5.0,39.19352564110934,1.3786309261730072,34.266826131105084,Micro,wind_gust,-5
65,8.775071940541483,-63.10036296212625,537.8196593695209,-12.100285446970561,0.556471755563899,0.33533620045052753,6.8624866860872675,-3.8577755500430695,-0.27208698292017514,-0.22540054256901304,0.02619422506774936,-0.39864169721117954,0.2204106073672303,0.4618716323536092,0.5195414063738203,0.22041700268496545,0.00015497295803175405,1.1024743671924226,22.23271240707407,1.790791321375515,2164.395352467697,5.0,36.48811049840271,1.3786309261730072,34.266826131105084,Micro,thrust_var,0
65,8.810148126804048,-62.49943226604056,537.1651950426935,-11.834354024073608,0.6444717605872922,-0.17605280385725583,-9.999932801551456,-10.490937316356009,-0.18682478334557706,-0.22755005393779826,-0.021871616978625743,-0.42030897008082646,0.22037049398470815,0.46598590236859183,0.49540275432698805,0.18007039805431208,0.00013817233629436764,1.1024743671924226,20.72435284358728,2.4166465718944656,2164.395352467697,5.0,38.99021258007313,1.3786309261730072,34.266826131105084,Micro,drag_change,-4
65,8.216539226448862,-62.71627957816935,537.738683510201,-12.357723624992007,0.31257429762623673,0.0314237934742951,2.227572685320913,-2.9608672671762792,-0.22991484540269091,-0.12837764660389572,-0.004704444357091494,-0.39137230540456364,0.22498688829252833,0.47818317054791365,0.4706451822573164,0.21227243104272914,0.00015301180001286492,1.1024743671924226,19.303312324858457,-0.06476894752953516,2164.395352467697,5.0,36.188656467365476,1.3786309261730072,34.266826131105084,Micro,mass_loss,-10
65,8.52652335130615,-63.14137496450653,538.1116549781887,-12.188102578488953,-0.2229709100334283,0.2801976669461358,2.6225871729708787,-1.3700815690954844,-0.2808016119084998,-0.2341408571414817,-0.07956710087070037,-0.39979983285214965,0.23348722832038515,0.48062667643555457,0.44835126853393753,0.2195658883105268,0.0001500324720912947,1.1024743671924226,20.545279703066978,-0.8598639418484161,2164.395352467697,5.0,37.18466820158891,1.3786309261730072,34.266826131105084,Micro,mass_loss,-10
65,9.188780416477016,-61.93640000869037,536.1234279990508,-11.72811123182865,-0.0326343400067347,0.37190352374416974,-8.75479302589503,-2.7758606355288045,-0.23235287529217552,-0.21040314605045557,-0.05241617719534631,-0.40492537524376654,0.23121199365044323,0.4648367475045008,0.4642367889207869,0.19072980120157337,0.00015708339423679176,1.1024743671924226,18.044596870870983,0.7844463517503127,2164.395352467697,5.0,40.394974972166665,1.3786309261730072,34.266826131105084,Micro,drag_change,5
65,9.475238685595496,-62.9097300687573,537.0379266121795,-12.361049062165744,-0.24287004062687167,0.5705739445987502,-2.610171449208782,9.596406500722296,-0.3150869459875617,-0.2778705786027428,-0.04809527355273273,-0.40303995936805115,0.23713325603709412,0.4734484146794623,0.48010139319849837,0.1933342096740947,0.00014924538407708258,1.1024743671924226,20.464179358140864,-1.7759258732032432,2164.395352467697,5.0,40.498413712051715,1.3786309261730072,34.266826131105084,Micro,wind_gust,-5
65,8.363235461376803,-63.61619608646956,533.7793569722012,-12.496243802444779,0.23525406311375013,0.258075175955401,1.6249886266327351,1.5720439759355311,-0.1806121010940635,-0.20805470729507908,0.0008717657735536379,-0.4025099335181097,0.2232918329726452,0.46613836120509466,0.5077429703569605,0.1456640718722628,0.0001590097511008643,1.1024743671924226,19.262709113204384,-1.2210331005898531,2164.395352467697,5.0,37.57859685890864,1.3786309261730072,34.2668261311051,Micro,mass_loss,-5
65,8.310568236355353,-62.57994582977203,533.5024407362253,-11.742822985507836,-0.18117677812311495,-0.10045521888335367,-6.588992662097003,3.3644743314957273,-0.22645833075801544,-0.23997294156185484,-0.14776733491734712,-0.40951801509155433,0.23250261010053597,0.4714549265816461,0.4891748717980791,0.17880261689626054,0.00012982752185997586,1.1024743671924226,24.221227866791136,-2.880242258158825,2164.395352467697,5.0,38.12540078874266,1.3786309261730072,34.266826131105084,Micro,wind_gust,-5
65,8.864128247472372,-62.37530498560298,537.0652943256608,-12.020981931955477,0.6089440394150009,-0.20156112135753018,-2.9294299641896004,3.9732913875959452,-0.14729711372712473,-0.21633632920465862,-0.11651177375001606,-0.39849863951028597,0.22265289768082247,0.4737023293066589,0.45698315067225653,0.12621051085319906,0.00014958751046036415,1.1024743671924226,25.597986611355577,-2.7432341780864182,2164.395352467697,5.0,37.90180662999983,1.3786309261730072,34.266826131105084,Micro,thrust_var,10
90,7.5240876604558276,-78.96300972358553,749.364283557494,-12.643858740080097,0.17026722312342066,-0.2783075588496175,0.9380668570841412,4.780455315916112,0.23762169118278006,0.23510652740949955,0.019487793333958336,-0.0204689660738478,-0.4194745180211441,0.4959992155253152,0.39317829363850193,0.1316597802443758,0.0001578241920827988,0.937490340427404,31.11498060820737,1.2394827750130837,2922.458153231863,5.0,28.775249559506424,1.4664193168045985,58.83385684007048,Micro,thrust_var,15
90,7.612026279225215,-78.34347883487483,749.7302641586192,-12.719297758183199,-0.3053198820268382,0.10913097201834909,-3.4235807717403386,1.5572104231450015,0.29771781812916076,0.20205719113764864,0.03930851360574554,-0.03823686289212515,-0.4019430046840975,0.49420104379832136,0.39658022694401274,0.179663430924241,0.00014510997763545014,0.937490340427404,30.957826987870213,3.671824800401657,2922.458153231863,5.0,26.69190340146285,1.4664193168045985,58.83385684007048,Micro,wind_gust,-7
90,7.808229987049135,-78.77888775737374,750.9219706027018,-12.969110670541372,0.18322141770437272,-0.803288479188225,-3.697468765110931,4.3013871231266885,0.235730329902003,0.0926722083171429,0.04183765847286748,-0.034973473496275026,-0.4210786863106152,0.49623858254082226,0.38842862293155356,0.257896599980086,0.00014038721449765405,0.937490340427404,29.672590813452352,0.3326742336806888,2922.458153231863,5.0,28.525749239886792,1.4664193168045985,58.83385684007048,Micro,thrust_var,15
90,7.365232893278848,-78.23030421805888,751.4626317071951,-12.310199571343231,-0.476468129612346,-0.26064944636691306,7.459715295808204,-9.385195773151544,0.2149679160860083,0.12343597450682871,0.07770849906162089,-0.020821144869009583,-0.4117787962024125,0.4904790280332114,0.40318873652612686,0.22347982416472006,0.00015403350187006426,0.937490340427404,29.259939427775898,-3.9101722278362994,2922.458153231863,5.0,27.800408467129845,1.4664193168045985,58.83385684007048,Micro,drag_change,0
90,7.807106848658539,-79.11287719106811,749.9457088531175,-12.855494652494167,-0.2280011331643962,-0.6341113169821949,2.3571474777842076,-4.439177244142598,0.2594905306706858,0.1760887316002479,0.02397230380444247,-0.03294001969102967,-0.4219923878220809,0.4963501770124657,0.38490571079457464,0.18668526432130286,0.00016982507954841388,0.937490340427404,26.337336368386445,2.8448214185533804,2922.458153231863,5.0,27.798719233524764,1.4664193168045985,58.83385684007048,Micro,drag_change,0
90,8.405572160555396,-78.64470033330936,750.9073059169559,-12.529672582212486,0.14610514692608426,0.32245461650419077,-3.4927652469135877,-12.133089801155998,0.3278278463426869,0.16659029038533696,0.02434520470175741,-0.049367919622143944,-0.4086193880541827,0.5037306390377119,0.40732793969655046,0.14901773321274803,0.00013579031890699112,0.937490340427404,30.954882554028025,0.1453722501274015,2922.458153231863,5.0,30.681747148381397,1.4664193168045985,58.83385684007048,Micro,thrust_var,3
90,7.753019623688478,-78.64485030508172,748.5649936559876,-12.993841640531791,0.1486787144693079,0.06002913552722189,1.396369204522652,5.9514722056303695,0.34852257259663916,0.22263836521875024,0.007467229082559576,-0.02817084127906204,-0.39346790772092466,0.4802348594483865,0.3750486385953709,0.1728366328420325,0.00014716514500096064,0.937490340427404,31.90986840862725,-2.7914710121376194,2922.458153231863,5.0,27.89083248302315,1.4664193168045985,58.83385684007046,Micro,mass_loss,-9
90,7.600091862540614,-79.0003866863819,749.9497014037671,-13.241602986007095,0.10018351439971178,-0.1139723899621731,2.7768982807488434,4.300425338714102,0.314271363958753,0.10604200811548706,0.05903850789464801,-0.027265187841372662,-0.4237563151405536,0.4756296392899452,0.42694354133562173,0.225570762751094,0.00015647488167155752,0.937490340427404,27.462277896424478,1.475056126933076,2922.458153231863,5.0,29.538248206579375,1.4664193168045985,58.83385684007048,Micro,drag_change,-10
90,8.519495574252394,-79.27457486154499,749.7283652123624,-13.076832111238673,-0.007168736282869705,0.20168662896517772,-7.192100846593864,-4.153621315269118,0.3327521979003756,0.14774373303284238,0.05527791876475603,-0.04795280122213111,-0.4124222451764112,0.5033708889295265,0.35141457779769447,0.26820316734292166,0.00016341080223829463,0.937490340427404,28.915806034641047,-1.1886974655799218,2922.458153231863,5.0,22.870483244185873,1.4664193168045985,58.83385684007046,Micro,mass_loss,-17
90,7.455073968591508,-78.84165483472617,748.7968410608253,-12.443495257965239,-0.2593474835269912,0.08202233692511808,-3.817438123568129,-8.665068942456696,0.2963958273155758,0.08590020082691015,-0.014201005388427904,-0.035448174822798474,-0.4115552286159687,0.48789805334197817,0.40155207906584384,0.22119661558067744,0.00015106219904041453,0.937490340427404,30.022961354108332,-3.210766054119611,2922.458153231863,5.0,31.0213172161721,1.4664193168045985,58.83385684007048,Micro,drag_change,3
10,19.15602497042342,-85.37691998033928,547.0766712299388,-11.610242605331194,0.14773120174624998,0.08694901256121347,-6.0796890898795075,-1.2290956335552876,-0.2772065053374178,0.19944687003139164,-0.046031767938502485,-0.39253761930790004,0.34618824244332214,0.005114555647881805,16.787366830552095,0.2306442035881592,0.0033908093572699548,1.1208948659138,3.222012763666851,0.08625086190609833,4142.659167401932,5.0,3104.9059483168066,6.940175229010485,24.990804703660576,Large,mass_loss,2
10,21.90130931805283,-86.29319458163008,540.4669240772587,-11.402289643606071,0.15402131045218664,0.16641147975120818,-1.6603617795599281,0.9104895624848879,-0.24997932121241798,0.2595123349391475,-0.0977343965267344,-0.38444793777099934,0.32101248328300197,-0.0031465871048571795,16.401549709163827,0.29601757010585483,0.0035760662972422366,1.1208948659138,-2.6366783095780435,1.0264364013792167,4142.659167401932,5.0,3247.157761379317,6.940175229010485,24.99080470366057,Large,drag_change,0
10,21.608470499672492,-85.80504262626948,545.6791301433618,-11.426103862041428,0.2905125499060438,-0.03783072496744732,3.6258006670170104,-9.050215612640091,-0.22332518305489393,0.3773467258654084,-0.13365281217095892,-0.37642478463320367,0.3519586618899393,0.0031891603367724484,18.934782402262044,0.1215263773474091,0.0032753300283858374,1.1208948659138,2.3657829934656616,1.9207003047139364,4142.659167401932,5.0,3456.7482848059485,6.940175229010485,24.99080470366057,Large,wind_gust,0
10,20.747655200742695,-86.49885591627068,542.1743994576701,-11.930804673721658,-0.3592553592342552,-0.1960346021550483,-0.9907878932106522,-0.5393735770474283,-0.30924522089386586,0.2785059832800027,-0.06985057287955881,-0.37810495643857955,0.3292535555527068,-0.005591301225677554,16.06879853864936,0.13041521931842925,0.0034179639495506148,1.1208948659138,1.0987690553057083,1.6242295843655576,4142.659167401932,5.0,3109.810422316445,6.940175229010485,24.990804703660572,Large,mass_loss,2
10,19.32887024522653,-85.45310661290146,540.8440640215057,-11.809855595057659,0.43404685203346016,0.07319585639929403,0.9596100251805662,10.660732300718507,-0.23069609752267106,0.255313167412648,-0.1129877917405882,-0.396933642934283,0.34678819376912606,0.0020427088156488383,19.02394519800962,0.26064919642746853,0.0034634705276675357,1.1208948659138,-2.3831932429322586,-0.10342622261609168,4142.659167401932,5.0,3225.8968780678106,6.940175229010485,24.99080470366057,Large,thrust_var,0
10,21.313918873787273,-86.15647210167931,541.2853641024335,-11.577732940061136,0.01919349308402692,-0.16530302320115367,-1.8653189348189652,-4.355368354476209,-0.19681815760695737,0.29188868033019344,-0.08686006940219189,-0.3915435847660518,0.34759109586521514,-0.001494941490271311,16.08309953715559,0.22299907974035507,0.003517627769671397,1.1208948659138,-0.8215777151087627,1.9873819041859104,4142.659167401932,5.0,3388.0300605112475,6.940175229010485,24.99080470366057,Large,thrust_var,0
10,19.197801038357078,-86.66991862413097,543.9454108985312,-11.651084035392135,-0.14309381679682132,-0.18496107813847665,5.125073480574775,3.525498684523685,-0.28263425275509,0.24817816047923763,-0.057419333329676685,-0.40189802567530714,0.34502405852947077,0.0032153795533990375,14.24785882984764,0.20077841374063018,0.0028981394323396746,1.1208948659138,-2.9038658716419876,-1.0059420218132558,4142.659167401932,5.0,2820.847295902792,6.940175229010485,24.990804703660576,Large,mass_loss,2
10,21.014748513778784,-85.67744305272566,545.2574983557975,-11.697602846190309,0.2879835149167924,-0.19317049364177982,-3.4559203534277283,9.371398268191259,-0.26800931289523694,0.18913024566155912,-0.04575917571942825,-0.3719662979320674,0.3318713203384866,-0.024646908596785377,17.961607776618504,0.30361505607133765,0.003686317526998107,1.1208948659138,1.045028544180808,1.6536240806138296,4142.659167401932,5.0,3536.9051651741993,6.940175229010485,24.99080470366057,Large,thrust_var,0
10,21.436528362897555,-85.5056895517896,545.1564563487794,-11.626601185911232,0.0957362525605624,0.35611534519991456,6.117898298796368,6.674733641918216,-0.24094715357624583,0.3184708337305578,-0.0317066135656682,-0.39181648019314125,0.331044654831786,-0.0035425417295835322,18.821483910940042,0.24575860753593115,0.0035297160680650844,1.1208948659138,-3.5109064476738987,0.49236788859193453,4142.659167401932,5.0,3218.213806429767,6.940175229010485,24.99080470366057,Large,thrust_var,0
10,20.759922416464306,-85.07677942420713,547.1285961992111,-12.070809326853402,0.06098805089685046,0.33810607770631457,-6.70579856103738,5.186836198820602,-0.27815289246424213,0.27994882869249277,-0.08505231867844873,-0.3748961644771187,0.34954789166412664,-0.006932241105364774,16.090478730576464,0.17268858156412425,0.0038948042236117,1.1208948659138,1.497424054355942,1.7888276718693343,4142.659167401932,5.0,3129.051105543362,6.940175229010485,24.990804703660576,Large,mass_loss,2
10,22.67615995371201,-46.019501466204595,502.80619183863695,-10.855683946182412,0.023487729452031304,-0.11104687448074572,3.239391158598833,3.8215295617644927,-0.017441745418077144,0.06898054449046778,0.2277306666132592,-0.08528174956021703,-0.349450791457665,0.48639381641792623,13.415504729652907,0.18824852482097923,0.003745035441983125,0.9263319400607476,18.923359105933297,0.322560906625882,974.6253218788571,5.0,2763.615136725103,3.665433195863987,6.485471868902098,Large,drag_change,0
10,22.119474888172967,-45.441105545004675,503.5764291916138,-10.649913816997328,0.3991030522469156,0.5663576963875916,1.6561137992993815,2.5340129727623713,-0.13500883026658567,0.16903624159511782,0.1380171605774983,-0.08387637894981642,-0.3486890918905592,0.4915323584156829,13.207215650781341,0.20627043397379224,0.0039639983733388735,0.9263319400607476,20.10618347717487,-2.075590946036368,974.6253218788571,5.0,2611.748286568844,3.665433195863987,6.485471868902097,Large,mass_loss,0
10,21.543348788914386,-45.643415511522214,507.3444325107553,-10.791044039983523,0.13916376181361678,-0.27756132863870525,0.004852004126597177,-8.019696182453666,-0.03105587417769181,0.13529993442957808,0.15081539368770785,-0.06129126608306393,-0.3491729112343721,0.46556841326966625,13.500181858346046,0.2231967020993794,0.004440093987833309,0.9263319400607476,18.061183946737682,0.7128280880506244,974.6253218788571,5.0,2724.0722802694286,3.665433195863987,6.485471868902098,Large,drag_change,2
10,22.03484854802079,-46.5632976085509,506.209966610941,-10.633708116341664,-0.0711511893377797,-0.4478370361885831,6.115564725341517,-4.8607782669742114,-0.09045943861627342,0.06608954251479013,0.15100382937134493,-0.06852725142945992,-0.3374104911898675,0.483621272791709,13.06433159213006,0.22766487122006657,0.0030419929358768937,0.9263319400607476,22.208497094365427,-0.8096592821566628,974.6253218788571,5.0,2934.855430040276,3.665433195863987,6.485471868902098,Large,wind_gust,2
10,21.63911948517027,-46.0347262125284,508.45322155677144,-10.837981888730804,-0.074976136535912,-0.20628479374763412,0.5880232210039621,4.268798719115574,-0.010850145654466764,0.05300359116327944,0.2138107439893307,-0.06571459689868467,-0.3457420384028189,0.4923455950714129,13.339472751239414,0.21962129823996732,0.003170786191888422,0.9263319400607476,16.65238544389253,0.12687301973573475,974.6253218788571,5.0,2804.9194771394386,3.665433195863987,6.485471868902098,Large,thrust_var,0
10,22.400334344371263,-46.20976976142027,507.8027051571559,-10.736593000213697,-0.12007268487956566,0.5672521260117496,-2.0279367837383946,-3.9942577200864813,0.030184330550146556,0.011496516680983677,0.13214450972495095,-0.06877605616047605,-0.33675291630743004,0.4886203881846393,12.577355180341439,0.22980043364930602,0.0034362649890184323,0.9263319400607476,18.808464112782595,2.4064255645845707,974.6253218788571,5.0,2598.288903978485,3.665433195863987,6.485471868902098,Large,drag_change,2
10,21.890388583537884,-45.90604626977221,505.38610235140874,-10.474660692879418,-0.12571942344405698,-0.26507200316686674,8.3713052601346,3.4578701777100287,-0.03035752450495289,-0.05801348860997259,0.1550204400047724,-0.0747578342345226,-0.33150021052644185,0.4589158489460089,14.084772868482226,0.2218466562055506,0.003169018049030651,0.9263319400607476,21.8634070517068,-0.4877462340546506,974.6253218788571,5.0,2449.699155769017,3.665433195863987,6.485471868902098,Large,wind_gust,2
10,21.700287122443786,-45.50259992545192,507.84073704154974,-11.013785072842255,-0.29992291549356215,0.6107665930502263,2.895814712557172,-0.08437502862176618,-0.05513201251156469,0.08005249230417186,0.18754905787879617,-0.07227645196314932,-0.3354474247363163,0.4677470384521482,11.210169297624878,0.25215352459851803,0.004365730644161263,0.9263319400607476,21.70496026518149,2.595507423574484,974.6253218788571,5.0,2404.0216380601496,3.665433195863987,6.4854718689020965,Large,mass_loss,0
10,23.477451370677393,-46.19813283745603,504.28363093913663,-10.777271679299542,0.11401616999655059,0.10387805778201643,3.3226514779287744,-4.627015690699846,-0.06726424345005097,0.09197527914424569,0.2663366945007851,-0.0855111901350217,-0.34686137461621963,0.47281749579248694,13.160465055031493,0.1401383969562456,0.003636024746215043,0.9263319400607476,22.461341593290605,-3.247978181500545,974.6253218788571,5.0,2804.7562188436627,3.665433195863987,6.485471868902098,Large,thrust_var,0
10,23.21745374710734,-45.945878485571946,506.87356828540175,-10.957502474973062,0.3050492667038554,0.1881984360821428,2.7847394117025157,-4.065114260844112,-0.06703160113208496,0.07522858691761362,0.13206675071990182,-0.07019273773879262,-0.3677461565738302,0.4715401787097626,14.239270183448292,0.22197429139978825,0.003664379442436295,0.9263319400607476,23.990228451146574,-4.671907237602872,974.6253218788571,5.0,2562.78777726894,3.665433195863987,6.485471868902098,Large,thrust_var,0
80,23.077647941123793,-25.09205826073253,1126.4753430493035,-10.064198860390778,0.09600210807839225,0.2990448868616462,0.0005732188517978915,3.9379423668055886,-0.250858877254842,0.2503381423437111,-0.2452514582783306,-0.13899710258922793,0.45729185029733666,0.45904272938617957,37.78603672133799,0.13726827575080647,0.008314379256817451,0.9765276018245517,10.554354857153957,-3.585901154568387,305.163295338298,5.0,7898.683657527533,9.750213461333669,5.0,Heavy,drag_change,-1
80,23.310860728457648,-24.423485885217172,1123.1517349266953,-9.935171269021307,0.0555703428392977,0.24976022959709626,-5.652081293883665,-4.488888988979775,-0.2740126497686751,0.14706359452641699,-0.2357013255920342,-0.13052412302975933,0.46746999240233106,0.4820287272457321,34.83328394003473,0.15264189329538635,0.010523271604748724,0.9765276018245517,10.985898436596623,-1.4516694000281158,305.163295338298,5.0,8007.822493675878,9.750213461333669,5.0,Heavy,drag_change,61
80,24.832419976445095,-24.76333697969289,1124.464819853853,-10.252931690379693,0.20130780341665463,0.09904498481758156,6.41869716850704,0.23439271651655655,-0.33587988864412915,0.11627514122371374,-0.22953377356612395,-0.14244499862882065,0.460917031985933,0.4846283806366257,35.36022119989469,0.19518193572058884,0.008504043960375561,0.9765276018245517,11.398836602940792,-1.1689868655887974,305.163295338298,5.0,7574.567284151176,9.750213461333669,5.0,Heavy,thrust_var,15
80,19.620503082932537,-24.830423466126042,1125.0686264671258,-10.328011000928461,-0.6548925859353031,-0.20332067486335018,-1.0174096592525197,-0.5526555488386944,-0.3434218865104977,0.21144210297319413,-0.21487397477775996,-0.1271749963770805,0.46876778795178803,0.4713563177956181,37.2249429386528,0.1533089711104721,0.010044453555591344,0.9765276018245517,9.955689265584674,0.7040462518592162,305.163295338298,5.0,8310.671227460636,9.750213461333669,5.0,Heavy,drag_change,-39
80,20.705599264457863,-25.457477146610938,1122.981316817314,-10.011750820039325,-0.4955050465472988,-0.1563502101024444,-3.2465900255820817,0.583774089192422,-0.22241040820190508,0.16899056202722681,-0.29501458238824974,-0.14354602100243205,0.45264807256509354,0.4829745978733858,32.72124816599032,0.1493753014898193,0.010939674888151132,0.9765276018245517,8.962756377192077,1.9092842442128262,305.163295338298,5.0,6487.534985536005,9.750213461333669,5.0,Heavy,mass_loss,-29
80,22.72715797411702,-25.132335112471935,1122.8591822121678,-10.324283328204414,0.7785289360236979,0.12083748656662797,7.360065294032646,-5.578025474514847,-0.16913083734638712,0.18145749399439962,-0.23980408110033402,-0.12682556029041753,0.47165879128245664,0.483022263438958,33.867044853573375,0.19926130367732223,0.009859942761577574,0.9765276018245517,10.358631423071166,-0.84621887158616,305.163295338298,5.0,7120.72916447362,9.750213461333669,5.0,Heavy,drag_change,55
80,23.126663034945004,-24.02906221027965,1126.2715215875912,-10.163995150606633,0.06184061388678114,-0.0006335039954470241,-3.740359021608337,-0.37126053746541204,-0.2590648702777558,0.20691863156896434,-0.3037369707886623,-0.14950924465428572,0.4561365467409043,0.50063723637339,35.80423521798139,0.18342031105342274,0.010011726114672282,0.9765276018245517,11.113752755549376,3.7360658499182198,305.163295338298,5.0,7716.715386739307,9.750213461333669,5.0,Heavy,thrust_var,10
80,23.49584092028759,-24.82312946944297,1125.6837656860573,-10.058847133627225,0.16189107194469793,-0.3484786290574768,-5.071281708807441,2.1557350424413073,-0.25654627265738295,0.12224564202153998,-0.24894297154054262,-0.14949058278970942,0.4835754616546122,0.46172477960313885,35.751596085835935,0.14419258229583887,0.01016234092754978,0.9765276018245517,10.62462357100826,2.025665615558997,305.163295338298,5.0,8014.349418770401,9.750213461333669,5.0,Heavy,wind_gust,0
80,23.44028725966872,-25.731252247755016,1124.6509236982042,-10.785223248445103,0.24297990453503124,-0.3311007812901571,-4.769580709979604,6.859362932478515,-0.22907738660944577,0.24359794556492104,-0.3165845570470982,-0.1271241036649367,0.4551747167774379,0.4846622940323506,38.31470320456381,0.14185523418760995,0.010159703887303157,0.9765276018245517,12.201212334604229,-0.4261808038673223,305.163295338298,5.0,7295.986093899195,9.750213461333669,5.0,Heavy,thrust_var,13
80,24.119112886436522,-24.795463887855025,1125.1627750000453,-9.832157397714814,-0.1013429316446157,0.32235227094091096,7.449530409750293,1.4222266916560717,-0.300380744857608,0.14103329647425822,-0.24420413021910067,-0.14781231098151212,0.4431153865785912,0.49232347430938583,34.83969402965438,0.3209700078238432,0.00869761469180257,0.9765276018245517,10.435674672896795,0.7184234002989363,305.163295338298,5.0,7797.169227133086,9.750213461333669,5.0,Heavy,drag_change,30
143,21.723212644017977,-23.478968599544004,830.2503799033522,-10.259387777755204,-0.5082117843676215,-0.2540157983779518,0.9690450416555912,-0.03200376301569017,-0.10711102960212615,0.15514424268893934,-0.11330185096541306,0.45220991489251194,0.2722896828332662,0.4715494017435434,13.935074435137762,0.18875402302223243,0.00313545022335753,0.9855675668779299,25.323729740194857,-0.8397483245687155,271.83561890805333,5.0,2815.195004037417,4.315807625728869,5.0,Large,drag_change,0
143,23.60353977488725,-23.545825131625314,834.4571567884539,-10.107009950363043,-0.30000739210685307,0.13898973777968646,-0.09091689645676458,1.2268813088954227,-0.04514105930671737,0.13579524149076913,-0.07237274212462175,0.45091851508630326,0.26899883323684826,0.468164474126543,13.388321364866659,0.20566484098170293,0.0028458546090080355,0.9855675668779299,25.81204930668924,2.123180673826782,271.83561890805333,5.0,2707.254971729883,4.315807625728869,5.0,Large,mass_loss,4
143,23.71428470000751,-23.376845484189634,831.710425293419,-10.222984754569811,-0.1571024064166546,-0.6151116349082131,-4.59392654438884,-6.708094878726985,-0.081383080750959,0.2628563311082353,-0.1272971465057754,0.42582004712227794,0.2583263954992979,0.44928039349594834,13.35300013679383,0.18587611446083874,0.0032729913033081744,0.9855675668779299,25.211673552610172,-0.4460882265969357,271.83561890805333,5.0,3175.6605355426245,4.315807625728869,5.0,Large,wind_gust,0
143,24.077711351095147,-23.246670427213726,832.1520147376236,-9.935225137045602,-0.10192713085148168,-0.3174272772660647,-9.284756386367508,-1.6468754824460798,-0.06021891279844778,0.15697843758881228,-0.133507616074997,0.44700821310952327,0.3007227704817466,0.48254125378262563,13.526872982318155,0.23282544003826544,0.003509782426022408,0.9855675668779299,23.552599855908284,0.3337683818102364,271.83561890805333,5.0,3222.258695838812,4.315807625728869,5.0,Large,thrust_var,10
143,22.780708217613416,-23.6150388076509,832.280184477834,-10.06152652247309,0.5454836111228464,0.05765767483760871,-1.600847541103629,-2.701427639478416,-0.12869655523577328,0.1136621336364907,-0.18283685664147728,0.4433922590531847,0.266921016805791,0.48325709398046085,13.883663801623133,0.20733162938230876,0.00338938875537393,0.9855675668779299,29.057852248248015,-0.117214151564944,271.83561890805333,5.0,3103.271982252546,4.315807625728869,5.0,Large,wind_gust,2
143,21.807119877952275,-23.04616416627167,832.9248109438329,-9.825319437706472,0.5723041902941938,-0.12334053040620324,-9.748225971309376,-3.28503139827843,-0.03407453145611612,0.1409813868013428,-0.2355418211041701,0.4314344200255287,0.287706319663996,0.4683545072452204,12.456228144663353,0.2941257765408051,0.004047388875851944,0.9855675668779299,29.867326463858696,1.510686435237566,271.83561890805333,5.0,2813.4493530672166,4.315807625728869,5.0,Large,mass_loss,0
143,23.572064630187352,-24.47231653055417,832.7840168081404,-10.072598431922723,-0.025937226171901206,-0.16661047704686394,-0.20523925850936445,1.2769168269266606,-0.04433343328779435,0.21002492132469452,-0.16287575972449567,0.43165274740475373,0.28655923322832394,0.4475488889066422,14.328527568592936,0.17548217017376586,0.003203492522313371,0.9855675668779299,25.270667046958334,-2.624097754147431,271.83561890805333,5.0,3137.6952733753474,4.315807625728869,5.0,Large,wind_gust,2
143,23.798888819888106,-23.29478831851593,833.2541419913127,-10.07186641293311,0.24849801742615776,0.20055034583924702,3.1770928397059106,-5.973131445102046,-0.07509296149800428,0.1644026162058732,-0.07635384521799467,0.44926714522206607,0.284322446963964,0.447403996076554,14.11316351366469,0.2219549100222512,0.0033375099644300486,0.9855675668779299,26.3641930477557,1.9115046618204141,271.83561890805333,5.0,3114.7655783311643,4.315807625728869,5.0,Large,wind_gust,-2
143,22.702172187051424,-23.616403015764643,833.4541508788102,-9.863691839668535,0.07897964627261897,-0.0008836233997785345,-5.294290044289972,-10.905876188328387,-0.07639113115748308,0.18478194315304813,-0.1707198811207769,0.4429201065603035,0.27814779119930416,0.461435359670693,15.286444616151076,0.26163641710341423,0.0035068170588168075,0.9855675668779299,29.313104485500354,-2.580334828902914,271.83561890805333,5.0,3125.610143570659,4.315807625728869,5.0,Large,mass_loss,-3
143,21.796530400968994,-23.70760541745834,834.6308183106405,-9.996445117176833,0.06705574049876169,-0.20809235002636334,-2.1497932289744464,3.2314595184585118,-0.12402914606451175,0.22604902618577916,-0.2461164942469021,0.44193701907202243,0.258704002583399,0.4755123141420997,14.611020364169596,0.1856805327383612,0.0033270191550232907,0.9855675668779299,30.59566581851461,0.4321375081075745,271.83561890805333,5.0,3320.5328146342863,4.315807625728869,5.0,Large,wind_gust,-2
140,29.575680032113183,-54.986001425474505,667.7179058406498,-11.112524087274744,0.52553886512118,0.24678461099209448,5.983088680024101,-1.8909684255364558,-0.04800977076957545,0.22542688421024762,-0.2349953545830756,-0.0612925188835058,0.10517555495156757,-0.48565331037838955,14.363748097062906,0.263804941440891,0.003796215905170269,1.0851999105237908,-7.695336879639046,-0.18802448820184978,1657.3641116080591,5.0,4296.406088273812,4.78898014409846,6.677668171232537,Large,drag_change,-17
140,28.031375137080474,-55.38258986583866,665.1595712689732,-10.70555256614528,0.20318751956791764,-0.23385908406373723,1.876690735444385,-2.195228391515669,-0.010448140368653783,0.2019193495830065,-0.27166922511557917,-0.05641988643701599,0.10889883777582558,-0.49672290715564893,15.518901119241823,0.2239763754334385,0.0034779171284392138,1.0851999105237908,-7.327769349456101,0.489045094705709,1657.3641116080591,5.0,4159.340789972711,4.78898014409846,6.677668171232537,Large,drag_change,-23
140,30.50152760095887,-54.37151577364287,673.3747839922607,-10.803830687529413,-0.21899900147402293,0.26605279784657554,-2.262121324045207,-3.8375351833690523,-0.17925224504736653,0.19563777304008573,-0.25123060704279526,-0.06716530659224569,0.07763508846966058,-0.4909032050817836,13.30289717476935,0.2543970126634276,0.0038220969845915113,1.0851999105237908,-8.01639364261017,1.1254397201641584,1657.3641116080591,5.0,4094.2440925775786,4.78898014409846,6.677668171232537,Large,drag_change,7
140,31.301711271963185,-55.066307009255326,671.0710204829978,-10.937029591782288,-0.08028531657023817,-0.5286146326620806,0.7781544324991445,-0.06410305788197884,-0.0658573075310864,0.2187802605665306,-0.2404181186308144,-0.07433251923960435,0.10963709665817047,-0.4958899399742135,14.769870040271435,0.17098785770777794,0.0038484972800666628,1.0851999105237908,-7.878595788656753,4.425615578891663,1657.3641116080591,5.0,4317.12796971939,4.78898014409846,6.677668171232537,Large,drag_change,-9
140,31.637291927267103,-55.32763040813013,667.2042301122851,-10.798605094537141,-0.21485055494201288,-0.4332990700268152,-4.976747921730781,10.229466477615158,-0.011434680821779189,0.0897917835484183,-0.22915553191690927,-0.06928443935144706,0.09796829292059372,-0.49924036686375217,15.709374843905424,0.24713478337496372,0.004013570500072078,1.0851999105237908,-6.798848079530691,1.2173126772682665,1657.3641116080591,5.0,4230.616293029207,4.78898014409846,6.677668171232537,Large,drag_change,-1
140,32.35602172005113,-56.02449503810878,669.782727344793,-11.044777776193884,-0.016907929130334256,-0.1461402148104182,6.975918543906867,1.018145746348604,-0.10711015818711792,0.2397301739982553,-0.15024971394119702,-0.05672215576977724,0.09647247822116321,-0.49632559317186803,13.189291540707806,0.21269957111846538,0.004031572360373978,1.0851999105237908,-6.330702086038439,3.5041395991418685,1657.3641116080591,5.0,3571.174590896322,4.78898014409846,6.677668171232537,Large,mass_loss,13
140,28.294324307026667,-55.53844868797349,673.601112949181,-11.308907287046802,-0.07095997562883719,-0.36475319484761054,-6.7421375639049055,7.736554915438392,-0.06350192883440944,0.19720260503458426,-0.3045530513417376,-0.06454219650644771,0.11220288489196945,-0.4811067011993352,14.309105581127238,0.14352572112022982,0.003746261678384821,1.0851999105237908,-6.123894178807779,-3.5888871701778027,1657.3641116080591,5.0,3715.323637912187,4.78898014409846,6.677668171232537,Large,mass_loss,-19
140,31.0645789366261,-54.08404225857288,671.5055262426574,-10.926699010613621,0.40314393403838567,0.27113524134728,-1.2640965766392047,-5.898988046512363,-0.07872860746965905,0.1420345948253597,-0.2338311660081792,-0.0768420851289984,0.09672995410316838,-0.5074547311253769,13.870480597014799,0.22027565596608606,0.0038715161972022877,1.0851999105237908,-6.577175725372847,-0.7519646420092131,1657.3641116080591,5.0,4109.9155084310705,4.78898014409846,6.677668171232537,Large,mass_loss,-7
140,30.64376424256653,-55.349219634836096,667.5240926059519,-11.415523264804769,-0.1662607364857737,-0.30411994606954845,-1.388350985431531,4.130809160046468,-0.09250733278243557,0.20151676811346123,-0.24503255635746207,-0.042679255153494695,0.11571101474784294,-0.4950775432867989,15.349811719681924,0.13298079074518418,0.0035546353664370565,1.0851999105237908,-8.659826880785667,1.485780659082348,1657.3641116080591,5.0,4104.524445907362,4.78898014409846,6.677668171232537,Large,drag_change,-1
140,31.15842797356525,-55.4124442378153,667.879863749819,-11.193084764178053,-0.29244001546518295,0.34840527894146284,6.028531998638215,-4.203568765606994,-0.05028123633086651,0.17689032374971744,-0.14676642539230123,-0.04443525602829098,0.10794638019256006,-0.4977387595373087,13.470304662086928,0.21223723410267603,0.0035758869109302903,1.0851999105237908,-10.343948095734676,0.15873888909810147,1657.3641116080591,5.0,4493.903914896781,4.78898014409846,6.677668171232537,Large,mass_loss,-11
10,14.877595205735265,-40.32677380979171,924.3411377050653,-10.101029110856945,0.24299764173970495,0.40927583710253246,-0.007753984905913459,0.0883925091843854,0.08464084232222092,0.12755661669141655,0.09713611991805746,0.016427098296147673,-0.2269520087373918,0.2986021187891798,61.88359088771796,0.10382035713846832,0.00939686059788953,1.0880358601616358,-7.441121894085948,-0.6029857779937342,879.9397906069987,5.0,9307.557452852861,5.370851553118179,6.986110433389273,Heavy,wind_gust,0
10,17.513410138699175,-40.30782841933957,924.5317515640921,-10.5790712319465,-0.15714378135270624,0.5661416879976823,2.314032295909273,-0.14340829318656612,0.2487234676227008,0.09594071168045423,0.1445112431444117,0.04758339793674142,-0.21593297782825366,0.30887518238320893,62.147294674163874,0.2624327876944819,0.008339225325206683,1.0880358601616358,-8.313503064308614,3.5115810870659674,879.9397906069987,5.0,8447.727790016215,5.370851553118179,6.986110433389273,Heavy,wind_gust,0
10,15.654959068282905,-40.3558814848361,924.6325180652841,-10.313485725486288,-0.051779513265682225,0.5976525685713736,5.19779675902325,-2.4923848782795672,0.1843722115074384,0.1796163307296717,0.16924655831814214,0.02462423443822997,-0.2145613194373817,0.30692629083700557,56.88395554944215,0.1806075050495986,0.007922706083746293,1.0880358601616358,-7.779284445612803,0.9641923059207745,879.9397906069987,5.0,9606.282343021301,5.370851553118179,6.986110433389273,Heavy,thrust_var,0
10,15.35054127534032,-41.37254661287987,924.29472595876,-10.396171389573384,-0.23515252172540524,-0.10640410797922742,-0.6683795732740587,-0.04541397047843221,0.13483819445569442,0.1671850979057394,0.07737754045971634,0.027943904455057553,-0.2439960440535599,0.30654914307429837,61.38447903683065,0.14703296563625867,0.010273863618402027,1.0880358601616358,-6.857970986779776,-6.615799904994777,879.9397906069987,5.0,8662.324325877767,5.370851553118179,6.986110433389273,Heavy,drag_change,2
10,14.594747698502175,-39.90391060370946,923.1724198345702,-10.723227747172038,-0.4455261161473127,0.16866551561918544,-1.7095685276916452,-5.677289454933643,0.1817273332941644,0.1361932046783386,0.13311000157850833,0.022138219594925134,-0.19857837220305427,0.3262516639045729,52.903097727923395,0.19676954274600228,0.008194787080760258,1.0880358601616358,-11.29591334824571,-3.717778276949439,879.9397906069987,5.0,8349.68685046918,5.370851553118179,6.986110433389273,Heavy,drag_change,0
10,15.160318293953411,-40.81967081448767,921.4335398879513,-10.656141568800495,0.06996436807450417,-0.10674565060146353,4.377474416308606,-1.5519824247753276,0.05887569985272888,0.2003764144195127,0.06372803018904813,0.02697745727519362,-0.22314686527630723,0.3117691442152091,46.79340353762185,0.23891627620727543,0.009623076765891038,1.0880358601616358,-9.857842569068339,-3.3895010497057183,879.9397906069987,5.0,8179.892913938391,5.370851553118179,6.986110433389273,Heavy,mass_loss,0
10,17.155198928260194,-40.353581108673964,923.4908852087308,-10.424129087590504,0.7383441011329218,0.1900490112259202,6.7233741959912,3.62178409653933,0.22313534147782046,0.10443969859246917,0.1372566604998925,0.01862030833602496,-0.21484245879331776,0.3084090367110482,53.96975062147328,0.2021470231285864,0.007657635652694215,1.0880358601616358,-7.616494586758913,0.2079072202640036,879.9397906069987,5.0,9271.879989457932,5.370851553118179,6.986110433389273,Heavy,drag_change,4
10,15.714052705872145,-39.924518832783015,920.2369041300802,-10.218565945385286,0.342616377705674,-0.15827920277371527,-12.551110705202063,-0.1932588441366255,0.1798968819210709,0.21439932692465846,0.2657938607505258,0.021032977295373706,-0.22399617115675113,0.29777486586492014,53.68040438171422,0.2239677129409251,0.009063899566717971,1.0880358601616358,-7.612070919569982,0.9307681536383513,879.9397906069987,5.0,7922.5214953305085,5.370851553118179,6.986110433389271,Heavy,mass_loss,0
10,15.90995944668822,-40.283852862714426,927.4149392127191,-10.556659516703471,-0.1720197259375216,0.3409599090518484,7.425876579696854,-0.6894244242040453,0.14407173716519223,0.14424284665129797,0.09352734635580279,0.04485101269440989,-0.21691387385725724,0.31409279480675845,56.19639288409034,0.2741916889986825,0.009185079289358675,1.0880358601616358,-9.866952036213076,1.661835093400023,879.9397906069987,5.0,7431.332366047401,5.370851553118179,6.986110433389273,Heavy,mass_loss,4
10,16.746009118860066,-39.761569712218524,922.4349821721049,-9.987198734412019,0.6129126730410953,0.18228952780444194,7.436398136364508,4.365778022541892,0.16755190972953876,0.14496648359091993,0.08459480129606357,0.02038588798803928,-0.21780160450980404,0.30729676994072946,58.35689864887107,0.08531513748862218,0.01033387772862417,1.0880358601616358,-7.379262738892892,0.7420624319720336,879.9397906069987,5.0,8218.057293757849,5.370851553118179,6.986110433389273,Heavy,wind_gust,2
30,28.323424703906866,-38.816402607074885,852.7939085131136,-10.554436930263412,0.09135892479903707,-0.17314645126684833,-3.49967604633246,-1.1585748345570601,-0.014261375822572201,0.11142755809937861,-0.19201637472823438,0.23607376277717645,0.3009683404915922,0.4700754396824386,0.2985300886182013,0.10782991740948536,0.00015032988410146076,1.115358216417044,23.35915705102228,1.0962767611651267,848.851355306737,5.0,72.84853359995131,0.5431675142812231,5.0,Micro,thrust_var,0
30,26.862894731518566,-39.317351473665155,851.1323615330838,-10.873421873008171,0.7846180695261384,0.24837030638946297,-5.542787529713488,-3.144415211715886,-0.00513933415982365,0.02082013463239696,-0.2653729471946784,0.24676979221651943,0.29875502886850175,0.46676117058768585,0.2862195786335389,0.17378324148738955,0.00015714891919869694,1.115358216417044,21.12892871995622,0.8310203301507434,848.851355306737,5.0,71.34689630507219,0.5431675142812231,5.0,Micro,mass_loss,-6
30,27.443421039324775,-40.34182451814367,849.6854135640414,-10.978236161025073,0.18480771262430143,0.0869009436414422,-4.462324838578288,4.687031412347478,0.08237057578018629,0.1106779633628061,-0.16360876738522034,0.23367823587221903,0.31454371975293843,0.46450060878749105,0.25536628136758355,0.21827159214123545,0.00015109042688178675,1.115358216417044,21.456169247975662,-0.16427332710809267,848.851355306737,5.0,66.60578097473041,0.5431675142812231,5.0,Micro,mass_loss,-8
30,28.394383279926725,-38.43223989801816,848.7735448865534,-11.028522865046238,0.2972727829555512,0.17769956807802462,2.036528077210766,-1.8119407442031257,-0.02276018943512922,0.06539003164308867,-0.2355143461117941,0.24455160907007156,0.30415568265842674,0.45333146708445915,0.29318774171129564,0.26271396214794374,0.00017315357908082144,1.115358216417044,24.523015689071713,1.3741591932778827,848.851355306737,5.0,68.23340450326168,0.5431675142812231,5.0,Micro,wind_gust,-6
30,25.806954031853692,-39.65904186885437,853.0151967570163,-10.534477293221574,0.023279540952323437,0.11095220722591369,-3.831015451726844,-5.741384171972886,-0.0494824668752638,0.003832179775054255,-0.1951549985621867,0.25940747734711966,0.29331163812502004,0.45962356427590195,0.2870490775634848,0.1860495989245985,0.00015804097979161462,1.115358216417044,22.025392439545975,-1.3606690223581313,848.851355306737,5.0,71.77884885266636,0.5431675142812231,5.0,Micro,drag_change,0
30,28.033864299450283,-39.67731513232068,851.0342284915187,-10.85021365847001,0.004523901818818824,-0.2825728583595873,-2.312163830405862,4.051790625455063,0.03343556222128785,0.048355802618945606,-0.1616061133227679,0.2260053989144264,0.31200640235378374,0.46988895992943325,0.29477554466773176,0.21482308206498243,0.00014295721289467946,1.115358216417044,24.36015784005725,-0.8312423599358445,848.851355306737,5.0,73.18264427076895,0.5431675142812231,5.0,Micro,thrust_var,0
30,27.165654234330756,-38.62064666179581,854.3430806259666,-11.127689305444477,0.5249299517642491,-0.46762867594144253,-5.676581406193866,-1.3089383681204814,0.10449540000180729,0.04836565186056978,-0.21468542836728444,0.25359127989081676,0.30078119710027573,0.4512586552649077,0.2782381004126933,0.2685395916902889,0.00015403242448687842,1.115358216417044,27.037490716332787,1.4758698525243104,848.851355306737,5.0,70.10380435110173,0.5431675142812231,5.0,Micro,wind_gust,-7
30,26.14326185744724,-39.726586802911875,853.7768985359094,-10.8324190385047,-0.14026034529558576,0.03513675459693015,-4.154695729033988,1.6093035239805147,0.004362204369765987,0.17782319009952796,-0.13141304107386254,0.24867609269192367,0.30670760813013775,0.467246595501991,0.3017972497766029,0.2144071182189877,0.00015829663437747825,1.115358216417044,22.02321646169704,-1.3746342860798624,848.851355306737,5.0,72.05088982760083,0.5431675142812231,5.0,Micro,wind_gust,-3
30,29.235161975305253,-39.51545956416917,856.7057589573561,-10.630164602890442,0.17376388273080765,-0.2796110596762061,-0.8986318239290132,-1.7918904911613422,-0.05336725195868049,0.11846676571966352,-0.23330700014876016,0.23751501466546113,0.3025340056827264,0.4609012613605088,0.29170323017470745,0.16886635113415613,0.00016852359031573267,1.115358216417044,21.984280775987795,-0.05705291621948955,848.851355306737,5.0,67.70684413096335,0.5431675142812231,5.0,Micro,wind_gust,-7
30,27.65765827395824,-39.35877997482741,851.7801112909414,-11.118200936169659,0.08564354039824558,0.2409459595498644,-3.0721356815674117,-6.958804066931274,0.08023641644193105,0.015347439285235936,-0.1885839837375466,0.2418023292196585,0.3003410252675544,0.46911760039842004,0.2670079196839188,0.28153648327378544,0.00019324862971846997,1.115358216417044,25.638004454729405,-1.6201818670211658,848.851355306737,5.0,64.01572184063622,0.5431675142812231,5.0,Micro,drag_change,-7
10,7.207527185837033,-66.00872615997599,1152.0413569966395,-10.472876897066318,-0.13392215005885147,-0.4248423970166498,2.0212329999322503,2.6721518877295103,0.28666808682966555,0.2932135151495566,0.04472931589237558,-0.26498255386595254,-0.30041625587290866,-0.25535432907397027,70.9795176018478,0.23865822651094942,0.009073234863068871,0.8503116349265769,26.918072230969983,-1.5869774877607097,1900.7655459368511,5.0,4967.728019205044,7.6905877301404235,47.36290501994322,Heavy,mass_loss,6
10,7.489060368900501,-67.09744361624335,1154.712022990568,-10.437429914377185,0.43146323288441546,-0.09172107948922915,1.6512404466751216,4.911287606019609,0.3089723761428507,0.3007511552852091,-0.07454033104876165,-0.2697529115694207,-0.3056388372327195,-0.2847363232825953,90.65420326364955,0.17438755764088928,0.008308380777907224,0.8503116349265769,26.707492261498633,-2.0909090157598214,1900.7655459368511,5.0,5458.47554735381,7.6905877301404235,47.36290501994322,Heavy,thrust_var,0
10,6.79747930036752,-66.00767313489558,1151.108811658378,-10.459430129977127,-0.3136136349236371,0.02535476920408757,-5.084752416265307,-3.5627501760095566,0.323345068338864,0.26965397442256706,-0.06900687284530103,-0.25843265193865483,-0.3059433320992108,-0.26570952595357605,92.58741689154114,0.11956629709527379,0.00968293051762891,0.8503116349265769,28.096202953067085,0.4192979983220415,1900.7655459368511,5.0,5942.454010631021,7.6905877301404235,47.36290501994322,Heavy,thrust_var,0
10,6.521184072825174,-66.29752665488249,1148.0716342825422,-10.26902513774983,0.36222772474699444,-0.10696272859283572,-3.4684824623220205,4.396319525832803,0.24084148684451676,0.18610686789122696,0.011984645581085692,-0.26751012493609966,-0.31870794494529914,-0.27071161291421075,88.46554187235002,0.18201224916971842,0.008733078094461813,0.8503116349265769,25.76736458876855,2.3807228395041324,1900.7655459368511,5.0,5663.542405337739,7.6905877301404235,47.36290501994322,Heavy,drag_change,6
10,6.55044339844442,-66.2172536713012,1153.451249624927,-10.578487237709698,-0.03834055984353512,0.2513510883636703,-5.385534735877676,-4.622762193722297,0.28432762778185905,0.22540629870245643,0.010802251891329915,-0.25745131397429766,-0.303548792393715,-0.27718412530092074,90.03498774738466,0.19475498727030638,0.008324334024293186,0.8503116349265769,27.13714268280138,-4.837329524624569,1900.7655459368511,5.0,5763.163397494459,7.6905877301404235,47.36290501994322,Heavy,drag_change,0
10,6.8701708951353595,-66.6683096543404,1152.1472554624954,-10.267903415555933,-0.7214231389589426,0.004774488915201133,-1.253453280982797,1.9517437444797583,0.25070705819654987,0.22867087877809364,0.024914126708158943,-0.2512237108305505,-0.31951694454877955,-0.2719496662751646,91.73124220633684,0.2347352485233523,0.010031857791824276,0.8503116349265769,23.739535598860073,2.4735437790044132,1900.7655459368511,5.0,5536.678042643609,7.6905877301404235,47.36290501994322,Heavy,wind_gust,0
10,6.635091078851452,-66.71369765867686,1152.977632385286,-10.441309607604573,0.05016668042198952,-0.216229214606492,-1.5595762781629974,-1.414540144236228,0.2131260875535564,0.2733626357932034,0.02785810368263032,-0.269414448924182,-0.30385085339896517,-0.2862787878025798,81.04398368671704,0.18000323628515139,0.009616717425678201,0.8503116349265769,24.675721432527055,-0.8769833758348824,1900.7655459368511,5.0,5841.184602920845,7.6905877301404235,47.36290501994322,Heavy,wind_gust,0
10,7.136932818213897,-66.49363115944932,1151.6731504394972,-10.486602124321022,-0.08969519921155229,0.424452040937778,8.42532172666592,-10.099630869711376,0.33794862164580997,0.2597255396725925,0.04445808016242903,-0.27118577455465004,-0.3239538488984256,-0.27123625042768484,82.38988469364644,0.1305853784257574,0.007809215307337934,0.8503116349265769,26.028406669580907,0.27890493205839434,1900.7655459368511,5.0,5969.525950436641,7.6905877301404235,47.36290501994322,Heavy,wind_gust,4
10,7.7034317006063695,-66.59190754670111,1150.7530799233655,-10.37284702618558,0.12368614016292602,-0.0874420852969122,3.5591744153860767,-3.6502279691324926,0.36406132212831627,0.24284257455068162,-0.03329676904687896,-0.2597648419324865,-0.3160626729211556,-0.27560194805613175,85.09589031382995,0.13917300574808714,0.010066796838448055,0.8503116349265769,22.244486668971653,1.6409505101208393,1900.7655459368511,5.0,5033.933888533046,7.6905877301404235,47.36290501994322,Heavy,mass_loss,0
10,7.349476942829072,-67.16946062747526,1150.3027336924908,-10.636355316270317,0.11699951624215671,0.3793524843681441,3.87940547040622,0.43568042774904053,0.34457776308557425,0.39475639120111383,-0.04332566825957684,-0.289916720080286,-0.30284722030345224,-0.26625603438653705,79.76866946038315,0.241637444429251,0.008691902893423614,0.8503116349265769,25.500265150583314,-1.8380395821378837,1900.7655459368511,5.0,5463.1207934565,7.6905877301404235,47.36290501994322,Heavy,thrust_var,0
80,17.083447226046793,-74.85244865975591,1102.7882487355214,-10.846240376147367,-0.2695471460318535,-0.08123594909371892,6.713884822115017,-1.3525265204808734,-0.018603661720608095,0.04611013681244828,0.1999622370953219,0.1459628526050544,-0.20501668657140848,-0.025270844400582852,5.220630156827815,0.24540451491310697,0.0010737208794226387,0.8629239997715932,21.758586692358215,-1.3521021765771741,2407.6236085337105,5.0,861.2008235422146,4.322391143185552,22.999674067123763,Medium,mass_loss,0
80,17.20586082934593,-74.37291446341331,1105.7803268439266,-11.157005388039593,0.27698096716363635,-0.032885297893194436,1.2013566138177334,0.5205357346383868,-0.02842149886160797,-0.08521541432632312,0.21177131688150944,0.16238763569626002,-0.20427205904298207,-0.04165110494843434,5.112912805199574,0.18565348244760074,0.0009926761961792316,0.8629239997715932,24.39366767567856,-0.3361484265711234,2407.6236085337105,5.0,886.541418882687,4.322391143185552,22.999674067123763,Medium,drag_change,-7
80,15.119245969665485,-74.71473329322095,1104.055172162635,-10.981892673986469,0.1989655262221304,0.1656785477439091,-8.229694488842807,-0.1285111625459326,-0.1919375139230178,0.06137197612317107,0.21119363034563038,0.1434094575588475,-0.20993379993317307,-0.03472529774821847,5.862598557387608,0.2650154772894348,0.0009639839528031998,0.8629239997715932,22.63897384416306,1.3701387418648772,2407.6236085337105,5.0,907.6157582344266,4.322391143185552,22.999674067123763,Medium,drag_change,-10
80,17.43878370219656,-74.13107681613744,1108.459246788036,-10.980230338659268,-0.2156305092513233,-0.17460675901171654,-4.331431045271531,6.608392671499498,-0.15731146263314924,-0.0444343203309873,0.14735265473191772,0.16439445055254498,-0.20576751915013056,-0.027971012939340942,5.853480236307894,0.11792791687852312,0.0009756725241188217,0.8629239997715932,21.125204824013153,0.2822567023935099,2407.6236085337105,5.0,852.9717798214429,4.322391143185552,22.999674067123763,Medium,wind_gust,0
80,16.794609213469776,-74.4047712360763,1106.3684025842292,-10.561726711213531,0.5460104438302318,-0.006408711732443092,-2.605444810654581,3.0676806459259414,-0.16436428020122637,-0.059406869140030794,0.27889654984391354,0.15583280652103512,-0.21657306953578695,-0.05170215268820349,5.669038194262148,0.2570948268484005,0.0010660673537555216,0.8629239997715932,23.5283989988691,4.017818838192256,2407.6236085337105,5.0,874.116420767941,4.322391143185552,22.999674067123763,Medium,wind_gust,5
80,17.133153453899286,-74.57825287992632,1102.1712590048855,-10.996780806428673,-0.015085297644654995,0.016368357517847293,3.3161439098625016,1.0301007007217358,-0.1588129401977889,0.004134050366630539,0.20586414867333927,0.15059877550278508,-0.21551827509377997,-0.04031740564325459,4.901217797531419,0.25803706680044713,0.0009323311233503688,0.8629239997715932,24.37096112357306,-3.6054767074414387,2407.6236085337105,5.0,812.5415415254175,4.322391143185552,22.999674067123763,Medium,mass_loss,-10
80,16.532124033982395,-76.39403332266892,1105.531158387556,-10.596043685644323,-0.26731515516228876,0.4681658879750862,4.374354376546086,2.343876030567546,-0.15785595604712582,-0.011528241556546338,0.24667399869390655,0.15625485952074658,-0.19557774848375858,-0.04041142761699581,5.57845653075615,0.16668142961476493,0.0009147309071455108,0.8629239997715932,23.00665709152389,-0.3722190295119269,2407.6236085337105,5.0,868.5709580882677,4.322391143185552,22.999674067123763,Medium,thrust_var,5
80,16.59063241764208,-74.83349172975551,1105.3630715065522,-10.430579283878224,0.38216580804628125,-0.10131507672539254,3.625081016895889,3.380058153835848,-0.12610502466717358,-0.02706008381461415,0.25580330710510374,0.14977067792746573,-0.2068971093400071,-0.03878092696180452,5.579007358459088,0.18454829871477027,0.0010003167784216644,0.8629239997715932,23.359617495640578,1.278673208486846,2407.6236085337105,5.0,989.4463736335555,4.322391143185552,22.999674067123763,Medium,thrust_var,13
80,16.529290964696887,-75.06757603187972,1101.8315277628221,-10.742363195525973,-0.05135135857246045,0.05121164482635204,-4.504058705056819,-1.5954801712551188,-0.13148060170573225,-0.030501317803360597,0.19544988620548354,0.14173228066233995,-0.1772061474992405,-0.05043816450792689,5.158554718203821,0.1113986085787979,0.000766648817557217,0.8629239997715932,23.50229097678796,0.34873517553660655,2407.6236085337105,5.0,844.43839430913,4.322391143185552,22.999674067123763,Medium,mass_loss,-7
80,17.33963752810222,-74.57329145114758,1105.2222055463308,-11.044451787389642,-0.06667339988074827,0.1315719706281863,-2.1208817637250084,-4.8964258555730735,-0.1581580338510788,-0.011425649475621,0.2533910486488783,0.15639718772488145,-0.1863399187267119,-0.05381086208187141,5.762629892332227,0.10796326352210336,0.0009480132919401507,0.8629239997715932,23.8067288740107,-0.35303497343946216,2407.6236085337105,5.0,792.9524539797806,4.322391143185552,22.999674067123763,Medium,drag_change,-5
70,12.336420213663551,-54.70201033830785,1169.4757393880452,-10.560495914495654,0.2676032120705854,0.02818150393311937,-2.496543735599886,-5.398041475524337,-0.08897744435320548,-0.08543508605226079,-0.06251937710918445,0.02960218359730407,-0.05468075668884519,-0.4835247510859972,18.44826905816524,0.18564472338999885,0.0028974322156347524,0.9163378863196242,25.408100514214006,-2.6806956158417967,1403.7588334506875,5.0,2243.7422211624603,3.1913207249465065,18.394897304705577,Large,wind_gust,3
70,12.827853168739887,-55.5475388600795,1167.3546300427615,-10.457563411040342,0.00187987197452216,-0.3339669169431182,-3.3907952152351,3.3859157155821307,-0.0038258742007258456,0.04815792040105479,-0.042110123096562466,0.024171786927169613,-0.033008923299636214,-0.4735148864560805,19.905786777318546,0.32107325664809044,0.0035303842142066365,0.9163378863196242,16.530545178185964,-0.6517952357717482,1403.7588334506875,5.0,2352.176546433926,3.1913207249465065,18.394897304705577,Large,thrust_var,0
70,10.924751551959725,-55.79165689652228,1166.5295202084967,-10.557398460780991,0.06028798510030088,-0.10396646214694535,-5.935322003105266,4.769457468829227,0.005831863828594554,-0.04558240149655247,-0.057413935418287806,0.03301071596037619,-0.054268563730563824,-0.4539858570618295,19.427707309748115,0.1785946925863365,0.002984420320893448,0.9163378863196242,17.708679686247777,1.694015472323628,1403.7588334506875,5.0,2169.5249494413833,3.1913207249465065,18.394897304705577,Large,thrust_var,10
70,12.05725854389912,-54.61355298598261,1164.615905047604,-10.548579392217059,-0.4570326174406859,0.0540963747531897,3.3428130816856334,-7.240623876384342,-0.04071105116231368,0.01892060908705287,-0.24576336668170373,0.047056027793569113,-0.04390854429252166,-0.45608584689927245,18.931979615767823,0.11386387592173224,0.0036062393864273465,0.9163378863196242,19.922927987183307,0.06423091086464122,1403.7588334506875,5.0,2236.8494969955036,3.1913207249465065,18.394897304705577,Large,thrust_var,0
70,11.446677095199327,-56.19037351434958,1164.2253090220127,-10.404890702316182,0.31808001731345925,-0.3361260810177994,-7.3084247689068675,-2.0461785135274186,0.02150608507737535,-0.02666192798904292,-0.10844511355841317,0.02756016861831497,-0.05016054561867231,-0.4547790410222291,19.41329641657549,0.18990685262835277,0.003646165483450182,0.9163378863196242,20.2312957336876,1.9004633847170986,1403.7588334506875,5.0,2049.350801102488,3.1913207249465065,18.394897304705577,Large,wind_gust,3
70,11.284138250220861,-54.39051726967571,1166.4201969459316,-10.799128529989742,-0.0008556812019447395,-0.11057187279199143,7.719385805280011,4.665903861811055,-0.00781512291953941,0.06896704859038445,-0.1509863708448259,0.04146047266646634,-0.04197283362075827,-0.465557652393664,19.112464346485215,0.24615891528114592,0.003714359401173811,0.9163378863196242,17.243588273595993,3.6328411427228864,1403.7588334506875,5.0,2242.6996668158586,3.1913207249465065,18.394897304705577,Large,thrust_var,0
70,11.978905929913712,-55.17631467930631,1166.040426910874,-10.670559665968335,0.03009405640902832,0.46845639163397335,7.1622824380714984,-8.535588620760935,-0.019586002369270963,-0.01652545061108923,-0.03606621809323354,0.03334362605013724,-0.044930430881654125,-0.4697523342884151,20.11711469459005,0.13780414900906413,0.003318874293666092,0.9163378863196242,17.979658066010494,-0.6018229816092674,1403.7588334506875,5.0,2063.252530833914,3.1913207249465065,18.394897304705577,Large,thrust_var,0
70,11.782595861651894,-55.013963190264995,1165.314854668586,-10.612899545909524,-0.04337603019793435,0.5470076886109398,0.40356863363223333,11.703613057628386,-0.012916298158777737,-0.027559106466636174,-0.14404723313321358,0.01927261143597475,-0.057359760895393706,-0.47204918646808575,18.61245237080901,0.17369173144699063,0.003487400608476004,0.9163378863196242,22.6520653627697,-0.1756167032697072,1403.7588334506875,5.0,2211.331175673769,3.1913207249465065,18.394897304705577,Large,mass_loss,0
70,13.124930348467043,-54.14121917590977,1163.9450413903749,-10.736687435367248,-0.47118460041955157,-0.34887034131003436,5.36212618461083,1.3842935353526604,0.042306696176951625,-0.06014706173361527,-0.12650932470220094,0.039637283763297955,-0.036878896067908166,-0.4796025731334378,19.09845771044192,0.2199670130350675,0.003691455510531793,0.9163378863196242,22.04950854047109,-0.14911789975156137,1403.7588334506875,5.0,1990.4307368000568,3.1913207249465065,18.394897304705577,Large,thrust_var,0
70,11.331671304772298,-55.166122947050816,1165.4185421096147,-10.583033800594922,0.0622750836286132,0.5483830414394577,2.7017245726820853,-2.1634024925131214,-0.05017869569667931,0.04333113908594732,-0.1754919134283739,0.039293447083638355,-0.058603141619691886,-0.45216084801710377,18.91311887781558,0.22631180009260002,0.0034361406306993593,0.9163378863196242,17.314717089481206,1.2806399109889977,1403.7588334506875,5.0,2045.0172777706928,3.1913207249465065,18.394897304705577,Large,wind_gust,0
43,18.36817437219194,-52.69461453344998,892.4367005098691,-10.850799198561152,0.3441209641059127,0.20429920104203375,-3.871991109217622,1.258297673499635,0.0911864406332481,0.0715390150712587,0.2834339888855533,0.058410606328521165,0.3532985026958345,-0.18523742541647956,0.47517412913715146,0.2424333273484004,0.00015793108117878867,0.8669351767705289,26.832035500569816,0.5602420802588965,1201.6410764775712,5.0,77.49579997229361,0.8864564140005737,10.538497308462047,Micro,drag_change,7
43,17.95737194461498,-52.998752671900434,893.3322743673223,-10.71688396056019,-0.035694357434985294,-0.193617928376433,-3.4483085873425754,0.6661914329322195,0.04991582800277425,0.002340062944598327,0.21382064592886288,0.05298265116866139,0.3548787158034739,-0.17944138740117574,0.4656001734721556,0.14349998119537719,0.00014597803229958115,0.8669351767705289,30.023847442194935,-2.5064160824837427,1201.6410764775712,5.0,86.04459773009211,0.8864564140005737,10.538497308462047,Micro,wind_gust,-3
43,17.661396519158075,-52.72962785061465,886.9381503816518,-10.946913767709468,-0.4576886653727068,-0.20698649873753314,-2.0112343313298715,-5.779237938025066,-0.03177200195261217,-0.014432809988480684,0.33709983076199473,0.05148563472512613,0.35889546669385614,-0.1842282740983683,0.4624407866809116,0.17882251257237564,0.0001093831360065331,0.8669351767705289,29.28012035318337,-0.213855189819521,1201.6410764775712,5.0,79.24204001589992,0.8864564140005737,10.538497308462047,Micro,wind_gust,-3
43,18.362758050980382,-52.55261205200503,892.7694263605983,-10.69293286174023,0.057915240887434445,-0.4553853395529755,8.898309435438446,2.7799371684506946,0.00015548078167744103,0.0657882558447054,0.20050954607851112,0.06273963960944652,0.3315199706820757,-0.18238805811952433,0.47724150935719395,0.2519419855991047,0.00015751992388355812,0.8669351767705289,29.536947230404728,-0.05633381689910586,1201.6410764775712,5.0,78.9116969600243,0.8864564140005737,10.538497308462047,Micro,wind_gust,0
43,18.659455689467187,-52.85270758239411,892.5514673430874,-10.922176499760601,0.31780929198040736,0.3079951283787816,6.181258727884186,0.3414362436279734,0.04971334337447019,0.03392484147456198,0.2311790030633623,0.07221908126955526,0.3387110401839019,-0.17113103810690597,0.4885890101783062,0.20905264842720284,0.00015344368383552704,0.8669351767705289,27.976936622919897,-1.3141588753809716,1201.6410764775712,5.0,79.41212290674207,0.8864564140005737,10.538497308462047,Micro,thrust_var,0
43,18.921691961675045,-52.51693478373091,887.7614707375637,-10.843947979186675,0.08022991048512429,-0.16459486864215003,-4.009280472717258,2.715191803741053,0.026785496838973567,0.025955114460300986,0.3596845251071452,0.05890152826925095,0.3505774515201021,-0.16799539038538452,0.4792670850649254,0.16479471269188983,0.00014978713415015975,0.8669351767705289,29.73090691009469,1.2496776043240803,1201.6410764775712,5.0,80.80270005973172,0.8864564140005737,10.538497308462047,Micro,wind_gust,0
43,18.727309690622658,-51.82204761302318,890.0868242423016,-10.654955539901545,-0.3851897950293321,0.32647544487751406,-0.3486068006915108,-0.1852476540285548,0.052249282639755035,0.06055294845608866,0.2690501501818896,0.06539590476943544,0.3301952166690941,-0.17806677467040213,0.48107733867680047,0.17938033805594858,0.00016546726916062733,0.8669351767705289,29.593198879142037,2.2196287304603324,1201.6410764775712,5.0,78.59801638326614,0.8864564140005737,10.538497308462047,Micro,drag_change,7
43,17.613346280933897,-52.84617735118059,890.7309909199168,-11.138669985275321,-0.10443220356038917,-0.06467083840793064,-6.755372292257488,-4.192241254487874,0.05110267242555362,0.04593674092842037,0.26062613394146816,0.04307183455935644,0.36200058638075944,-0.18855950534594668,0.47740978855635197,0.17560654559631023,0.00015642477234942314,0.8669351767705289,29.18224096706037,-2.740513178415772,1201.6410764775712,5.0,79.01274702733136,0.8864564140005737,10.538497308462047,Micro,thrust_var,0
43,17.582640612886774,-52.72526458292427,892.3245618993989,-10.934965770310606,0.19574176363180976,0.20472825073841036,-3.0548539544976103,6.144669130085041,-0.024184488178775304,-0.017709056624633852,0.25218867661088656,0.04243526820275101,0.35228512905267667,-0.1545447145178708,0.49807169555167785,0.15915057263290613,0.00014030445310855095,0.8669351767705289,30.22196080056998,-2.367469603739517,1201.6410764775712,5.0,75.14700784724276,0.8864564140005737,10.538497308462047,Micro,thrust_var,7
43,17.898980483045634,-52.61422926309655,889.9427008166391,-11.093542360092936,0.0640700799877527,0.39045340904396675,7.664145488312694,7.510971085740965,-0.009309360838761542,0.08334740775164842,0.3013674303957898,0.045696561078366255,0.3373685533517599,-0.1839467180628758,0.4464695556150973,0.1305359365688365,0.00016361148940725122,0.8669351767705289,28.33248643849369,0.055172703247104736,1201.6410764775712,5.0,82.7011483090262,0.8864564140005737,10.538497308462047,Micro,drag_change,-3
60,13.431137398034652,-43.75569673083,1053.3462563836918,-10.145009397415507,-0.18103135034658227,0.4586336507130922,-9.60506569411628,3.2795956982941825,-0.09281108053034712,-0.14077157961323059,0.14089050490081761,0.18268248771509435,-0.42314297931683015,-0.4580898365387781,83.515975200668,0.25085738371896565,0.010349884591750595,1.0245670673899174,-3.444801230163598,4.0694983163051806,958.464085191397,5.0,11243.480427296001,5.094934669231295,10.044869344703692,Heavy,thrust_var,10
60,12.58556574207662,-43.4955023768678,1055.494463678169,-9.803732055456416,0.12785027396499565,0.21197273399431793,2.8379022532760385,-8.32508316030755,-0.029002813210706142,-0.10856353753156132,0.23431560867768575,0.17994450102394466,-0.42956721765844597,-0.4602533447925583,77.5930094317483,0.19263841385705363,0.008635298369201528,1.0245670673899174,-7.21697650278209,0.5433680365341635,958.464085191397,5.0,9466.190356466363,5.094934669231295,10.044869344703692,Heavy,mass_loss,0
60,13.185554815668539,-43.196405139867124,1056.1071729528132,-10.155628693444054,0.3529204609241059,-0.2649393159776354,7.216417662243087,1.0632754085994487,-0.03177793242847072,-0.1642990355426554,0.1858922247269018,0.19168142677092942,-0.4454183768129744,-0.45078755149685545,76.0617758762703,0.12874928322180584,0.009916569067686749,1.0245670673899174,-3.9777163642782236,-0.09151993832380921,958.464085191397,5.0,9591.648163796817,5.094934669231295,10.04486934470369,Heavy,mass_loss,0
60,13.148669548952968,-42.863542894664135,1053.346749625624,-9.725414371532452,0.08262948675101368,-0.3605196959220313,0.68928231134894,0.9333305962263325,-0.02195613340913008,-0.20770280282133757,0.21397300110811848,0.17434452421436353,-0.4519338604025188,-0.45907388923589093,86.34781433060141,0.181813070936503,0.008390507562644024,1.0245670673899174,-0.8942703026824352,0.07976219420582,958.464085191397,5.0,9977.330074976953,5.094934669231295,10.044869344703692,Heavy,thrust_var,10
60,13.641427503891833,-42.622617093259535,1055.481794095613,-9.798737456281922,0.11329187153599232,-0.06571757640738259,-0.033019552416823625,-0.11921884068058232,-0.054165477888451705,-0.011114562822166135,0.25619194151943686,0.18912041678501207,-0.43436755328295795,-0.43093953379605443,71.9539536681079,0.15774807441418623,0.007942986239415422,1.0245670673899174,-4.118092669112741,0.4910368866547207,958.464085191397,5.0,9056.121686760947,5.094934669231295,10.044869344703692,Heavy,mass_loss,0
60,12.745925162310424,-42.942215305108554,1055.7965634910909,-10.03620704078819,0.2661846109486364,0.3331496961707336,-3.9427840884161447,5.662281483385799,-0.07314931169291872,-0.05413198018653209,0.2887376686405352,0.18642651407913535,-0.43878292836436145,-0.46372836351229446,85.1770521729872,0.16811086070958717,0.009672856637292171,1.0245670673899174,-1.9415025120355143,-0.02887517714351511,958.464085191397,5.0,10254.390830932281,5.094934669231295,10.044869344703692,Heavy,wind_gust,1
60,13.748888423304738,-42.6322765947979,1053.5522961812658,-10.1345139778832,-0.11224339230237255,0.11257657702318709,6.550281076865864,-8.337844879741343,-0.09911105719261738,-0.09688528904996198,0.25067368799711176,0.1787601006653172,-0.4364428936789389,-0.46814764563398753,72.99497810697983,0.26348146102917025,0.008899007225895613,1.0245670673899174,-4.3743438321589965,0.26352375200077993,958.464085191397,5.0,9572.203988696898,5.094934669231295,10.04486934470369,Heavy,mass_loss,0
60,13.06446635224181,-43.1685835051477,1055.545103960022,-10.336316603004228,0.09176939276321043,0.08203687973893362,1.0796457550948741,0.8350238711378534,-0.02338204306394808,-0.19777477769038165,0.20532497291327811,0.19673161584910628,-0.4273458068243123,-0.4649667212350948,84.59020298642719,0.2358482738615695,0.009466635396002012,1.0245670673899174,-3.8970332572102953,1.7237077202084419,958.464085191397,5.0,10163.340270659437,5.094934669231295,10.044869344703692,Heavy,wind_gust,0
60,12.188780940551512,-43.008703103223674,1056.8926046929903,-10.070435173711783,-0.13719387196701127,0.046702616306516044,0.27739959382690244,1.2145127035562573,-0.15460816679961029,-0.14616421979897534,0.1991156679724108,0.18968170831179862,-0.43639151699599965,-0.45437627407658554,89.98320541168222,0.13496324648063324,0.01054865703331918,1.0245670673899174,-1.1090575853970366,-2.5163945800538516,958.464085191397,5.0,10979.500514128424,5.094934669231295,10.044869344703692,Heavy,thrust_var,10
60,14.24149434971424,-42.79672929574831,1055.9877641567311,-10.149568327489762,-0.6796998641757375,0.38949092638795196,9.280918199094868,1.5649070433111911,-0.07850130635883998,-0.023815867872756996,0.29663132548069276,0.16779982975412236,-0.43684619728166935,-0.4583100596713894,81.7122884712293,0.14605660884018432,0.010221108071064596,1.0245670673899174,-3.5134267879140113,-1.8998854614197738,958.464085191397,5.0,10438.366257107176,5.094934669231295,10.044869344703692,Heavy,drag_change,3
83,12.427293818698105,-57.20372971335157,1106.4958681945684,-11.2263773778648,0.18215069045851665,0.07411981633723061,-4.791436015055972,-7.962996968220343,0.22467826771577137,0.19437392068893586,0.07603289583177517,0.25504067774908434,-0.3715096894884944,-0.23365438171952557,3.1393031652467522,0.2605429054732019,0.0009408964089434713,1.0525805901464693,14.381169738408673,-1.2695069827235235,1687.9650410755833,5.0,371.17126952352515,2.582005443245639,18.587931112053223,Medium,drag_change,-12
83,11.888196965818386,-57.11697335448996,1108.5333040293606,-10.945386496870388,0.049185444268443186,0.12313806657062336,-2.9340635780154085,-6.0194281718649245,0.32820145566540165,0.22114606932992464,0.16996536393472075,0.2534705511893299,-0.3867074485805978,-0.23216839039260972,3.442636769204592,0.1583696390130576,0.0009905619628245888,1.0525805901464693,13.973677066135476,-1.0288516365234863,1687.9650410755833,5.0,371.09538169292085,2.582005443245639,18.587931112053223,Medium,wind_gust,-3
83,12.368133538630232,-56.915795657015735,1106.5869924163594,-10.617730942752594,-0.475045770163214,-0.14557642718908037,-2.9850994855394255,6.685195629525098,0.1894514549172978,0.20045580059721685,0.15035668186929738,0.22513305385414234,-0.4021002336068023,-0.2222627801387357,2.959225219511827,0.15179858338352326,0.0008486947556414061,1.0525805901464693,15.931389384067518,0.8906616317098105,1687.9650410755833,5.0,390.8746886447536,2.582005443245639,18.587931112053223,Medium,wind_gust,-3
83,10.338274874804478,-56.8352900855042,1113.1188356860714,-10.440352353811,-0.29765541829173214,-0.1544056150274307,-2.605146384159483,6.992661223390343,0.3181238919113095,0.25202446747669316,0.1519779732387979,0.23927984193922197,-0.39476507738801253,-0.22634411987739,3.4625486162838017,0.22389849887996177,0.0007280827957383065,1.0525805901464693,11.882174739157378,-2.366788348859139,1687.9650410755833,5.0,405.004189460191,2.582005443245639,18.587931112053223,Medium,drag_change,7
83,12.129164040637468,-56.84586924662892,1106.9325443895398,-10.948035801490722,0.4013739277729171,0.22683022115619847,-1.0580710580863846,-9.329144395420618,0.20792807423136953,0.2541764602709706,0.20172034938014366,0.21937465326510874,-0.3995416623395663,-0.23441465552747556,3.105411938845804,0.20455219853493012,0.0009502094971231579,1.0525805901464693,9.051417145008578,0.3459556270398202,1687.9650410755833,5.0,357.28271270595013,2.582005443245639,18.587931112053223,Medium,mass_loss,-13
83,12.349371328560022,-56.60185610687017,1107.28721386408,-11.441602918437283,-0.13195597893012176,0.5368316133232119,0.06450647784152841,-1.5364491933735904,0.20774248475225465,0.2652733065585964,0.17173551823913605,0.23178711406204922,-0.39035733002519984,-0.21239745427672063,3.2918876114146567,0.317015010792849,0.0008505151705963818,1.0525805901464693,16.19351466502213,-1.5813472798451893,1687.9650410755833,5.0,361.5038519907573,2.582005443245639,18.587931112053223,Medium,mass_loss,-13
83,11.393573609896116,-56.689796608896906,1111.1476086737011,-10.569566132179396,-0.252965346514579,-0.23770889107448417,2.57037349306247,3.2496686634519123,0.26639236099547564,0.17707167579741384,0.20458417664064288,0.2250616136858987,-0.38125978820777995,-0.2453181931333253,3.2618359217910737,0.28605077372125237,0.0010719739366522535,1.0525805901464693,13.041806331674323,-0.6585789680085551,1687.9650410755833,5.0,391.18148276537664,2.582005443245639,18.587931112053223,Medium,wind_gust,-3
83,11.812850771304786,-56.05466751692299,1107.2585857996553,-10.89475536232634,0.07846268712774411,-0.601741866484221,6.0677647269675115,3.9244985987430914,0.1672437554371043,0.19100183759990855,0.08829471923237453,0.2199764516747329,-0.41157388547664714,-0.24358804210669446,2.9970420271423546,0.18181949318789947,0.0008978702891940884,1.0525805901464693,15.403288434200462,1.9741686834996015,1687.9650410755833,5.0,377.1279497531472,2.582005443245639,18.587931112053223,Medium,thrust_var,18
83,11.577907006398108,-57.07572519553468,1107.5427266403558,-10.738713621622836,-0.10005294876251364,-0.1849372374393735,-1.1536077063660881,4.143084494531262,0.13930541842073013,0.2906021142334438,0.16439326452249936,0.22051016357223568,-0.39695923779681797,-0.22280324565910284,2.9404276629610857,0.14823390741499853,0.0007716701938444028,1.0525805901464693,11.68517374440962,2.0754637986811235,1687.9650410755833,5.0,383.1649685211371,2.582005443245639,18.587931112053223,Medium,mass_loss,-3
83,11.654034823456346,-56.664188444001645,1109.6680563408725,-10.449219331223919,0.7452432242236008,0.35774322075227144,1.0200019053884573,3.3857498706664657,0.19677501626358224,0.1911594507728711,0.20408333491903885,0.2441658304629451,-0.3970170681950764,-0.22642460493502084,3.668552913899599,0.24231757131030102,0.0007771147851586462,1.0525805901464693,13.328375692997747,-0.33526305097672804,1687.9650410755833,5.0,413.2824822154936,2.582005443245639,18.587931112053223,Medium,drag_change,7
70,11.348934770354699,-28.85392673130788,857.371466480521,-9.920912921116015,0.29361183889643827,-0.29721082768003465,5.339798372670455,3.7567373057506517,0.02674149136578896,0.1316482162315203,0.21739601368676678,0.45250526255277146,0.44873711380123327,-0.3931046317174086,1.7372753964020553,0.1469406151379585,0.0004465651615640787,1.0807383008629352,1.5298737180340258,1.4285016917978013,448.84043430975066,5.0,190.2742864321557,2.39544972314995,5.152215300659048,Small,drag_change,0
70,11.9726676116855,-27.967217767958427,859.3595757442761,-10.325713867493924,-0.32901805502555675,0.13109894347205558,0.8552296496451973,-6.123881644974953,0.043699442493842555,0.21028987280039002,0.28065981202974716,0.4516897205071189,0.4570543153083015,-0.3852664907084238,1.4175209990680133,0.21770178136051943,0.00036011617781233344,1.0807383008629352,-0.7655310261453363,0.49248394333983736,448.84043430975066,5.0,150.1081891414214,2.39544972314995,5.152215300659045,Small,mass_loss,-10
70,11.240940898133925,-29.469817907662414,860.893828752315,-9.796617105185161,0.1355100602927818,-0.06701952490262726,-0.9855399396869766,3.7903285308698402,0.11726909055263557,0.17682658827048786,0.1508845874392593,0.47152109511399387,0.4253169048744319,-0.4096559737749727,1.4855908980581383,0.12197832660974844,0.00040881104868825013,1.0807383008629352,1.453109605243035,-1.1495864544306342,448.84043430975066,5.0,170.50503185888454,2.39544972314995,5.152215300659047,Small,mass_loss,-7
70,11.434297036375213,-30.355367100276588,857.350026493002,-9.96175652038996,-0.6268340344348056,0.013259975504477068,-0.33253272651196314,-2.3265091943563174,0.09475888526649073,0.25873028924772135,0.37264824226967497,0.44391541262127865,0.44747470509129117,-0.38457193410616536,1.5733784595793607,0.28456279271579016,0.0003813202307145494,1.0807383008629352,-3.7540937946564505,-2.5717452370113474,448.84043430975066,5.0,168.59783982491845,2.39544972314995,5.152215300659048,Small,thrust_var,0
70,12.40002170468377,-28.39210316969786,857.8256981471866,-9.635068537903255,-0.1123984687521756,-0.32846711570312764,7.996754354070031,3.02265153089965,0.09906786313470148,0.24941464683794642,0.2889377031192717,0.4509294756942831,0.44130194411175466,-0.4015623675930502,1.6146536286084363,0.1216476713596997,0.00037390836340367217,1.0807383008629352,1.321449951977936,-1.3610361445668298,448.84043430975066,5.0,165.70406676967255,2.39544972314995,5.152215300659048,Small,drag_change,5
70,10.176824167414551,-29.1074369610788,857.3754314748909,-10.096707017982615,-0.025261502532771426,0.24477194546081563,-2.0140252726511254,1.0667496375656598,0.06161180684178573,0.21631732524417072,0.24054926549584954,0.43896541709324827,0.44433315233434884,-0.3972727262769007,1.6162913175477094,0.1701172185534622,0.00038486235132381913,1.0807383008629352,-0.014814872992695266,-0.10518578198968626,448.84043430975066,5.0,170.7853430003677,2.39544972314995,5.152215300659048,Small,drag_change,0
70,11.805628845815752,-29.49584577566251,859.173409151434,-10.119443175525673,0.9214010104818005,-0.6531708206690207,6.845571838373754,-1.9707904826303688,-0.05147984014446416,0.17899866807207543,0.22063785163729882,0.4664193540736916,0.4604079336315982,-0.38535173480540286,1.4151396483806409,0.25650823461330585,0.00038229077710608806,1.0807383008629352,-1.5699069776251409,-0.42382118695496207,448.84043430975066,5.0,152.7922456698074,2.39544972314995,5.152215300659047,Small,mass_loss,-7
70,11.40976978789153,-27.59071574031535,859.0138489287318,-9.766051731765915,0.24642452116398772,-0.030022508262285995,-0.048501185326727383,4.322926219591542,0.04179529547101982,0.19094838517407123,0.27808716134411726,0.4604919900365164,0.42893658095893933,-0.4013743581250318,1.6338787495290956,0.1797815590891158,0.00035372569320712467,1.0807383008629352,-1.0952623949065197,-3.5694107501539962,448.84043430975066,5.0,156.59801293171262,2.39544972314995,5.152215300659048,Small,wind_gust,0
70,11.338297751543191,-29.22717442622166,854.4587849343345,-10.367987236898367,-0.30111569910319397,-0.1997305367423667,2.2994112185691,-5.356693750790309,0.03026190907969502,0.24723848046961985,0.16527105116355006,0.45112589022023397,0.4299877050911985,-0.40909585630520867,1.4696052635052812,0.22524959824548133,0.00044697675751556945,1.0807383008629352,-1.7347043053726652,3.016846257249817,448.84043430975066,5.0,141.19395819037754,2.39544972314995,5.152215300659048,Small,mass_loss,-10
70,10.792881763356563,-28.60793840530039,856.8587103501262,-10.246233157231952,-0.3309140370763939,-0.2883514334602947,4.328925560061882,-0.333460102525823,0.07094631246230544,0.33858010824896456,0.20587090057994756,0.4418744400171015,0.4418179965956212,-0.38077975808999626,1.7183427549800947,0.16769833899236664,0.0003567102122195616,1.0807383008629352,1.289327275795832,0.9591314479275252,448.84043430975066,5.0,180.45746388050227,2.39544972314995,5.152215300659048,Small,wind_gust,0
30,23.095209594875044,-48.21753381317535,581.0875105529502,-10.887923276824624,-0.24972254217230064,0.31662291446769053,-3.4444404925021317,5.424991414268391,-0.16452381332156601,-0.058114458353424533,-0.22951758387467416,-0.42740454295298674,-0.3894578636028088,0.3406589550194286,0.3079827385916601,0.12935500474588169,0.00015778067375045668,1.0661637959917851,-1.1947895187203126,-2.870184848403873,1183.3523138827888,5.0,72.8290685021999,0.7476461170456555,6.013032246552215,Micro,thrust_var,1
30,23.441942370408466,-47.359033079898445,582.8043617618167,-10.953618310079175,0.13124239932648407,-0.13389983914562956,1.8814888959553269,-0.995248076703834,-0.07802783618193222,0.1098151209971754,-0.2528444880426477,-0.42618900966036793,-0.37130332465040916,0.33826755190206886,0.32423879239187087,0.17620684684317747,0.00013035799847985736,1.0661637959917851,-0.14055266355218865,-1.7153893358651626,1183.3523138827888,5.0,73.61696242940017,0.7476461170456555,6.013032246552215,Micro,wind_gust,0
30,24.92863371265206,-47.57546426277812,580.0284224016897,-10.875038427753713,0.15540577679268672,0.10284467298990167,-6.288956911724231,5.930911747359984,-0.16927155219562165,0.14435164984810506,-0.2933059203454731,-0.40786775883824994,-0.37301589014723907,0.31910267482057947,0.31658650946415884,0.2851171615341662,0.0001509742658661409,1.0661637959917851,-1.6554816518183946,2.607314328803529,1183.3523138827888,5.0,75.60629094666821,0.7476461170456555,6.013032246552215,Micro,thrust_var,1
30,24.41214354805306,-46.597694714294136,578.9845162130969,-11.172239788740667,0.25079097728168304,0.2985052738847668,2.303944241307005,-1.966962189778678,-0.08064862671580632,0.04156383182628224,-0.17326491549155965,-0.4190227861290284,-0.38942948063737326,0.3238961901879897,0.32301898323924627,0.20699126356630268,0.00016696244151779614,1.0661637959917851,-2.862292138235809,0.07892439860786143,1183.3523138827888,5.0,70.6062205119828,0.7476461170456555,6.013032246552215,Micro,drag_change,-6
30,22.964048860947585,-48.11382245663864,579.9593041368054,-10.821592757713114,-0.1581252130984167,-0.06213498494925326,4.952931226570367,-4.941340554112995,-0.15958983243110922,0.08601143164928692,-0.27484496755091997,-0.42694800662652066,-0.3669607289220236,0.3410213992980058,0.33572682099715684,0.1923348899614374,0.00011492579974105851,1.0661637959917851,-0.7637841457608082,-2.3435950714187253,1183.3523138827888,5.0,66.99958698186477,0.7476461170456555,6.013032246552215,Micro,wind_gust,0
30,24.45353138969825,-46.66071353950004,579.4194894190795,-11.467254351854287,-0.37590099580461445,0.24546537496369472,-8.591019477730615,-2.3599608631166733,-0.14466511223441725,0.08793219366569466,-0.24910512712587618,-0.41417389324564496,-0.37552001458402795,0.3263977302911622,0.3368424311344259,0.11181380617565036,0.0001503856852889667,1.0661637959917851,1.502891926075232,4.673492908049994,1183.3523138827888,5.0,71.74404670508333,0.7476461170456555,6.013032246552215,Micro,wind_gust,0
30,25.380164531643892,-47.214660876418186,579.1819384296006,-11.21370572356421,-0.1673127942073227,-0.1255039914713112,7.116725367914565,-5.35027161202671,-0.08728652026888417,0.10454540652235653,-0.2713069207653047,-0.410526226736392,-0.3696165104543532,0.32328125848926637,0.3127536245333045,0.21938863711088097,0.00013114678298795977,1.0661637959917851,0.43620028068111516,2.3250512818099933,1183.3523138827888,5.0,74.45432915271677,0.7476461170456555,6.013032246552215,Micro,wind_gust,0
30,24.89863797297188,-46.994136787396506,578.0252539332959,-10.96609361831544,-0.31242938095936273,-0.24374094968770016,3.589656929113324,10.07056861679872,-0.12291607769410749,0.03417737085020829,-0.25140184680350525,-0.4087857855790403,-0.36782324803658634,0.36327415359279264,0.31078740788832526,0.21261157399596492,0.00016109363778291948,1.0661637959917851,2.1870250110297076,-3.9001558530487612,1183.3523138827888,5.0,74.54298898274604,0.7476461170456555,6.013032246552215,Micro,wind_gust,0
30,23.085578864874375,-47.70506831488104,583.5407030311048,-11.226365363368716,-0.3970970196209961,0.11687387673845313,-0.34339593596936324,2.2313222598229836,-0.03768874792877308,0.10367007856307245,-0.3383658646365727,-0.4088471056215747,-0.3762324641919963,0.3375224771319549,0.2956696284287544,0.22516257372637544,0.00012133405766414078,1.0661637959917851,0.28320522526321534,-1.4457296093006635,1183.3523138827888,5.0,77.24757187406986,0.7476461170456555,6.013032246552215,Micro,thrust_var,1
30,25.33976617837103,-46.84350668467423,577.9846152039003,-10.802404349721336,0.05415139016672603,0.15469884148126659,0.36226564905468916,2.1273569579004676,-0.10248261137841205,0.09862766454092706,-0.24863208365434833,-0.4190316955713703,-0.3748296434773715,0.3381446869039491,0.33561782557516157,0.29823705008246365,0.0001468595816829503,1.0661637959917851,-0.03047829522748091,2.430859627372112,1183.3523138827888,5.0,76.03341815023619,0.7476461170456555,6.013032246552215,Micro,drag_change,0
63,8.789330917649078,-38.6168141014472,1058.2256888578418,-10.895048491307474,0.1478849431400908,-0.09762638141184932,6.544947048645561,-7.55462280908497,0.3063531134383694,-0.06292624508161193,0.12467392639761746,0.1460250891153377,-0.26677513358938426,0.19062617860102676,0.4160423788410689,0.1971957136860663,0.00016781756110180067,1.0498987316489874,17.354128867157716,1.4142123202131256,789.4713512991625,5.0,31.41979362974832,0.9704463138736311,12.425147593076577,Micro,wind_gust,7
63,9.383598053645388,-38.52466883349262,1059.3654604954256,-10.93916806175815,0.04334570137231435,-0.27717632315779456,5.624547214614186,1.529912760789319,0.2984326879447913,-0.21846651253519192,0.1539193017177612,0.1577498208713256,-0.24600690322256247,0.19880295050076494,0.3889948277721852,0.3128684127463114,0.00015399099717668382,1.0498987316489874,18.83881820909526,1.8731434520112094,789.4713512991625,5.0,31.67797427091202,0.9704463138736311,12.425147593076577,Micro,thrust_var,7
63,9.72730059646827,-39.11720905172493,1056.882017261148,-11.233993970982276,0.4773669599304723,-0.13433688550904987,6.819125868001883,0.03128270485368785,0.20148023549082342,0.004080379020895822,0.21900419066174323,0.15347400693532232,-0.23600432975568386,0.19980855239042794,0.3561759707041582,0.2881160826080905,0.00012748873471328068,1.0498987316489874,17.876593226830558,0.058422031421479566,789.4713512991625,5.0,29.212220480416953,0.9704463138736311,12.425147593076577,Micro,mass_loss,-8
63,8.928571341771192,-38.53158573354018,1061.6220036555217,-11.013084969343822,-0.193130659811066,-0.5669603286126453,-2.7606002579260585,-8.155860651077276,0.21458545996196993,-0.07957799928718916,0.16880266437510483,0.14852896656940653,-0.2432514715795668,0.21335825627631436,0.38984374900898194,0.13604917456941995,0.00016214433704634285,1.0498987316489874,20.777911439277837,-1.3929013345560677,789.4713512991625,5.0,31.4661619219062,0.9704463138736311,12.425147593076577,Micro,wind_gust,7
63,9.247079288718592,-39.14086993713339,1060.8343899264175,-10.8449073027537,-0.3996386863892703,0.11946983540768172,9.28336168958857,0.16213302093502002,0.17050541744043224,-0.0944720852669812,0.09242974582678448,0.16390522986650058,-0.24072365749970845,0.19686882819041768,0.3887965280094905,0.18938828491922266,0.00015045839766939827,1.0498987316489874,17.049400965723734,-2.775506162002874,789.4713512991625,5.0,34.444367190779545,0.9704463138736311,12.425147593076577,Micro,thrust_var,0
63,8.836856759446755,-37.68446641431248,1061.6327405337038,-11.130847513012192,0.0586350040315339,-0.55782339832315,-11.27358392617555,0.8456341154267054,0.2859618857658195,-0.01793461904188834,0.17176128358248913,0.1553331018285043,-0.24936126416608395,0.20385592988967377,0.3503753893769405,0.1660861004389447,0.0001325677077236343,1.0498987316489874,17.545511358478404,-1.4495293614395373,789.4713512991625,5.0,29.53325467658118,0.9704463138736311,12.425147593076574,Micro,mass_loss,-3
63,9.225998887055075,-38.55502071662341,1061.4847973764615,-11.013006480739737,0.060356717820132834,-0.019669177808923615,-3.58112504711508,4.625087340612335,0.1494444810835926,-0.02863780786050972,0.04217759304337898,0.15373190819066457,-0.23656068875949224,0.18669411000360459,0.40371881603245785,0.21578111654141915,0.00015524439295116,1.0498987316489874,17.896467737526567,-0.930598326968671,789.4713512991625,5.0,30.030484547788284,0.9704463138736311,12.425147593076577,Micro,wind_gust,7
63,9.266805846875506,-38.48635268194906,1060.9521594872658,-10.472197038449679,0.04500561190797111,-0.29757123699808197,6.64383353938997,-2.0373618659615347,0.2449555805870811,-0.12280787077059792,0.11149670225076692,0.15105356741112633,-0.2307660066222537,0.1879127776218573,0.41648390120612216,0.10754680021376656,0.0001744019239985922,1.0498987316489874,22.005335666577242,-2.0475191443334726,789.4713512991625,5.0,32.71754132176774,0.9704463138736311,12.425147593076577,Micro,wind_gust,7
63,8.960801943315602,-39.524954368393786,1058.4645135248668,-10.869286034317838,-0.06641947745552845,-0.24124130644820654,8.005593428196345,8.98508258248977,0.14911487528929912,-0.06876938358412535,0.19604852772932574,0.16069902682154874,-0.2525534423478767,0.1961369731035797,0.3805514507104823,0.1789867984420586,0.00013214411515115229,1.0498987316489874,18.36429336513772,-3.0056034226101396,789.4713512991625,5.0,32.26281037740186,0.9704463138736311,12.425147593076577,Micro,drag_change,7
63,8.952406525085523,-37.692282298640954,1061.1230246200594,-11.064738521731512,-0.1255813589997954,0.42559006927559057,-2.6624762877649695,-1.0040082252747435,0.193116371702385,-0.10988253928010372,0.17676558329988698,0.15230401224656084,-0.24572595189486027,0.18704858772104027,0.3517816868923328,0.3066089262047023,0.00014832002289343304,1.0498987316489874,19.31972192585265,-1.6041665982419402,789.4713512991625,5.0,29.906042763621063,0.9704463138736311,12.425147593076575,Micro,mass_loss,-3
14,5.397595293911061,-80.48378824976754,755.0167083561075,-11.061103829470012,-0.555466887518803,-0.2094513985423485,-3.9690772199763606,3.2556353034114567,0.03164313713640262,0.19325078577262012,-0.050783322257771456,0.2663899751438161,0.21367598538141197,-0.18181080153537788,83.00984784981142,0.3058166171863419,0.010434080023766742,1.0674256585502182,10.397786458035448,0.4572219854103151,3410.2893404149454,5.0,5058.606635908758,5.077380790879067,84.63802384602916,Heavy,thrust_var,0
14,5.36144076076073,-79.92165145319662,753.377317469788,-11.030258035750075,-0.3679681739705896,-0.05574168302993349,-0.3034271660096032,-4.543261409577292,0.10450912580192041,0.21778405722458727,-0.08952014515227545,0.2600843910247407,0.21705011401692728,-0.17129074091381175,89.14413082244238,0.15642447028334214,0.012305952377565231,1.0674256585502182,8.53431161039454,2.0954031377552194,3410.2893404149454,5.0,4883.584495556732,5.077380790879067,84.63802384602916,Heavy,wind_gust,0
14,5.969175411798513,-80.24119840418437,750.2748881168355,-10.963185805379464,0.1291225375293595,-0.12822668340809035,-0.39929457870475743,-4.779508717087126,-0.023138615236462462,0.2211080591854042,-0.03362157569042436,0.2464682246765553,0.20467294961614918,-0.17360966589523327,87.83510861151753,0.26992700795772956,0.010603729302858184,1.0674256585502182,4.976374050780455,0.26414626504036026,3410.2893404149454,5.0,4626.0506289618625,5.077380790879067,84.63802384602916,Heavy,thrust_var,0
14,5.436420428515764,-79.32256285755626,752.7363429263138,-10.66276832226584,-0.16758165865147498,-0.12570767545208877,-4.063235279445256,10.585907699948862,-0.02534846784112433,0.1939582857899999,-0.06418483028684804,0.25776901187568807,0.22353104488055045,-0.16869649192249164,92.3989037652058,0.21426520027441576,0.010519222586578305,1.0674256585502182,5.3258644802944755,3.1880569461345294,3410.2893404149454,5.0,5033.6521536510045,5.077380790879067,84.63802384602916,Heavy,thrust_var,0
14,5.383372035526439,-80.4216924356451,756.4323456001579,-10.789301749343213,-0.00574094453547259,0.2105822931657079,-0.1939384155584652,-5.1071597932943655,-0.05013599060473428,0.2817925384940548,-0.016923665956109626,0.26938440964378024,0.21384532622276167,-0.17086027328925374,87.08847184092465,0.20483807984184108,0.010322723027936615,1.0674256585502182,6.706758925125311,1.0039868613486702,3410.2893404149454,5.0,5141.500483594585,5.077380790879067,84.63802384602916,Heavy,drag_change,0
14,5.404249310788698,-80.4270940436563,750.5584164014783,-10.890279340110906,0.2703430891587674,0.4871584236966426,8.26817608014929,-2.673754022954575,-0.009723280988568608,0.22115488005845763,-0.06541270784600084,0.24260565712208224,0.20782403045971395,-0.18432053934090517,86.88234281698968,0.30578854047814924,0.010166670851264645,1.0674256585502182,7.8004375658137866,1.8132967716185662,3410.2893404149454,5.0,4863.2327486228905,5.077380790879067,84.63802384602916,Heavy,drag_change,-4
14,6.121797713041141,-80.21034031178343,752.9126237387235,-10.9739799227638,-0.43154591147467763,-0.1744298599626984,2.700922360119245,-2.112022309484736,-0.05395949030811778,0.17814967620825137,-0.07230540685561825,0.25284044207189477,0.21371354945059526,-0.17541789445509304,85.73128755997168,0.19100862394432064,0.011290870898846592,1.0674256585502182,8.685225545392898,-1.0537982095061744,3410.2893404149454,5.0,4732.7191456479795,5.077380790879067,84.63802384602916,Heavy,wind_gust,0
14,5.562781185246624,-79.69902841014635,753.3127849108668,-11.07001464884839,0.4727045691675879,0.21066129417678375,4.7806452064662865,-5.104408509957548,0.03905851449419971,0.2868226884965728,-0.0644145064297578,0.2688193494997547,0.20658991141124264,-0.17763996135282545,86.17619203512632,0.20841364906595963,0.01038813908792848,1.0674256585502182,5.827317282626094,0.7859081263468826,3410.2893404149454,5.0,4930.254040280431,5.077380790879067,84.63802384602916,Heavy,drag_change,-4
14,5.549837093329159,-79.01075661402965,752.6960374540519,-10.981618660454336,0.29286036620555095,-0.06120244527117245,-4.072133156215639,1.7299354145401091,0.006651376347032201,0.32580985286252373,-0.06869060441371688,0.251392592068194,0.22898391875458013,-0.15961962300418828,83.58631460258647,0.1658217156541306,0.011159773044611927,1.0674256585502182,4.829764007757783,-1.026808271409202,3410.2893404149454,5.0,4204.38709039443,5.077380790879067,84.63802384602916,Heavy,mass_loss,-4
14,6.195335393479676,-79.30822432865035,749.952321636515,-11.079619747621281,-0.08283962594434953,-0.3265883162020875,0.605169392513712,-1.0282595592669324,0.017730062793687943,0.3115660490866256,0.009037071457568949,0.2659130019695704,0.18831102351020318,-0.1670311235827703,94.52714768978942,0.04947387418432417,0.011450783430727333,1.0674256585502182,7.092172405044724,-1.6995900060458893,3410.2893404149454,5.0,4988.130016538342,5.077380790879067,84.63802384602916,Heavy,thrust_var,0
40,14.882487843901595,-29.96306117050157,549.2951202198655,-10.161668663360329,-0.36806103533940776,0.31919923397335476,-4.467461254540395,-0.500701552609993,-0.22024804946430943,-0.0422973887078953,0.2597720759731962,-0.36977477400122066,0.1798672884859961,-0.0967698786793238,1.1831203161785901,0.1566201170649932,0.0003845605776945853,1.1080235725110275,8.931062021906635,-4.35446209736647,503.93590237867454,5.0,164.2104197640911,1.3254966190904753,5.0,Small,mass_loss,0
40,14.971512190780091,-30.57368296835889,547.4256216625389,-10.393773347727047,0.30595014371542656,0.14535690688368888,3.3772364821729486,4.441286995187308,-0.306391100530527,0.011543397498955738,0.25080687713958544,-0.36130930073708967,0.17461412542543334,-0.1167937808396844,1.400958725015769,0.24692653675939324,0.0004288727158985727,1.1080235725110275,12.0473166873328,-2.1877517705604737,503.93590237867454,5.0,171.60659261650432,1.3254966190904753,5.0,Small,wind_gust,1
40,15.57863206099657,-30.211758708474406,546.540421640306,-10.487919738655714,0.04190919888510201,-0.12360069791517679,1.9516535191673277,0.9509171277747351,-0.3236909515320017,-0.013110872387955344,0.2757768474504011,-0.3475263773034584,0.17020553449823733,-0.10703606141305198,1.1251161257834024,0.19731591681233912,0.0004238446215233128,1.1080235725110275,14.065687066311778,-0.2512399213522691,503.93590237867454,5.0,156.36257285748712,1.3254966190904753,5.0,Small,mass_loss,-5
40,14.173121819451282,-29.42290973959176,543.1069472181294,-9.952259217423554,0.23734609510926774,0.13703123331013778,-16.679507747345482,6.419443916351342,-0.3142322892251219,0.002379693687586164,0.2200156257551569,-0.35377944919696347,0.18031415450646196,-0.09986815274238181,1.367206734991924,0.2126463602106563,0.00039753262019254226,1.1080235725110275,8.547568307350614,-1.5020536136380445,503.93590237867454,5.0,183.69425461582023,1.3254966190904753,5.0,Small,wind_gust,1
40,14.793451243878195,-30.046864053885944,551.546938278231,-10.282142171209069,-0.5961632663900664,-0.13989872297107894,-13.309900799113661,3.5107488704109837,-0.26306946141697146,0.04767959630743325,0.2564258401475832,-0.3474543457690716,0.14801003123970713,-0.12921654133288332,1.2640046880670996,0.18480510570349862,0.00038927530209800044,1.1080235725110275,10.978689972219291,0.35125542536453264,503.93590237867454,5.0,162.0813249823653,1.3254966190904753,5.0,Small,wind_gust,1
40,14.521030070576542,-30.496728302834462,549.5678320067976,-10.18412248177856,0.30445431844412424,-0.2836283592433022,-4.380014451018513,3.630795607877814,-0.2639239278502092,0.07410812757980073,0.18561905432343712,-0.35351710290189076,0.1793847468753138,-0.12416777051251746,1.3133959299688682,0.09919040884887342,0.00043775679025578754,1.1080235725110275,8.093872862020252,-0.3777847525388282,503.93590237867454,5.0,175.77907736167515,1.3254966190904753,5.0,Small,thrust_var,5
40,14.765129532068828,-30.274830035437514,547.0633912977293,-10.355110148466599,-0.184195856634178,0.02677918197724953,-1.373699843198838,6.847550712041408,-0.30726699483306463,0.05492014750254505,0.2857091790965143,-0.34055236958662216,0.1658021324122803,-0.09855270221249499,1.0942728443407497,0.25261207054719587,0.0003570542306933751,1.1080235725110275,10.496556290741946,-0.7273625441557846,503.93590237867454,5.0,141.70325765357165,1.3254966190904753,5.0,Small,mass_loss,-5
40,14.63737227056469,-30.59884668767255,545.4409364379079,-10.19566593344323,-0.15726853443137626,0.10089654288650583,-3.590688293813649,-3.0769616287743857,-0.21025709781358204,0.0351744410381504,0.19340890572329572,-0.357677211456133,0.18770898651455328,-0.10585869140282755,1.3525662556364344,0.1623882731736279,0.0004208327509538876,1.1080235725110275,15.36528025992271,-1.5829352850257072,503.93590237867454,5.0,165.43200880268898,1.3254966190904753,5.0,Small,drag_change,0
40,13.913481139332662,-30.414871777587848,552.161630085648,-9.988653910095916,0.36648796396464883,0.24623160506105987,-4.542047567374788,1.181085524781176,-0.17101470296142512,0.0501411311432441,0.2800526320845625,-0.37395190801107847,0.18113863233359292,-0.11933988912587837,1.2991115628510637,0.2711015811014223,0.00039490835002206344,1.1080235725110275,12.359107571969748,-0.3699614783846793,503.93590237867454,5.0,158.89037724381325,1.3254966190904753,5.0,Small,drag_change,0
40,14.264778965923012,-30.231238644758534,548.4938178598326,-10.079241925873864,0.21240635876032093,0.5949127675051569,4.3189095158342905,-7.402219625113581,-0.31710369059614707,0.014031953030108027,0.19039940779611503,-0.3539486609386668,0.17888579759643947,-0.11363168417094062,1.3917597291517747,0.2727100006137912,0.0003125086081349127,1.1080235725110275,7.87131982993742,2.194480303118993,503.93590237867454,5.0,183.46892762328838,1.3254966190904753,5.0,Small,thrust_var,5
63,9.470419852005033,-45.7641155003929,609.7017755095616,-10.723285492026402,0.12309902596367822,-0.278740819614847,5.946301280889543,1.008329217856608,-0.09223191346195139,-0.1766604710717288,-0.03207897202355793,-0.1298969998888116,0.053475784653051806,-0.0764176759120421,1.783291426191995,0.19601381018870095,0.0002940859381891465,1.1903740855551606,12.286747222727826,2.0166478061014326,1210.1580326909211,5.0,164.93526329688325,1.7676338313357618,15.505636815229584,Small,mass_loss,-3
63,9.113049723531637,-45.008940981080585,612.2674263097567,-10.334629800490834,-0.4816900209188363,-0.02281467230911278,-3.8013119985173964,4.348810290881459,-0.07275522726701181,-0.1346830577564275,0.01253194319276206,-0.12636148080035114,0.04539650817683274,-0.07885185876135067,1.8241757917186443,0.1983262594836547,0.0004119027390109757,1.1903740855551606,7.006923470713358,2.645485663759573,1210.1580326909211,5.0,173.54595726837553,1.7676338313357618,15.505636815229584,Small,thrust_var,7
63,9.830011813077292,-44.381264051952115,611.784927497185,-10.407874212241147,0.032747982073181525,0.01092222199208087,-0.7158938494807621,0.4036124260202251,-0.09103054715677754,-0.18016281917234273,0.11005859734704018,-0.14521823888060179,0.07770926511619271,-0.06365366699290505,1.9434066004085004,0.1686166429335465,0.0004016490387782611,1.1903740855551606,12.205669275114062,-0.9508504594319813,1210.1580326909211,5.0,177.69995868319072,1.7676338313357618,15.505636815229584,Small,thrust_var,17
63,9.512595306996088,-45.105419761333195,615.1983666023827,-10.573751670228127,-0.03897141944954136,-0.20411032994695655,-4.124197603628663,1.9602129095926668,-0.1339418350017643,-0.16947351884989553,0.05763203025534792,-0.13457929210367847,0.06204742803342034,-0.06018558339382242,2.009326948079404,0.3320515389331238,0.00043328455258018477,1.1903740855551606,12.2344082107765,2.431013610046159,1210.1580326909211,5.0,163.33116524512116,1.7676338313357618,15.505636815229584,Small,thrust_var,10
63,9.12635874172331,-44.88751437245475,613.5707162156862,-10.501629648632303,0.029685829843208014,-0.32938548009701146,-1.9963121172842955,0.8109578323043869,-0.20552923629407005,-0.27239721549811396,0.04006388202153788,-0.13142803848744355,0.061578919077401734,-0.07771045509845793,2.0559875458783736,0.20517707056557266,0.00042330579126264526,1.1903740855551606,11.681685788559124,0.5300145441892482,1210.1580326909211,5.0,176.90181966744188,1.7676338313357618,15.505636815229584,Small,drag_change,7
63,9.871791358698227,-44.42958103034332,613.3214437298718,-10.522985172855186,-0.03795781485859487,0.2324743664741961,1.4313911154094214,9.022244859935624,-0.11537309623545589,-0.092926645823052,0.09142931018712822,-0.1278617537677105,0.04058290420964786,-0.052206856109945854,1.7852156061165085,0.1778036752782554,0.0003286330135026953,1.1903740855551606,12.94781415079604,0.06710319363648522,1210.1580326909211,5.0,148.62500950104064,1.7676338313357618,15.505636815229584,Small,mass_loss,-3
63,10.21171218929709,-45.73587082024037,613.7343879400837,-9.972919560094116,0.16590321394520138,0.6380243586333773,3.460563597616735,1.3142865099967704,-0.09171857218091622,-0.1689459380013289,0.03731816939380244,-0.14046779481442073,0.06492979254285115,-0.03949490010635634,2.0872535282964573,0.2102437578229353,0.000409550792965343,1.1903740855551606,12.788201097506432,2.842920765453562,1210.1580326909211,5.0,158.34398065030237,1.7676338313357618,15.505636815229584,Small,drag_change,2
63,10.053951488820038,-45.17652033696507,610.0663003432003,-10.860759602117366,-0.13583548549109611,-0.15655663736914627,0.7374681375566716,10.730213403368108,-0.13584689684927168,-0.23040526217384527,0.031214677357725817,-0.12479611668614943,0.05822100288330105,-0.05498397925834785,1.965037652631089,0.20305824415783288,0.0004470947562266491,1.1903740855551606,11.022726400227672,-2.0813191588343636,1210.1580326909211,5.0,164.58115581774794,1.7676338313357618,15.505636815229584,Small,wind_gust,2
63,10.473217958354741,-45.36479641021911,611.0041956434147,-10.33927343514897,0.18059968575071964,-0.10301951365380807,0.9257648141907919,-3.68507430771127,-0.08811750141710939,-0.23976070626431362,0.1931143978166397,-0.128005531645461,0.04968177192038044,-0.06417790391734512,1.8458729357499737,0.15906745173881795,0.00039401855907693345,1.1903740855551606,15.74217163491782,-0.2023421045668363,1210.1580326909211,5.0,156.11852080689943,1.7676338313357618,15.505636815229584,Small,drag_change,7
63,8.628035978622565,-44.90966916242636,613.2596109890865,-10.649059838951702,-0.0044911254092862285,-0.35113851278658714,0.6646423241375053,2.4074766028356227,-0.13720904388500035,-0.07555441653056658,0.0058682897588896304,-0.1323814205895623,0.06918098966131211,-0.06227164672691679,1.9301138645143983,0.1285566924775169,0.000438224639382177,1.1903740855551606,12.619202015397216,1.0747308498696497,1210.1580326909211,5.0,178.21504502311143,1.7676338313357618,15.505636815229584,Small,thrust_var,10
10,19.368501026955947,-89.05133173744444,754.9005035047579,-12.794831820973013,0.17119287110533857,0.27526836428371665,0.9883461175802961,1.9874340661251158,-0.16180600350462765,0.024043700106276163,-0.205840470451008,-0.3449678389331909,-0.05418521576249108,-0.47499814571246846,16.390065162774032,0.2475904392671818,0.0037628076961912474,1.114828512019617,-3.0522571275046593,0.41515751008708657,4376.364855314752,5.0,2787.837855717378,6.162177914701452,28.08008529213757,Large,drag_change,0
10,20.494266820228596,-88.62540781079218,751.0943592273145,-12.668647782409296,-0.05953693186321079,-0.5487283241763651,-8.396040450268922,4.875535716444044,-0.19113759129791946,-0.019994774622348964,-0.1867832958370988,-0.3647471127229676,-0.04606664314876956,-0.4801007705054435,14.521277288972856,0.17444011007193078,0.0038419491555385372,1.114828512019617,-3.891421514993254,-0.1638849647836627,4376.364855314752,5.0,3008.854396676187,6.162177914701452,28.080085292137575,Large,mass_loss,0
10,21.76248806948371,-88.32976556921115,754.2728990784234,-11.90977174797456,0.2901435575234571,0.37574261129457925,-0.3298808594866484,2.6108224418360733,-0.16075754621502486,0.022087493056890617,-0.1487619688741879,-0.34389793676204033,-0.0584417601244383,-0.48040144466224516,16.02226268665705,0.14959977330450422,0.0032894299674890506,1.114828512019617,-3.925355632070221,-2.145119941988548,4376.364855314752,5.0,2771.07417573665,6.162177914701452,28.08008529213757,Large,drag_change,2
10,17.15791368382044,-87.9596122553981,756.1690657312897,-12.907775281342015,0.266328076702392,-0.061875032834025706,-5.234280899782023,-7.60916786225343,-0.11974621719853779,0.06336691746736134,-0.2056537922322566,-0.3450918341259685,-0.04670881998240373,-0.46479352135336194,14.537049888104189,0.14601019270585464,0.0034900831155797413,1.114828512019617,-4.774386333590581,2.3021737206240207,4376.364855314752,5.0,2750.8845130223717,6.162177914701452,28.08008529213757,Large,mass_loss,0
10,19.083042531990987,-87.67229657406473,754.6279265218836,-12.045443611519886,0.8086134417784175,-0.19347611636108056,-2.272167396347243,6.260009564708589,-0.1826573135195105,0.012099682250039599,-0.22166159002014557,-0.36536787198353143,-0.04588746884423259,-0.4808097398325626,14.793744710868099,0.2720544231867871,0.004267465870462532,1.114828512019617,-2.9504656613226112,0.25152516245211776,4376.364855314752,5.0,2796.096960713963,6.162177914701452,28.08008529213757,Large,wind_gust,0
10,19.542357022041912,-88.21847629017834,755.4298269854605,-12.351320626563599,0.03541484000693231,-0.3650887730530559,-1.2657425002147247,-6.017834481144163,-0.0749713860904602,-0.007636518725555187,-0.16037719355328423,-0.36301181418959005,-0.05322100252417214,-0.4971761120238873,15.89646561050506,0.2649590626314592,0.0033420679016177065,1.114828512019617,-7.065715825467848,1.6066320854756582,4376.364855314752,5.0,2515.164061784811,6.162177914701452,28.080085292137575,Large,mass_loss,0
10,18.683252544853218,-88.43618634772078,755.2796931340972,-12.590992981360511,0.7376053123009837,0.1869303572429515,-4.230361066470363,6.197160933491416,-0.07709803836763802,0.0553141292471346,-0.2240991900281966,-0.34797527931222433,-0.05284025192027853,-0.4645651010070698,16.320453534645445,0.18602424804533982,0.0038718613773595168,1.114828512019617,-1.154725913533988,4.73643675078381,4376.364855314752,5.0,2937.3192717580187,6.162177914701452,28.08008529213757,Large,thrust_var,0
10,19.005265239030784,-88.4304190257759,756.4424800935838,-12.705101772344321,-0.015488235606500155,-0.03414316569581744,-8.49045978898512,3.874674797110249,-0.10729528173673439,0.05257048973761295,-0.14076607680437264,-0.36006417409528374,-0.05220787053955233,-0.4685845165071096,15.644919989888747,0.1453279787140721,0.0038439304774918865,1.114828512019617,-3.1337312000870785,1.8601449186044625,4376.364855314752,5.0,2682.490184421941,6.162177914701452,28.08008529213757,Large,wind_gust,2
10,18.590156593856594,-88.84838189009899,760.6458752285382,-12.754843291811502,0.04169775205617964,-0.2260459872299721,3.934057494873329,-5.761503163412281,-0.12858420925319536,0.05158478743373947,-0.1341244312284294,-0.377990195033058,-0.03579468600162244,-0.4745354823266927,14.559881333649543,0.09203953133050001,0.0035295990848914793,1.114828512019617,-3.601600006486134,-3.0402994454889747,4376.364855314752,5.0,2572.409001541821,6.162177914701452,28.08008529213757,Large,mass_loss,0
10,20.253057967516078,-89.05051851173987,758.5572397950694,-12.363914283991086,0.4598439396970259,0.2964287950730062,4.837614974545879,-1.5133052183777487,-0.19638755823564422,0.007769178469577798,-0.2682408178621535,-0.34487712958555117,-0.04990005902072413,-0.46516026292042717,15.502261247516406,0.25413124605011056,0.0034969882084721175,1.114828512019617,-6.543996412088854,3.2542361043195154,4376.364855314752,5.0,3095.7641216072866,6.162177914701452,28.08008529213757,Large,drag_change,4
10,10.113376948925646,-54.64169863810082,505.06146250767785,-10.36233757165041,0.015501056670130067,0.2976381116271181,-6.283840072297543,-3.8870882109959606,0.26039145491932675,-0.21538278802813746,-0.18050550358930786,-0.30821375282876035,-0.4610928282308637,-0.18780852354285088,81.04837756790455,0.16674028157677268,0.011040721542955939,0.9212228291574671,27.848725802142567,-0.08216447854856941,1398.3858177025747,5.0,7956.821642736367,6.401880243248961,22.790069027693804,Heavy,thrust_var,0
10,10.319475444371975,-54.48838442833236,502.7531419050532,-10.445884680198754,-0.5840364145872824,-0.29900613308560053,-10.477931926318913,-7.839976115801245,0.3492849067747355,-0.16563539493426171,-0.14692896181586834,-0.29621134883554534,-0.4617060156717639,-0.17102809701680988,85.50683124875944,0.2847824306415361,0.011490737600190369,0.9212228291574671,28.713700843811885,1.5277263012950704,1398.3858177025747,5.0,6802.886767358011,6.401880243248961,22.790069027693804,Heavy,drag_change,4
10,9.638077748078034,-54.96291292621004,507.0976030766741,-10.478779486550375,0.2431784919445777,-0.17067145592682742,5.47936727488413,1.6727881726894007,0.26880333451309346,-0.23277211919872515,-0.13661720801665575,-0.29535520911032287,-0.4731615907477637,-0.18151042697890268,91.16106015158047,0.127573452898315,0.008836252272645843,0.9212228291574671,27.02722480879786,-0.830900966077499,1398.3858177025747,5.0,7377.903533848497,6.401880243248961,22.790069027693804,Heavy,drag_change,2
10,9.912826239783909,-54.72022475285024,506.6290353971494,-10.056631829377189,0.25863325725539976,0.04472126077342251,-2.035377366886232,4.379877483156599,0.15832468866316496,-0.13990120381182442,-0.14328144963626185,-0.29157872375332783,-0.47902898535879584,-0.1585600652988192,91.02604039991289,0.16962646208991167,0.010024475269947581,0.9212228291574671,28.740083406614986,-0.7299346923113206,1398.3858177025747,5.0,7373.034684693283,6.401880243248961,22.790069027693804,Heavy,drag_change,0
10,8.974310866025505,-54.24289875941999,506.40203152056523,-10.409840609987832,-0.06355381666162914,-0.08410191220277413,-1.503693297666825,-1.367867717555118,0.24979448886338476,-0.2084383095983604,-0.20825586735989265,-0.30573018310374195,-0.4680678461110496,-0.17718510571843601,87.72049977467759,0.2271469631002444,0.007869846244292267,0.9212228291574671,30.309021975427832,-2.452760543512974,1398.3858177025747,5.0,7724.7662036570355,6.401880243248961,22.790069027693804,Heavy,drag_change,4
10,9.476564584020068,-54.42713507764008,507.15420518745634,-10.197792073020748,-0.5313995514172162,0.03211515895599855,-3.3773617262449536,-4.782556560581503,0.261295336778953,-0.15091706765573576,-0.13336807315165705,-0.3141598675583929,-0.4669868721100453,-0.17439596165464327,87.04542932464759,0.24987779459426,0.010098866506810023,0.9212228291574671,25.638252447007535,0.2773792497240647,1398.3858177025747,5.0,8624.192393401077,6.401880243248961,22.790069027693804,Heavy,thrust_var,0
10,9.279663161886274,-55.11791854868492,503.8262131898603,-10.265564824088333,-0.16481501518498506,-0.22185317138821578,-3.3998334746601264,2.516643869227833,0.2744422833224285,-0.22469190724418586,-0.16471173260706176,-0.31210988813980867,-0.45656789640230483,-0.17991902285802128,87.27932067363241,0.12976173891664997,0.00981052103191285,0.9212228291574671,25.793354364440397,1.4926330451182526,1398.3858177025747,5.0,8209.171992280357,6.401880243248961,22.790069027693804,Heavy,wind_gust,0
10,10.00321766909564,-55.002039390889635,509.3214937064849,-10.123598570120086,-0.366835834401173,-0.44024129619077523,-5.651638495262501,5.841807446457422,0.193816844043459,-0.1803928353685052,-0.18628207231210442,-0.32041265041863887,-0.4653446331723066,-0.17194480123442188,80.3591433233437,0.11865072229359844,0.009254920137031815,0.9212228291574671,27.405550260686024,1.323291605029513,1398.3858177025747,5.0,6849.227217497833,6.401880243248961,22.790069027693804,Heavy,mass_loss,2
10,8.875337214173237,-54.66674357377304,507.8396656297327,-10.111657550823297,-0.3389783044260214,0.09647106979580354,-5.031851315070027,9.695923503563291,0.28080863098962505,-0.22178014338044794,-0.2054927053687645,-0.30462437467556724,-0.4626769323313076,-0.1866609313550759,78.56768678562338,0.2235456531778976,0.011574520624683851,0.9212228291574671,32.574038665520995,-0.19882857863160422,1398.3858177025747,5.0,6872.570833192859,6.401880243248961,22.7900690276938,Heavy,mass_loss,4
10,10.088334456850278,-55.1879099846947,505.7798985571537,-10.714169977998298,0.0943741092462311,0.3159037219267276,-4.548758368570603,3.7775478748975027,0.2566810716583092,-0.23210511197292885,-0.10657256723028571,-0.30829366922960977,-0.45916491787785546,-0.18970653620466169,85.4165368946675,0.23557984015500721,0.010289489224348984,0.9212228291574671,28.784892062037127,1.2079553845684383,1398.3858177025747,5.0,7577.524986993022,6.401880243248961,22.790069027693804,Heavy,wind_gust,0
12,27.235498932895613,-26.157232631608977,811.0517167430272,-9.754702955659752,0.13103799482329165,-0.3003965551206206,0.17003584731972377,9.51865113823297,0.3036248526416587,-0.08071650963390696,-0.22613122951154435,0.20018964944410747,0.3556253678275884,0.1562768791718441,18.43697810487305,0.2746154263062865,0.0034071616662932225,1.0167845117826515,23.31366955485385,-2.6914608858501836,335.8104930610893,5.0,4221.870926188347,5.979421691280155,5.0,Large,mass_loss,2
12,25.761154946578277,-25.5314733005855,812.0440441157459,-9.767220869457072,0.14370806139888623,-0.28612343505330723,-5.73307490865146,4.953996927420513,0.2386264378532578,-0.090745043682688,-0.2928741163109469,0.1842819717107836,0.3442907864336987,0.1474877500494227,18.11629793723788,0.30425934841987906,0.002658403820359603,1.0167845117826515,22.78446692856277,-1.1534956509377552,335.8104930610893,5.0,4219.578650451599,5.979421691280155,5.0,Large,drag_change,2
12,24.370025784552336,-26.36068974599036,809.03101443375,-10.075516011056937,0.0061450948486694345,-0.42665829634514585,3.499217421893634,1.4872957406306524,0.28485784163882366,0.03479012001455588,-0.2829227958597753,0.2046490159789625,0.3432833633829939,0.16311327750018348,19.727868265416962,0.18499993419679214,0.003419584813144683,1.0167845117826515,21.828366106252695,0.2319095009600081,335.8104930610893,5.0,4675.230386412058,5.979421691280155,5.0,Large,drag_change,-2
12,25.030874326915608,-26.370031625196273,812.3924762638551,-10.110960766228025,-0.18741425005598247,0.0460282141156167,-7.665872976811673,-8.707848251255625,0.32998689255469155,-0.16985621977674395,-0.31972676274959555,0.1786685165470423,0.3363273404027588,0.1530064909518904,18.818181982903116,0.3195936694728642,0.003893940621721821,1.0167845117826515,22.64888075178682,-2.394110009652821,335.8104930610893,5.0,5139.716484891989,5.979421691280155,5.0,Large,wind_gust,0
12,25.08456948895496,-25.839038196264955,810.1611553760413,-9.93892425409367,0.23911949144115435,-0.519082657146155,3.2789933508150004,-2.0433123437129614,0.2533978537635074,-0.14337595332405856,-0.22196170296637052,0.19953378869947316,0.3353679176399063,0.15652049348244923,19.208806327376706,0.24339237022006882,0.004088404969076344,1.0167845117826515,24.94623322212263,3.8647515436346582,335.8104930610893,5.0,4850.187064568748,5.979421691280155,5.0,Large,wind_gust,2
12,26.389798716947972,-25.381213668674253,812.4613289732794,-10.08503443801999,-0.23426412327139734,-0.3284340570056852,2.982569073859689,-3.289429253436847,0.356242093997644,0.006143822421542072,-0.32873348276687686,0.20404883705973273,0.36177856202919045,0.1401725694475185,17.004203767098765,0.228096534664176,0.0038495355207990747,1.0167845117826515,22.998388469564578,3.81036982044718,335.8104930610893,5.0,3750.7387268381117,5.979421691280155,5.0,Large,mass_loss,2
12,26.724493175428016,-24.9635152443959,813.5683785319181,-10.011608810495876,-0.06176003441111268,0.31074024935097627,-3.835559940342537,-4.524436370446167,0.30746207312147544,-0.14801876335563713,-0.25345761063785915,0.2013637627510116,0.3387247667130956,0.16280631964242323,19.768463957769256,0.16108940698038474,0.0037425110413053385,1.0167845117826515,26.480279483989904,0.16553736252947573,335.8104930610893,5.0,4429.30917358491,5.979421691280155,5.0,Large,wind_gust,-2
12,26.040081666344147,-25.88850829739201,811.3546770903222,-9.753571428497356,0.052624092547923405,0.10411988166008312,-7.286523844927679,2.1172916591519493,0.3229644560283569,-0.09323147087497743,-0.16664139417119322,0.173774639259086,0.3490323764289526,0.15585395152492734,19.219806609088177,0.20881063528193117,0.003705603994605236,1.0167845117826515,26.247547411211812,-1.451775167663988,335.8104930610893,5.0,4594.77448408903,5.979421691280155,5.0,Large,thrust_var,0
12,28.595487705401787,-26.414586811958106,813.8308340310892,-9.970441484313607,-0.11014109220938596,-0.280587544475851,8.899304685496412,-8.144321140764868,0.27195552518217375,-0.05494969440976902,-0.2482284583705317,0.209134890091289,0.33238189938424767,0.15496977241736018,18.654187662400684,0.20201085543377784,0.0033507822234850613,1.0167845117826515,24.834929302744115,-0.28477265669873086,335.8104930610893,5.0,4446.411576459433,5.979421691280155,5.0,Large,wind_gust,0
12,26.586607381512522,-25.042326755996818,810.6755432767899,-10.112338074512081,0.12201110518448699,0.19853354387378674,2.583477670631428,-6.437645870296045,0.23631768078105095,-0.08255387517794278,-0.3603564754116697,0.19927588276149788,0.3404403474145141,0.1395812835606665,15.73480250614408,0.20548636441521548,0.0029876400705804817,1.0167845117826515,23.304396386421864,-0.5267793756242765,335.8104930610893,5.0,3855.861961149423,5.979421691280155,5.0,Large,mass_loss,2
35,13.766573283858028,-47.97322994362805,913.7454817737209,-10.249332540645891,0.2718843360528062,-0.09354811586236599,-1.6380376304605586,1.7297183399003329,-0.27658223668019205,0.2622182701074082,0.28181226940724724,0.2022602277095124,0.4153462476063841,-0.248215247236269,57.666724012050466,0.2084012800879766,0.009449474641443398,1.1299353277649944,3.824419872494455,0.9262769599500803,1304.474360282943,5.0,7603.8444982054025,10.804771665865324,11.198513501983081,Heavy,wind_gust,-4
35,13.400884646317317,-47.929036150813644,909.7076904599314,-10.495425371011171,0.3453458589803839,0.15122429787725805,-2.9660196746673737,-1.0144730500576022,-0.3233902816261495,0.28153404060373877,0.2813370509814291,0.1854633855338859,0.4658160674036899,-0.2516647229583832,52.55711075942028,0.18312381643215248,0.010649778803055095,1.1299353277649944,6.662101039231408,-2.7952271236578006,1304.474360282943,5.0,7320.966940793873,10.804771665865324,11.198513501983083,Heavy,mass_loss,-4
35,15.120585481915942,-48.30926125198747,908.9066525100321,-10.327820340660685,-0.012705046809740772,0.15605012661880405,-0.5694842936060492,5.783266047748943,-0.2901543512611607,0.13895794831306504,0.1855911921528154,0.20069869524709602,0.43402789272811576,-0.2366612711106282,54.58836984967932,0.25091102146172295,0.009777831728033582,1.1299353277649944,9.08905945392798,1.0112621025062256,1304.474360282943,5.0,7816.280938422949,10.804771665865324,11.198513501983081,Heavy,wind_gust,-4
35,13.822586354087088,-48.28694379711236,910.2754927879994,-10.23212732114263,0.16314995002290922,-0.20355125213262787,-2.6357622879619447,12.471848537766155,-0.2524269283104704,0.19616116071851084,0.15921307433801335,0.17958987280741354,0.4294369876862788,-0.2485367520933874,61.19862288807899,0.23080372225458695,0.011420367076732465,1.1299353277649944,7.605540829676034,-2.45168887973664,1304.474360282943,5.0,7906.221329429896,10.804771665865324,11.198513501983081,Heavy,drag_change,-4
35,13.816293932802132,-48.048118532287454,912.6974213776062,-10.536003478234546,0.24053555529854573,-0.301892401677926,-0.807235665849336,-0.35057072039015535,-0.2087591974199194,0.228133744641736,0.3276102620971957,0.18286996649831053,0.4419050494681907,-0.2477011504812372,57.165913931347454,0.15933200317755544,0.011942002619288378,1.1299353277649944,6.499919576236424,-2.174135025869836,1304.474360282943,5.0,7397.294269571398,10.804771665865324,11.198513501983081,Heavy,mass_loss,-4
35,13.522805380553752,-48.78705177175252,906.893522092801,-10.591409297243311,-0.05236899188253661,-0.29289817422881476,-3.4211715038127064,-4.770326261425656,-0.34907485011575995,0.20925866394837886,0.27374093925494664,0.19124707245203743,0.45196687405854186,-0.24796380336018609,57.50961670945116,0.20158476835412156,0.010906403560415544,1.1299353277649944,3.6521396823824452,1.6849201082285659,1304.474360282943,5.0,7352.840413305181,10.804771665865324,11.198513501983083,Heavy,mass_loss,-4
35,14.307087703759839,-48.39766499370024,910.9385959863857,-10.527424893118871,-0.05501549513187345,0.20312662810211554,-1.3832045465271248,-2.8553965138422734,-0.3380844802872086,0.2173226289712272,0.3025740517852691,0.19510871924950662,0.43558787015974004,-0.25706748936192403,49.97282766211373,0.25882261005524065,0.010715812467837411,1.1299353277649944,8.013252273981827,0.50213912195389,1304.474360282943,5.0,7007.665397711845,10.804771665865324,11.198513501983081,Heavy,mass_loss,-2
35,14.029484147282378,-48.44922444966986,912.7385620606385,-10.52384714061032,0.1872048316300299,-0.2470886039325519,4.149894244394922,-3.116356332250765,-0.25771771850298497,0.3167317752295957,0.2829102894996872,0.1997390076779427,0.4541108179302179,-0.25519174335322936,59.40474189473037,0.15840742181075387,0.009850705987741636,1.1299353277649944,9.65542408700522,0.5473289029859296,1304.474360282943,5.0,8286.462054167596,10.804771665865324,11.198513501983081,Heavy,drag_change,0
35,16.093341676211036,-47.9247713044237,909.9193062693682,-10.79029791012241,0.5921200328207556,-0.048983515568491,3.721145597807986,4.2799864515327295,-0.29322022078753396,0.2513750135102484,0.21009947184490504,0.1864425508773912,0.4522505073492,-0.25107702467126364,59.48553238804848,0.22054604969408856,0.010872420279110756,1.1299353277649944,3.360917824889656,-1.1705810626327398,1304.474360282943,5.0,7616.164030149007,10.804771665865324,11.198513501983081,Heavy,thrust_var,0
35,15.607989144283017,-48.97306171868803,909.9764825112068,-10.268106891345402,-0.01326345411486683,0.17783146419091392,-0.9490052942225934,7.800842980827953,-0.21201493675912195,0.23268705681800786,0.3240171347429093,0.19944346062824928,0.44126822325351417,-0.23479347835754283,53.925834214304665,0.20839240600565434,0.010581371208823331,1.1299353277649944,6.028754331292401,-1.491030709276839,1304.474360282943,5.0,7713.931993416837,10.804771665865324,11.198513501983081,Heavy,wind_gust,-4
10,16.36555137311245,-77.90921325994324,584.0865765894353,-11.184153252954067,0.03334508350464176,-0.020823345496993217,-3.9834862324486497,5.9496552277588926,3.3602253386437464e-05,-0.24603839242608386,0.029965106973154618,0.4688476518518111,0.14944378673474745,-0.221414898407477,66.91658534685821,0.23966236906241503,0.010275516799060278,1.1535607161743504,-0.3518504239105402,1.0469581081875627,3568.111984930626,5.0,9313.760902412034,10.957186174112191,25.719101677717763,Heavy,thrust_var,0
10,15.550108409028054,-78.62601009175316,587.9488678085878,-11.290939138164516,-0.08684498075635483,0.513232733308316,2.130125058964892,9.853391957332455,0.07142126750347882,-0.14651445213591388,-0.04106549692214787,0.4775822078415857,0.1506630391489544,-0.2287935740367934,64.8235763714156,0.18531537371471857,0.009556717130054706,1.1535607161743504,-3.723678664725551,-1.5924482455476385,3568.111984930626,5.0,8973.434306023186,10.957186174112191,25.719101677717763,Heavy,drag_change,2
10,15.10018127169775,-78.7924376541876,588.5662472322439,-11.31058185699418,0.27151797433839486,0.2617110058107447,-2.156204816395492,13.244450075951333,-0.0479173750445229,-0.2989972107809189,-0.01105406023808343,0.4735534165117417,0.13884824247731048,-0.20596716772087928,67.73150062802682,0.13034944906583834,0.010893837749473119,1.1535607161743504,-0.9786458254277774,1.5313638283760507,3568.111984930626,5.0,10299.072221130084,10.957186174112191,25.719101677717763,Heavy,thrust_var,0
10,16.622846708239013,-79.12357963033344,589.887637264224,-11.255532864240129,-0.20803890850392953,-0.5464050627426422,-2.22595856073505,0.03560684407607051,0.061860945437813335,-0.22567877924487453,0.04970265768906317,0.48170163017585627,0.15890344158764205,-0.2211258241575809,61.53234150371845,0.27439021741602565,0.010347503559914885,1.1535607161743504,-1.7852490598018482,1.0576676674995216,3568.111984930626,5.0,9124.362505164107,10.957186174112191,25.719101677717763,Heavy,drag_change,4
10,15.440611662168205,-78.04546484583084,590.304862908769,-11.340854565526511,0.18060554176725085,0.020710500267354656,5.339016749110911,-2.2913375626360564,0.03349473287036546,-0.21608867074089877,0.025698133991332122,0.46549145643670825,0.16683776678446036,-0.21623932411389113,54.523671285664854,0.16399201327429713,0.00997908296092944,1.1535607161743504,-3.3740032254082615,0.89949874236221,3568.111984930626,5.0,8917.476657439682,10.957186174112191,25.719101677717756,Heavy,mass_loss,2
10,16.31962891015856,-78.92466802664062,587.5007783820896,-11.481022255315814,-0.039058659841428534,0.004932278585814509,-4.489654466900285,3.1533993104894016,-0.010548369491586352,-0.2737722159510483,-0.004922730018441171,0.47407307949780825,0.15581107603702118,-0.20793852577415345,63.02127541522511,0.26524701020040165,0.010988999286397946,1.1535607161743504,-5.033355712699158,-0.5382216050606015,3568.111984930626,5.0,8829.060106381692,10.957186174112191,25.719101677717763,Heavy,drag_change,0
10,17.670907657651004,-79.14133835663803,587.327681660315,-11.10444271155447,-0.030659626987107867,-0.42357809190422857,4.310261175002167,-14.091282560813108,0.05696252579387223,-0.17385955287032173,0.0578176624189112,0.46860811021729737,0.1562747777265454,-0.21885243598458323,60.519295323736415,0.23145783396042885,0.009514047505346904,1.1535607161743504,-3.16312640044854,-0.9543975038819279,3568.111984930626,5.0,9841.000811570051,10.957186174112191,25.719101677717763,Heavy,wind_gust,0
10,16.817516952099375,-78.66610779582915,585.8395127022709,-11.13783342073906,-0.5597657243935747,0.14626740154960932,14.602452022103057,0.8834526711508821,0.024948416906247564,-0.3092733703434029,-0.028140346693690726,0.4805988648130511,0.14050790030690594,-0.21943951850765753,62.02468918122751,0.240455716647753,0.010567462225367393,1.1535607161743504,-2.6491548007384482,0.24073953255363725,3568.111984930626,5.0,8722.59875655199,10.957186174112191,25.719101677717763,Heavy,thrust_var,0
10,15.737736599576015,-79.67278539485945,586.9552788523582,-10.888663908742277,0.442307468668556,-0.15321738489480707,-1.4270595442184562,6.980676528892885,0.0415055089294653,-0.2072043736345232,0.01963146115910377,0.4788983380033537,0.15468217556651084,-0.1968645695601827,59.951706758405926,0.1932297534417425,0.008487862947694573,1.1535607161743504,-0.7783572568706938,-1.925472461343054,3568.111984930626,5.0,8194.285090907333,10.957186174112191,25.719101677717763,Heavy,wind_gust,0
10,13.349431306980353,-78.11563058019988,584.4524752199925,-11.166069159717045,0.009364376900869432,0.6352118449261027,4.984787407613099,-2.5230229774248714,-0.027130161885868434,-0.15654161439681685,-0.061135913459418365,0.4735592972907925,0.1536694894063914,-0.21559196761024482,54.36378697433426,0.2094779930254338,0.01117267258761088,1.1535607161743504,-2.6165996335015964,0.8353628100344953,3568.111984930626,5.0,8271.938577336417,10.957186174112191,25.719101677717763,Heavy,mass_loss,4
140,7.488430543218796,-62.59221671576044,1136.5564212028119,-11.126273844395325,0.2848486965842201,0.4323556700417761,-7.214948643812281,1.4433280827298005,0.3552136635392643,-0.04898843663560251,-0.211076567927468,0.31352197322036146,-0.15210598305498502,0.1851969097738729,6.221486852487671,0.30862193107794145,0.000917064350243378,1.1020492386980958,6.840931618364476,0.263912294792492,2086.3992964520985,5.0,409.96770563076285,2.2341618740162112,34.771886593320886,Medium,mass_loss,-17
140,7.899002662143892,-61.302118685178215,1135.1088770512124,-10.351533886413538,-0.05522863112622587,-0.27162511642510856,-0.8046747115752206,-1.6281661609056002,0.308729346778003,-0.045979849075050414,-0.3176390831212203,0.29136813878924267,-0.14184299729397196,0.18384210242557195,6.579898166676777,0.19339414719126719,0.0009655281027840963,1.1020492386980958,2.4903128217287973,-1.1577738297128877,2086.3992964520985,5.0,496.75533910788505,2.2341618740162112,34.771886593320886,Medium,wind_gust,1
140,7.589902404464651,-61.82418442393335,1133.0810158832728,-10.739029078252763,0.2778202779698536,-0.0011013265441546668,5.108626343800363,1.6878686671950671,0.2421623417834917,-0.0210082069872357,-0.21801405616850467,0.29098517212435393,-0.13382765199147154,0.18769924984810454,6.430190907654851,0.31292303980773223,0.0011085656906438595,1.1020492386980958,-0.9782138941387339,-4.733937915012723,2086.3992964520985,5.0,495.77382986839024,2.2341618740162112,34.771886593320886,Medium,thrust_var,-1
140,7.550502637102358,-61.40037699539433,1138.1109189527335,-10.70014734965481,-0.12636896316611612,0.20230053632305847,-4.501395906154048,2.1094976945705177,0.2539900980142983,-0.022257344585446745,-0.15779225460790244,0.30115480858202015,-0.12051914430870674,0.18721018349847288,6.236707721971676,0.22333714504228386,0.0010192716852617137,1.1020492386980958,-1.9834517368169586,0.6752645319815364,2086.3992964520985,5.0,544.4498791715017,2.2341618740162112,34.771886593320886,Medium,thrust_var,9
140,8.08552984774733,-61.21207194508451,1136.2725981916753,-10.817866549591875,0.07895729237092376,-0.0433913984362697,-4.512191805807529,8.795110076018606,0.2170302707153271,0.057322061168263716,-0.22454675958303932,0.2835770983442306,-0.12978591834436057,0.20324891179300925,7.137119295914824,0.13421776160897586,0.0009734592238328673,1.1020492386980958,4.7238875137784415,1.4931057033071586,2086.3992964520985,5.0,505.8943023193834,2.2341618740162112,34.771886593320886,Medium,drag_change,-10
140,8.081753408700555,-61.534128514669746,1134.2947649136493,-10.765364519279615,-0.32057225789727933,0.005029883226303429,-8.802841909843796,-0.2888235467777933,0.2948637064338432,-0.026037508960179163,-0.27662915002822486,0.2830999491115602,-0.12325295851200974,0.19697174814712504,6.850027147828307,0.24713455156785805,0.0009432752736650038,1.1020492386980958,-0.03375514838969762,1.2921559526233561,2086.3992964520985,5.0,472.723697180202,2.2341618740162112,34.771886593320886,Medium,wind_gust,-9
140,8.353076765273643,-62.20145848206035,1138.471729445313,-10.551216220040587,-0.03515671021936158,-0.6075108943529232,4.7679747533125845,-2.9608316499168956,0.27962524732393124,-0.02196977171390077,-0.16469914149934556,0.28833926827974266,-0.13548563018085014,0.2111759048287579,6.356169704296521,0.24071614257038887,0.0009676725080579771,1.1020492386980958,-0.03561602452916057,0.0023219734417452256,2086.3992964520985,5.0,510.9736784411896,2.2341618740162112,34.771886593320886,Medium,thrust_var,9
140,8.310509861269901,-61.20747096863759,1134.595573465967,-10.63862646456371,-0.05188173966159642,0.027941298823357746,-3.88609538533977,-0.9512224669918485,0.3111620428924143,-0.12168805388870135,-0.25991667998222434,0.2959805277977712,-0.14621307849531134,0.19939328271643172,6.726613486241467,0.19234230871106597,0.001017023106133269,1.1020492386980958,5.2267556688269785,-1.3447228120243744,2086.3992964520985,5.0,459.620198899833,2.2341618740162112,34.771886593320886,Medium,thrust_var,9
140,8.74175055946888,-61.20761179453146,1136.0909802863105,-10.864274794931301,-0.06956592162510351,-0.06374419055609666,-7.474891193813216,4.865993484509113,0.16178409000714833,-0.06784252955204598,-0.26320760711790864,0.3110277820182439,-0.136342465966507,0.19855437591206446,5.807944093835053,0.24343645064240993,0.0012787152343065032,1.1020492386980958,2.9524700586917962,-0.6710090996215184,2086.3992964520985,5.0,410.0971097089064,2.2341618740162112,34.771886593320886,Medium,mass_loss,-13
140,7.862108643673218,-61.667000712838735,1136.343539319032,-10.373431741282577,-0.19233502467269759,-0.20730518344264,-1.872817176853123,5.804760512420241,0.2697793342213531,-0.006594906198293934,-0.20127596584093904,0.300867652379811,-0.1420322420366757,0.2006176822568453,6.428759056851131,0.21029327167941533,0.0009064313888068997,1.1020492386980958,-0.0600184850312071,0.9035581799093997,2086.3992964520985,5.0,430.43565025125054,2.2341618740162112,34.771886593320886,Medium,mass_loss,-19
10,16.5386557525901,-35.35746769113063,550.1318933536268,-10.001516386092973,0.5588943267932787,-0.22279016293700776,3.803321227234173,-6.690994180274274,0.0990298095035342,0.004941324413102098,-0.007754610098869033,0.2108721027255074,-0.4421438846170078,-0.42831937273631954,76.24396586027252,0.15032480901882903,0.00955232380526476,1.0855804550322918,-4.55800605137895,0.06282179610211797,689.3925040581352,5.0,10429.260997215939,9.034594268988808,5.887399928242456,Heavy,thrust_var,0
10,13.503764172588681,-35.33436595024942,548.4297715476625,-10.289120344004868,-0.32432935438115684,0.4695304321825777,3.1611068424274995,4.009539585640669,0.03229707240522779,-0.10389494118033325,0.0515255106791635,0.21659914918943676,-0.45679738580476215,-0.4057545835854652,75.64973667978946,0.2062380595669385,0.009478207438061265,1.0855804550322918,-3.4131018885782938,-0.575472921467182,689.3925040581352,5.0,11416.871035070604,9.034594268988808,5.887399928242456,Heavy,drag_change,0
10,13.646239774380623,-36.421522567718014,550.5048661188873,-10.34344078451625,0.30338763141238695,0.2410180681611213,-4.324905949533575,0.9078904466356718,0.013158600167271207,-0.031455661539745425,0.10080026723720845,0.19169400393446873,-0.44772970122714745,-0.4254681984036946,71.25796563355132,0.14198867376105984,0.008637710863011626,1.0855804550322918,-4.875789536087159,-1.8021726570381782,689.3925040581352,5.0,10591.957007326917,9.034594268988808,5.887399928242456,Heavy,drag_change,2
10,14.627636707765383,-35.04536959682092,546.169354803982,-9.89026464179467,0.21847143219175966,-0.04264535208054575,4.465339134933864,0.7382592026872509,0.04520534629901849,-0.11216399889896411,0.021800328037835225,0.2048968313222162,-0.47949343417924595,-0.4302385751600021,74.86546178862002,0.2474102997411675,0.008471476628489316,1.0855804550322918,-6.5584567110542356,1.6349715613123834,689.3925040581352,5.0,9987.855686588613,9.034594268988808,5.887399928242456,Heavy,thrust_var,0
10,14.851512441722777,-35.53257770721989,548.5399828641755,-9.415193867798495,0.5803357846113686,0.001288011946343704,-0.6543958180724808,2.2301430483141655,-0.03712301272709463,-0.05836780159054372,0.04138428742458858,0.20190113917449584,-0.4509336835412594,-0.4156781362199358,65.62284908208144,0.10368037150710602,0.00834306886623994,1.0855804550322918,-4.362961133051325,-1.5414073231960148,689.3925040581352,5.0,12122.129516349127,9.034594268988808,5.887399928242456,Heavy,thrust_var,0
10,14.580059001152762,-35.44160220089415,551.09488180883,-9.994569683100591,-0.22127473276723536,-0.5362658982432974,-2.1212843644863923,4.038202904427455,-0.06616784227060904,-0.001995630422863222,0.04064904487419046,0.21306991612649478,-0.4761636793386012,-0.43358239915187147,65.83126523350258,0.2933136538134084,0.008428245009066696,1.0855804550322918,-5.17586534971962,4.3014613769921,689.3925040581352,5.0,9585.045522071574,9.034594268988808,5.887399928242456,Heavy,mass_loss,2
10,14.622750692301292,-36.07026629681357,547.197675165737,-10.056724737279147,-0.19931566009958476,0.4208001287866211,-1.8597988675884598,0.7289395759389029,-0.01269080772079894,-0.03139576460714091,0.020708111203089925,0.20087233765483806,-0.44634024734873073,-0.41718232536306665,75.08031943126984,0.057007416890306,0.008562531277711534,1.0855804550322918,-7.6429611776156605,-1.8465462326326143,689.3925040581352,5.0,10148.568213123866,9.034594268988808,5.887399928242456,Heavy,drag_change,2
10,15.16397100265668,-35.744880601582246,549.4063023076537,-10.162447420019365,0.1460131590976496,-0.3951294590264935,-4.138656948482915,-1.2145711554363885,0.0714397709891986,0.003187534774753295,0.09309871630156819,0.219785733084158,-0.41674303897642373,-0.4189631571486324,83.58254516141167,0.2506317627200971,0.010023788022656103,1.0855804550322918,-1.3738195003619187,-0.838626061968953,689.3925040581352,5.0,10595.983727770543,9.034594268988808,5.887399928242456,Heavy,thrust_var,0
10,13.775089009826711,-35.96979776925973,546.6674974809081,-10.259135492318098,-0.6645422312549107,0.029852956643914085,-4.769174290390506,9.383098222914224,0.03397762342603755,0.04552013310356856,0.07501689387148447,0.19976863524665575,-0.44953053286986167,-0.42240662326192485,67.42360572726307,0.2445637171714499,0.00966046380331229,1.0855804550322918,-4.905613678226894,0.131658126565323,689.3925040581352,5.0,9332.748727920562,9.034594268988808,5.887399928242456,Heavy,mass_loss,2
10,14.710229445978653,-35.896426790214086,549.102612034863,-10.114527850572884,-0.02525260464196043,0.021280811423335686,5.802905884523357,6.88747952234414,-0.04557845735336963,-0.04955074503372294,0.07944964267166094,0.2038053275116175,-0.4456280613096761,-0.410357050766176,82.01699742262574,0.20438883757605997,0.008055215737906228,1.0855804550322918,-5.258130855777817,-1.0145683293326764,689.3925040581352,5.0,11289.19903466611,9.034594268988808,5.887399928242456,Heavy,wind_gust,0
30,21.30814124337383,-34.39163121976936,1015.4860147586604,-11.052026847798283,-0.11613518207394133,-0.10089301363519337,-0.8674329535697639,7.235673992224223,0.31281784913328115,-0.2245298797906568,-0.0423505613536391,0.0843816578335196,-0.2416007368533347,0.24306624505861632,0.17709208265250137,0.20158848563488177,0.000151128791096746,0.984107673313085,-6.8296468752202255,4.023443150885494,603.245010286582,5.0,32.840765465307946,0.804013183516563,5.0,Micro,thrust_var,1
30,21.077472841979276,-35.23047226983358,1016.1877550134883,-10.82492099590887,0.242320731762008,0.3446194244951111,0.045061810439998025,2.4230156431761167,0.1984429713503654,-0.26042533703463094,-0.060604047484010666,0.09760584060207249,-0.23197716650529984,0.26958696182062597,0.15960237974275623,0.21360058250339964,0.00014020929023783642,0.984107673313085,-1.8552940015844595,1.3907316439872843,603.245010286582,5.0,34.201184289175494,0.804013183516563,5.0,Micro,wind_gust,0
30,18.417159530841992,-35.94144075651242,1026.5103395857295,-11.082589300769847,0.44065930217886173,-0.019397713217754745,-2.8078657802147684,3.285991414198613,0.28317454964595157,-0.281385342838461,-0.04690625865931191,0.10231572334464932,-0.22768584110018722,0.25354171714106116,0.1654600485177534,0.13962721592815977,0.000182933473638698,0.984107673313085,-7.904997744706564,1.9971902188806823,603.245010286582,5.0,33.64063027168903,0.804013183516563,5.0,Micro,thrust_var,1
30,21.140974880740036,-36.15858327591988,1020.1817605474643,-11.032403404509159,0.24561865080587206,0.4268012496756304,3.421967584384356,8.987089799690391,0.27768079253951905,-0.270116849579087,-0.00437252973252026,0.09730674664689605,-0.22411298400435428,0.2721024853843454,0.16596635951866318,0.23298709215190505,0.00014103111924534007,0.984107673313085,-4.2050575833183865,0.16458067967424522,603.245010286582,5.0,29.97414439677819,0.804013183516563,5.0,Micro,mass_loss,0
30,21.39872383263241,-35.17714702704067,1024.7991780483042,-11.019508644879641,0.1853514656637666,-0.5825082142478836,-4.30324565957365,-5.434568474583562,0.23142591918178856,-0.25165474353024814,0.007071678444685203,0.10182169334131971,-0.2230702127375377,0.25205177190380845,0.1752156495143699,0.3035627727077431,0.00015645805110723384,0.984107673313085,-4.2137669335968075,0.68674069959095,603.245010286582,5.0,33.91157504691923,0.804013183516563,5.0,Micro,mass_loss,0
30,19.968898304712297,-35.61587588877147,1021.7134602482059,-10.915348087267574,-0.08489522189728126,0.33166827164670826,4.8206301812321,5.527178389462911,0.2670427038472266,-0.34315008376646816,0.040618379014011566,0.10361747619003454,-0.21535443427109857,0.26511901311887986,0.19800008627471025,0.19497797361134506,0.00017654859196937183,0.984107673313085,-7.79772205761818,1.6304644853729957,603.245010286582,5.0,37.30413047362321,0.804013183516563,5.0,Micro,wind_gust,0
30,20.708162635420972,-34.820294181191784,1022.5316994633869,-11.066147337297076,0.11775447542400769,-0.09468713490199794,-11.477825220758426,-0.19217908673362424,0.21706843662847908,-0.20885718997789188,0.019213739752015555,0.09001541141055898,-0.23070071889705113,0.2520705181988845,0.17287089545615802,0.22681806013176775,0.00020698430711076275,0.984107673313085,-6.70985220554099,0.18273932879343144,603.245010286582,5.0,36.354592191011456,0.804013183516563,5.0,Micro,mass_loss,-4
30,21.85456247427466,-35.344500281478936,1022.3268600621889,-10.843973096210137,0.5009701639910888,-0.05143261505401492,0.013943480009334808,-0.69559737096588,0.28046396279032215,-0.2937121101588401,0.008146283470324311,0.09076856143016222,-0.22224955016132103,0.26028625400153194,0.16007826894517513,0.14045916433084998,0.0001505774823441833,0.984107673313085,-6.048323747445082,1.6045449469784756,603.245010286582,5.0,30.433515442840243,0.804013183516563,5.0,Micro,mass_loss,-6
30,20.05413785115699,-34.42358409932067,1020.4201434906049,-10.796137562616595,0.47478571312021534,0.025439290173928524,-1.5753180479958284,0.3308941593255159,0.2744063717466634,-0.35527996600903466,0.03291744374506837,0.10083323846878652,-0.23243475835238514,0.23768508908894856,0.14271553774069998,0.23852402183437518,0.00014481780167695637,0.984107673313085,-7.002294397950219,0.9763085290776471,603.245010286582,5.0,30.97824457678418,0.804013183516563,5.0,Micro,mass_loss,-4
30,23.43186921170466,-34.19178908665697,1021.032138716198,-11.291157306972964,-0.027383734246916563,0.5144098128445749,1.049954826284993,-1.902526581246767,0.3454573902723009,-0.3698153997775059,-0.09493464134493207,0.09032587210198172,-0.210787506408107,0.25275251409611255,0.15854074478353222,0.1653908551001742,0.00014710286398198196,0.984107673313085,-6.227481780479736,0.2564656834946618,603.245010286582,5.0,35.90712786718707,0.804013183516563,5.0,Micro,drag_change,-5
14,49.06762581696457,-65.26950561688768,648.8869516357945,-16.0265282584224,-0.025685739276636362,0.015648501753778354,-2.4279876543610537,4.665490603522783,-0.23973312813718686,-0.23094361989208192,0.05959467590345778,0.502783074350485,0.39137145472714296,0.09293351621838986,0.1915222602999235,0.17389699489757704,0.00014833537569242688,1.2403168540312488,-3.9519034274584226,2.4750014050758518,2573.1927628289573,5.0,83.26963410541319,0.5112011153882352,5.49986219027998,Micro,thrust_var,0
14,50.74158575661684,-64.28315977668,648.7504364353179,-16.00046499379672,0.15484048982638296,0.4589650465215452,-2.50614503721727,-5.103701051041493,-0.24274169541496987,-0.24958152107209852,0.08614386755901829,0.4698321704530888,0.39545254149686954,0.09954648778663862,0.1670334200069707,0.15104097818612006,0.0001374851693745895,1.2403168540312488,-5.034442013466785,1.039274936537181,2573.1927628289573,5.0,84.27934304575805,0.5112011153882352,5.49986219027998,Micro,wind_gust,-2
14,45.13829675207425,-63.77043282605247,649.3187432464341,-15.677151018177755,-0.13626893414213948,0.027641457057335152,1.599618000011418,5.155790169929009,-0.09633590340751852,-0.22368258350297293,0.058633102362808165,0.4887713579797912,0.3850978307862449,0.11957199154776556,0.16810240946988086,0.33431988917415184,0.0001451097072908991,1.2403168540312488,-4.912657304764963,-1.6752636837385695,2573.1927628289573,5.0,84.70658268111066,0.5112011153882352,5.49986219027998,Micro,thrust_var,0
14,49.280519393838766,-64.74402872049114,648.5196190274509,-16.274852190972524,0.56949021310869,0.1742602078265279,0.3566855751419306,-7.823983904373363,-0.18467514712932814,-0.1621529348156794,0.09555590674468493,0.4807498360321305,0.38729634179013844,0.09384108699702375,0.16757504147702118,0.16914470345644142,0.00010711085933224281,1.2403168540312488,-6.283865015530555,0.5022847066334025,2573.1927628289573,5.0,82.57385996762208,0.5112011153882352,5.49986219027998,Micro,mass_loss,0
14,48.137590544042,-63.71343347053515,649.9081784348839,-15.748624148473732,-0.4129303058148533,0.21166334023864775,-1.3871435416453257,-2.2205599768919027,-0.16556098292154564,-0.2058292541440059,0.0028499113556177402,0.5007484698517282,0.4015362915984061,0.08723388148094831,0.18912162395320806,0.24567503558421214,0.00011090999674005577,1.2403168540312488,-5.7779716868359445,-4.354790255315519,2573.1927628289573,5.0,87.56914404332265,0.5112011153882352,5.49986219027998,Micro,thrust_var,0
14,51.81038605442448,-64.28145432977963,649.3308494484353,-15.85633187056776,-0.04152535570199233,-0.2735393644982032,-0.30434188710100707,1.2063368763276672,-0.16587749661576817,-0.19723077075590084,0.0643661906627879,0.49065764705666537,0.38552437240703835,0.0962395975937427,0.18150460491491652,0.2090280469098735,0.00015004912087000847,1.2403168540312488,-6.1662203721428295,1.1933907618209685,2573.1927628289573,5.0,85.01925703821945,0.5112011153882352,5.49986219027998,Micro,wind_gust,-2
14,47.65158574104826,-64.59171905071307,652.1955960116916,-16.572706958654457,0.08114513283297392,-0.27109169100928865,8.181354522926219,-4.692891262458757,-0.15253986581800533,-0.29665384451300575,0.15367784873742252,0.5004256846223717,0.38549890848471446,0.09703718868527539,0.1814817389903547,0.20764161403787995,0.00013109861501445883,1.2403168540312488,-4.943676149193602,0.22004984977848185,2573.1927628289573,5.0,80.32105605047624,0.5112011153882352,5.499862190279981,Micro,mass_loss,-2
14,51.91583883344156,-65.08025702683527,650.5183052256436,-16.271771228917228,-0.35687875134903296,-0.09443605598567834,0.7679250001731441,-2.863563399156513,-0.21598608136714034,-0.15088699043362952,0.135448450088342,0.48698449377052927,0.38711971350205493,0.09023681467249789,0.20388539546182988,0.20084810747774995,0.00015782673955941034,1.2403168540312488,-3.2834680230639046,-0.20973046212205093,2573.1927628289573,5.0,82.13085713018704,0.5112011153882352,5.49986219027998,Micro,thrust_var,0
14,51.89654990579751,-63.944834165134075,647.9626557910522,-15.920045542446388,-0.5075709813396849,0.4483554443750662,-6.440910718349167,-0.07414979204655278,-0.12473369227517354,-0.129532756759299,0.06347181388991535,0.4741675937243849,0.3933715645545016,0.09643871110186046,0.1874242956380084,0.18472207158695692,0.00013451519883791652,1.2403168540312488,-6.135591438887861,0.3174311935005374,2573.1927628289573,5.0,88.28105200899817,0.5112011153882352,5.49986219027998,Micro,wind_gust,0
14,51.09074173989506,-64.88873934080522,651.6211106114151,-15.958804004031203,-0.26981196040256894,0.18307327733685586,8.038086934122232,2.0819812937194824,-0.122964254483245,-0.12241324237356446,0.029921007338835674,0.5006123594292202,0.3758261321595108,0.09735638300154091,0.18287936816810704,0.26214751015210314,0.00015238764943350337,1.2403168540312488,-3.6079358517891844,0.5968557989656368,2573.1927628289573,5.0,87.03578968644199,0.5112011153882352,5.49986219027998,Micro,wind_gust,-2
30,21.520176040047794,-60.260738601559424,744.2674600218501,-13.35949231675297,0.29997212014951763,0.22343679367021227,8.09704891946928,-5.333226725454856,-0.28465007303360734,-0.20127534830889585,0.31694202606587946,0.2161777696519134,-0.21337132614450988,-0.17044823685207874,0.8624756656409402,0.23674994993832257,0.0003722344778198268,1.0968620375259797,27.626628183583286,-0.7635604652843326,1946.15940180977,5.0,190.30897052441705,1.0842705395771668,10.491953908965193,Small,drag_change,-6
30,22.71487595010221,-60.26912325766791,744.2089794398842,-12.310410538004769,0.4335605185328557,0.2886327341655677,-7.97870681731021,-6.681425659191065,-0.2891000121485417,-0.17860334668900993,0.28530173368780704,0.22908440578709832,-0.2120687320246259,-0.17168578426622705,0.862678012525449,0.21870853474081908,0.00042219820334493295,1.0968620375259797,29.837945948026622,-0.5780113161098036,1946.15940180977,5.0,208.38855438532698,1.0842705395771668,10.491953908965193,Small,thrust_var,0
30,22.023786844679435,-59.29153096089405,743.9834643037899,-12.599125342213688,-0.7648618034210042,-0.2517294667713144,2.7799852578572204,-1.5443231528657755,-0.19396484486981075,-0.3441136778424274,0.29710789519116365,0.19629980109813322,-0.2322749247925512,-0.1627292197693777,0.8498990546909362,0.2517349848043641,0.0004688352977748551,1.0968620375259797,29.94966830558668,-1.590873167464598,1946.15940180977,5.0,172.09228342935978,1.0842705395771668,10.491953908965193,Small,mass_loss,-6
30,22.375337805999287,-59.5734926036375,745.7858995830098,-12.657784433775985,0.1462467482651664,-0.06929390412769983,-5.040371531904681,5.102539058034745,-0.13231506802212856,-0.24368640782942053,0.2301038918612448,0.19533415891779385,-0.21684870089652475,-0.17250448571322038,0.8358923433994597,0.11534051559017826,0.0004042881040096932,1.0968620375259797,24.885395609190272,-0.8051337301285608,1946.15940180977,5.0,203.0992642280713,1.0842705395771668,10.491953908965193,Small,wind_gust,0
30,20.637712543557633,-59.82201990446361,745.7234218567621,-12.026172730436807,-0.5467838109706807,-0.2662027523140142,-6.725596655550268,2.4810194951537183,-0.23037350945677013,-0.3319565462336517,0.17865394194002704,0.19544262651904526,-0.2246000391126167,-0.17935836285858098,0.8982411986149353,0.2157786199430209,0.0004101721612962965,1.0968620375259797,24.589393155894545,-0.5516396639162665,1946.15940180977,5.0,197.90381463371506,1.0842705395771668,10.491953908965193,Small,drag_change,3
30,24.11888694923829,-59.37794178969802,742.4743504308278,-12.946731504784251,0.4636579626777371,0.3045505857994671,6.0125449852810515,2.5241298983952265,-0.2601010642986864,-0.17188098036556554,0.2885267224814972,0.21200021297560823,-0.22382758720916549,-0.18297355498362336,0.9002151237703749,0.28469740411790634,0.0004209188091171207,1.0968620375259797,28.523731745306417,-1.7197759054725392,1946.15940180977,5.0,202.10699890362955,1.0842705395771668,10.491953908965193,Small,drag_change,-6
30,22.333032113340327,-59.286461330958666,746.1704620873,-13.012195340593967,-0.0703098065158313,-0.16980291855600702,-6.656747206876069,-1.098718740109071,-0.2510342485289673,-0.31691573817239904,0.29285640008857644,0.20752440006224251,-0.2179557569402737,-0.1803203937932959,0.6818083933197214,0.22336655648228246,0.0003635786762892288,1.0968620375259797,25.63472482220861,-2.514106149286885,1946.15940180977,5.0,158.8025949983247,1.0842705395771668,10.491953908965197,Small,mass_loss,-8
30,22.42188565636475,-59.535171050611126,744.6470839787818,-11.864110317074282,-0.5950466150870188,0.13316705401505885,11.674108456734238,4.996777058961108,-0.13832853362230452,-0.20904371432770139,0.2529539785047099,0.2087070166321914,-0.21421402514021315,-0.188646229595606,0.9024165393427312,0.1950783614500445,0.00044697991928028093,1.0968620375259797,28.160711420885825,-4.920608812622209,1946.15940180977,5.0,191.9358669813215,1.0842705395771668,10.491953908965193,Small,drag_change,1
30,22.097880608128943,-59.146380080115854,742.5801147104568,-12.632422009520086,0.35528537910976876,0.13099975504874953,-10.798208828392193,-4.269075333559189,-0.3647806162701852,-0.27265994536306903,0.24688106222605777,0.19795078187160636,-0.21284802776401196,-0.16850914992079083,0.9916230194335356,0.22670594059692786,0.00041095959186751774,1.0968620375259797,27.96004933778273,-0.5380266576964159,1946.15940180977,5.0,181.7048482606265,1.0842705395771668,10.491953908965193,Small,wind_gust,0
30,23.464365001320836,-60.11291765021912,744.6134170299465,-12.791923232349662,-0.5143327426614788,0.35887453087496285,-6.00046444213834,3.9366915021925015,-0.17787506338570278,-0.30308488470925893,0.36455116604644766,0.20361840310922638,-0.22442937591216677,-0.18262185275719917,0.8395200398369801,0.09030234893300637,0.00035918805930241934,1.0968620375259797,29.74858607014991,-2.0364411430410447,1946.15940180977,5.0,179.0606114017059,1.0842705395771668,10.491953908965193,Small,wind_gust,0
130,22.700821100077928,-61.67805271479542,673.1147660197009,-11.190859418231883,-0.4286549759175049,-0.011664490682048858,1.029770509210507,8.814841971015577,0.22794206609352036,-0.11177525798710083,-0.11832844962617911,-0.027340434896783873,0.21383919340224378,0.012260497922276577,19.18585028382831,0.25385447671295336,0.004182788259305477,1.1755606293547498,22.48428287941807,2.2523378182787686,2234.4791331959477,5.0,3505.482202155117,7.611992491462008,11.867188143601116,Large,thrust_var,10
130,21.91832767752392,-61.62228508783119,670.6881275036172,-11.141431425507445,0.013095820290888335,-0.03984189062300848,-1.7820826701137151,0.3879919487266847,0.2856272006407875,-0.1841236147808874,-0.07426234148256457,-0.053321453713946663,0.2012036392423094,0.018326409293333856,18.329534170206777,0.2336363488878345,0.0033703974675967766,1.1755606293547498,19.339881422469738,1.2770331584967276,2234.4791331959477,5.0,3534.1796609392195,7.611992491462008,11.867188143601116,Large,wind_gust,0
130,22.4243657281728,-61.16316651733169,671.915375138855,-11.134075235172798,0.045793187254062076,0.33158906320666764,1.1815014347110349,-7.668488058734874,0.3214731146330494,-0.06956916780572492,-0.06434890882825142,-0.05616052181095725,0.21028283905659773,0.027414499590319573,15.952126834208546,0.20945097334825363,0.004087179861820402,1.1755606293547498,19.92036864842573,-0.9498416620316977,2234.4791331959477,5.0,2918.95617124617,7.611992491462008,11.867188143601116,Large,mass_loss,1
130,22.294200170993413,-61.346130417919255,671.2526552612511,-11.76859427187523,0.07735571487547328,0.11204479508913999,5.6291965086461495,-3.754838489016154,0.3586660018547019,-0.15018880403890472,-0.0809206481434158,-0.04997725673311973,0.21206537962708003,0.01328980699769611,18.20699765998525,0.15962170926364336,0.0036966194646124617,1.1755606293547498,16.29518800028413,1.5707534187604701,2234.4791331959477,5.0,3538.684236439648,7.611992491462008,11.867188143601116,Large,thrust_var,11
130,20.079817230245073,-62.08623305818798,669.8252214346867,-10.732611394383541,0.4183802011486103,0.33842267350997934,-4.119659017204266,-0.42822641822730273,0.25191541000337775,-0.12400305747972568,-0.01921010430924941,-0.04753400244940399,0.19145565257905564,0.03998585467568283,18.596790824058466,0.21697807585875878,0.003318087136083117,1.1755606293547498,21.077629684975584,-0.33889199724295693,2234.4791331959477,5.0,3169.5463409289005,7.611992491462008,11.867188143601116,Large,drag_change,0
130,20.86021678798728,-61.87714646199138,674.1127989230696,-11.18006365460747,0.0625371651157099,-0.6709935459662146,12.555662738450042,-0.09965780828622517,0.25889667033241753,-0.1607845070695621,-0.037970427726740294,-0.038903768375925636,0.2111083722013824,0.014989109698384006,17.37357687893937,0.30152728616121016,0.003796406282103748,1.1755606293547498,18.999447366613193,-1.8832355311674034,2234.4791331959477,5.0,3655.625879211006,7.611992491462008,11.867188143601116,Large,drag_change,-3
130,22.45346449648704,-61.842906030909376,675.6408308174072,-10.894797303170023,-0.38043898520352626,0.30795458517895297,8.002884351027808,-2.2263681633939996,0.27021614219412116,-0.16206836320249618,-0.11292160153280192,-0.026999814796948598,0.17570235519469207,0.017503919608632665,17.27653685531202,0.20785939778017468,0.003252714301234671,1.1755606293547498,22.054364888103404,-3.6717994060195247,2234.4791331959477,5.0,3240.750980575976,7.611992491462008,11.867188143601116,Large,drag_change,-1
130,19.937979154264813,-61.843552932940206,671.9065148924873,-11.61848906855538,-0.5184471958807664,-0.223113899335981,-2.845426652401718,-9.430806713851897,0.32810222174201553,-0.05697074000408102,-0.05531093654904437,-0.035474722708567996,0.18681020148430774,0.02283394847501964,14.909986444225567,0.22057786994132564,0.0027112382257029537,1.1755606293547498,18.73635512424707,1.2568015920949422,2234.4791331959477,5.0,3138.7662995739493,7.611992491462008,11.867188143601116,Large,mass_loss,-7
130,20.34184148418782,-61.85609153956271,668.7962635163934,-11.322563820650902,0.5980730778518456,-0.10051400913751454,3.921800370180726,0.6077856793127887,0.2929710891030767,-0.164478165770805,-0.024052016960073544,-0.04478171822407275,0.21951909406666714,0.01914079914949727,16.5506400695934,0.29868014056949876,0.004154374692148151,1.1755606293547498,17.53965982140473,-1.9946979758006702,2234.4791331959477,5.0,3259.7296320689916,7.611992491462008,11.867188143601116,Large,mass_loss,1
130,20.333764466354523,-62.019486468664475,669.0349960670304,-10.9707089844866,0.37730309335596124,0.17760954281838465,-3.1890203373876758,6.675259333970684,0.19511852693370668,-0.02756737876945954,-0.09102026944557327,-0.04538994648604932,0.1973086549651701,0.013518657200887367,19.34819247438486,0.23944473153922435,0.00416432152151281,1.1755606293547498,16.897157569145143,0.3618756540079988,2234.4791331959477,5.0,3658.3167792289883,7.611992491462008,11.867188143601116,Large,drag_change,0
12,7.800982373757188,-78.30059338606208,529.2507309120676,-10.705800168462678,0.3075145528501663,-0.05864874417643378,-3.556552544024228,-0.16622370027431496,-0.02285044863245301,-0.12472004857694444,0.013322173728042765,0.3895362671646417,-0.477233302276728,0.05821843525970369,80.28328970959771,0.18728049846789002,0.008129817147895187,1.0283070672919201,25.85949329724225,1.721559660891413,3086.6700976745865,5.0,5968.161337047361,10.945670837093989,56.38320956897357,Heavy,drag_change,2
12,7.753873537924537,-77.94538347144088,527.6845238534701,-10.590232896842645,0.17589885692331667,0.8457232844109978,1.4330742559153866,3.50011239276842,-0.01707370072704989,-0.2709446229525691,0.05039858651177398,0.3866237305813357,-0.47229803649726243,0.06934080066499856,73.41180351449036,0.18422163196381658,0.008982299572773099,1.0283070672919201,21.769591242862262,0.7673065994323898,3086.6700976745865,5.0,6481.781568883516,10.945670837093989,56.38320956897357,Heavy,wind_gust,2
12,8.109123142600723,-77.24241559161305,527.3641849307816,-10.805583371363612,0.3708954539119216,0.09846269052862919,-6.241373780148632,-2.280208371429857,-0.024485009933758378,-0.20057400892314664,-0.010378278021208316,0.3898864283361616,-0.4656733802990646,0.07582673427500794,82.2245697766812,0.27212958107226864,0.008675778955616024,1.0283070672919201,22.907917417809298,-0.3126903469983719,3086.6700976745865,5.0,5710.550562929057,10.945670837093989,56.38320956897356,Heavy,mass_loss,2
12,7.850797967879383,-79.00819711573477,529.0032651819948,-10.777667321194864,0.28834429733184863,-0.06414303023574004,5.422167878015288,-0.76515380961229,-0.06794505726036387,-0.2626679218092585,0.04047263029138648,0.4084265597434113,-0.4587262152325629,0.053778193985427124,83.03328177459838,0.12801007992698502,0.007300323773691927,1.0283070672919201,25.03512685279681,-0.22568029415532553,3086.6700976745865,5.0,5578.219800674608,10.945670837093989,56.38320956897357,Heavy,thrust_var,0
12,8.217504453992003,-76.47927112861275,528.8262950095274,-10.64750107768581,0.028535990695677915,-0.035849537446188476,3.3934203240876606,2.7607660658661635,-0.11534507317413402,-0.2580127307369715,-0.012592603004188213,0.3765258762639753,-0.4806346758915268,0.04937922308724809,69.22336386496941,0.1610633675370148,0.009689570751398363,1.0283070672919201,24.80161486865845,0.10590504942008654,3086.6700976745865,5.0,5152.096739929722,10.945670837093989,56.38320956897357,Heavy,mass_loss,-2
12,8.114892635024702,-76.73755569872378,529.8317094834697,-10.964378429393731,0.5675219499021465,-0.16322567692610843,-3.8063787879067257,1.5862389103414487,-0.06092122645837601,-0.1717965179216314,-0.03003550908490525,0.41014949915645643,-0.4834502746870592,0.04886600599087178,73.22147461212799,0.19145500298955295,0.009805112649850992,1.0283070672919201,25.460401776006933,0.7381886268951058,3086.6700976745865,5.0,5835.905719760023,10.945670837093989,56.38320956897357,Heavy,wind_gust,2
12,7.474678124934691,-77.80842007587579,527.1919193630143,-10.974955443582513,-0.21984394833110973,0.19783755733180647,8.242063038472434,3.777308569354816,-0.019655932568867454,-0.1681052515290165,0.02532513448655509,0.3920486210380553,-0.47615026332053945,0.05499641487222515,80.00475398731157,0.20340835501932933,0.009640670026099883,1.0283070672919201,24.754902375587353,-0.3236585260287126,3086.6700976745865,5.0,5977.811466850182,10.945670837093989,56.38320956897357,Heavy,drag_change,0
12,7.609650973594176,-78.03494469215639,530.9735256854455,-10.605029091750572,0.011511590284118705,0.18036595605542638,1.8789056443021597,-10.899692235584775,-0.07461264452160263,-0.14351252562543543,-0.07505013291765643,0.38276820777270004,-0.4848628602468873,0.05446125267975381,73.30943329017138,0.2660320202244006,0.01016583927792264,1.0283070672919201,25.216150150667062,-3.18217297327641,3086.6700976745865,5.0,4811.150782138255,10.945670837093989,56.38320956897356,Heavy,mass_loss,-2
12,7.815471680752852,-76.94862371530209,526.4762282778127,-10.597816745859467,0.3170488827596141,0.09413411194833436,-0.825644070837861,-3.2364340621658574,-0.12100312271383812,-0.20126963874000656,-0.16020448360436967,0.3898560190397158,-0.4845090128716231,0.04932218567427577,81.64205928920883,0.1265105253682426,0.01008097530281111,1.0283070672919201,25.735416764985832,2.719096332982911,3086.6700976745865,5.0,5804.110901796355,10.945670837093989,56.38320956897357,Heavy,thrust_var,0
12,7.777055643325753,-77.53329869064429,529.8360706259798,-10.798094929177237,-0.18196148882824437,0.32668680583883414,-5.416196306028576,5.079224334919942,-0.08451458041962621,-0.2557193116748603,-0.07113500738792537,0.3935584455031108,-0.4710330945440804,0.059065414544332714,84.60102857424985,0.2444292194035408,0.009723276789734244,1.0283070672919201,25.604036601462276,-1.0669434903780197,3086.6700976745865,5.0,6194.131387099967,10.945670837093989,56.38320956897357,Heavy,drag_change,-2
63,17.501666816068102,-28.265711341613304,1044.32084895496,-9.944646265038926,-0.11758688499354089,-0.08107468709978485,6.886401452712134,-0.0040511236065406036,0.3288079555965153,-0.07512890669646852,0.2403439349608795,0.28986417943771975,0.3815265356473473,0.24114956224183642,47.53725740400812,0.13703207367274572,0.007579363306482038,1.0703377227194821,1.1410473088546786,0.5371430167850663,438.7262563498003,5.0,7560.899886404988,11.771628723847385,5.0,Heavy,mass_loss,-3
63,17.22246937175235,-28.313791195002967,1044.7794858924901,-9.893422631848546,-0.25043219592779903,-0.20400443046566488,1.0599029815967094,2.3354137075459596,0.24721494256171667,-0.044632706308001494,0.2413745768812073,0.26098864735682403,0.36332846734259794,0.2393085119276825,62.952672506257194,0.08903298375233389,0.009287494081392572,1.0703377227194821,1.4763269129635002,1.627814234879338,438.7262563498003,5.0,8873.275235696066,11.771628723847385,5.0,Heavy,thrust_var,0
63,16.426615831525268,-28.730268466380288,1041.1589273651366,-9.997161354799172,0.265918169278534,-0.3411395852836396,-2.6509384623700276,1.7129814753870387,0.2370120809009315,-0.08208578978083636,0.2521508217594178,0.2939263079587078,0.37111912220848764,0.25937554256607726,57.54316657561168,0.17173511517689802,0.008461783710006294,1.0703377227194821,-1.872594983995166,-0.6987423188151671,438.7262563498003,5.0,8605.739698804797,11.771628723847385,5.0,Heavy,wind_gust,7
63,16.270030608608764,-28.589990070526742,1042.5463854335437,-10.108738155036116,0.12951173559644405,-0.06942240049597717,4.651458546448092,-0.5681346725961489,0.22337434571707182,-0.22217891864290157,0.1011102390426892,0.2949528060884564,0.3599795967735666,0.2529914284831704,62.599052588409556,0.17185978343510544,0.008354871260488868,1.0703377227194821,0.9653546129956767,0.05886540083998563,438.7262563498003,5.0,9556.49022407496,11.771628723847385,5.0,Heavy,thrust_var,0
63,16.894398151322736,-28.822698197291682,1039.9429986229186,-9.938913905100387,-0.20587262496049327,0.19382174529361515,7.534709412545354,-9.687239864968047,0.23107846160589945,-0.13845986266288943,0.1904908432629507,0.29434622396790233,0.36436447554913853,0.25164918088271876,58.7126240500261,0.16595783554875304,0.00937347624797234,1.0703377227194821,2.0408286816389594,0.20638887217269486,438.7262563498003,5.0,7895.022728805152,11.771628723847385,5.0,Heavy,thrust_var,7
63,15.96860881608598,-28.661061207525663,1041.606919571761,-10.11559059197333,0.18436601167251476,-0.04456388464213125,-0.44719745180275833,-12.51403737967385,0.25510109004002585,-0.19921610278677754,0.16819165769759226,0.28419051358844255,0.3584223753830364,0.2448502707283667,57.75207341206748,0.17467433019517553,0.007973489311696681,1.0703377227194821,-2.21333317617277,0.6731515680315822,438.7262563498003,5.0,8506.837078074746,11.771628723847385,5.0,Heavy,wind_gust,-3
63,15.85223021335922,-28.824359219153838,1043.4937329953966,-9.915204247066825,0.29975270399092846,0.12550633904679548,-7.945688024838706,11.757718340253476,0.16713916364270237,-0.1296581110699568,0.23110777034278784,0.2847546256785337,0.36255682985476084,0.26447130585052336,57.34392615247475,0.19893737110260087,0.00851391538829532,1.0703377227194821,-0.40507984707076927,-1.4751519051200934,438.7262563498003,5.0,8224.513168735331,11.771628723847385,5.0,Heavy,mass_loss,-3
63,17.149569038315935,-28.09753622150202,1042.9786419363763,-10.113234188449823,-0.013802648613783568,0.18338734417147326,1.1728500996826683,3.0054136905388207,0.31703779642413005,-0.1778080177682221,0.13655969924746786,0.2814523246351896,0.3612600587134581,0.25746415071391543,54.3867221002321,0.251019093708884,0.010120857790281596,1.0703377227194821,1.230288046230904,0.12147225116260894,438.7262563498003,5.0,8397.227762246777,11.771628723847385,5.0,Heavy,wind_gust,-3
63,17.593450710724433,-28.023043457492893,1041.0090060808282,-10.135636250229348,-0.4291918990576617,-0.3029217039699639,4.300777050295202,-7.945582091418162,0.258679090859117,-0.16046318720137534,0.156421782806831,0.26880453352588596,0.34561397834794294,0.2366724209941597,57.23571852537807,0.22988286692752585,0.010351129341594595,1.0703377227194821,1.8986448033562837,1.1855527270423434,438.7262563498003,5.0,9434.527513046502,11.771628723847385,5.0,Heavy,drag_change,-3
63,16.476824210068592,-27.75538358001813,1042.710284075393,-9.836497163926728,-0.28458837863514697,0.2954521994993203,-5.384564886980704,1.3438932099174572,0.2448985122466027,-0.1497909291108849,0.2485747189738637,0.27827748754828374,0.37561424018112954,0.24553605210834256,57.85072502988413,0.3074908510401293,0.009022724034841254,1.0703377227194821,1.0779519317195903,0.2798947826476983,438.7262563498003,5.0,8588.159321332929,11.771628723847385,5.0,Heavy,wind_gust,7
60,8.53134018857281,-80.69516087118271,1023.5039850882529,-11.094508483285617,0.152945372534088,0.7171944403007546,0.5616603419360242,7.555705800063366,0.23710155683461578,-0.05514116126646846,0.09494420952507131,-0.376609580955587,-0.4582288889254135,-0.27588623696242937,73.1365391803943,0.20549215465669055,0.011233131162109115,1.0184226704550872,28.34426259888079,-0.4730931592818695,3309.4082311278266,5.0,6141.145343405369,6.300722201091563,55.77364776729494,Heavy,mass_loss,0
60,9.043894956179996,-80.34378816757564,1023.3687973187724,-10.815984530842844,0.064066896780394,0.01340038008752508,-4.5580347521257085,-2.5039117434354847,0.1743610478995595,-0.0022082364360714937,0.16423529670201614,-0.3551553629337869,-0.4592982628638854,-0.2590339639078389,85.26416737124383,0.17914619931696993,0.01000350160197766,1.0184226704550872,23.840077942003855,1.301281684794405,3309.4082311278266,5.0,6872.268956145285,6.300722201091563,55.77364776729494,Heavy,wind_gust,0
60,8.51293311529119,-80.65615824963075,1027.1388207902844,-10.886033291832673,0.3094277062932445,-0.1208192636741163,-3.292343259677189,8.183218624036945,0.2496993404451075,-0.08723865387138402,0.08219893326801682,-0.36354249664271804,-0.4623439504409507,-0.2588881665696169,88.40460982177927,0.22642020672951574,0.012296165635960263,1.0184226704550872,28.05378151793258,0.27262317432422145,3309.4082311278266,5.0,7110.032003696608,6.300722201091563,55.77364776729494,Heavy,drag_change,0
60,9.403018028580636,-80.47564287333503,1022.5120761589152,-11.031021578215098,0.231951505493496,0.5999852443136218,-7.691838426492346,-5.373305296862084,0.2022976292580816,-0.0653183565198724,0.07156065678499224,-0.3655147137507569,-0.441000353297765,-0.2686228542983154,83.94586758412542,0.2280487758605581,0.008578246225970839,1.0184226704550872,28.351425176192684,-0.31364195256387906,3309.4082311278266,5.0,6279.816956900438,6.300722201091563,55.77364776729494,Heavy,wind_gust,0
60,8.80656068086936,-80.7290662844936,1024.4484991195668,-11.127378281942919,0.15102366365997374,-0.09027531397360478,-0.9330661086430232,-4.256116958315632,0.2652983675704104,-0.061221384464901864,0.11791084979549468,-0.3763281328990021,-0.44394866024914786,-0.24319184592908338,75.32792971383118,0.15990312624681424,0.010514277985310409,1.0184226704550872,22.843556492585996,-0.2631881643266516,3309.4082311278266,5.0,6781.214900296396,6.300722201091563,55.77364776729494,Heavy,wind_gust,0
60,8.99850065142234,-79.93243109339282,1026.0077019091211,-10.694159194697093,-0.1604341712852298,0.1790353971583262,-5.094232703930653,14.655622242189242,0.22422115579801893,-0.009959398332139963,-0.0006064122472250189,-0.3565788717995408,-0.46015049924263624,-0.25132453731227505,83.33687656559317,0.19401014162746458,0.009725746889045043,1.0184226704550872,25.303698649062568,2.936550516914577,3309.4082311278266,5.0,6517.618487693136,6.300722201091563,55.77364776729494,Heavy,wind_gust,0
60,8.791958288249507,-81.27551818436486,1023.8770844025471,-10.749411191945285,0.039582072277545864,-0.5096337923542609,-6.065939183943198,9.286420940638877,0.22250681548806195,0.002761084633358696,0.17943375827096789,-0.36898077334054435,-0.45776697652341564,-0.27563197564134917,80.7525550789865,0.22878746091583496,0.009842216137552866,1.0184226704550872,26.38677428791377,1.8597541916936777,3309.4082311278266,5.0,6825.576628906269,6.300722201091563,55.77364776729494,Heavy,drag_change,3
60,9.3628491378716,-80.50204679114017,1025.9807392074238,-10.948519627271558,-0.6957456531222633,0.3707986184960094,2.729079937122139,2.796251930116773,0.19358502200838082,-0.08231304372573627,0.08411734675589862,-0.35881296641991545,-0.4808105315522264,-0.25394368990088345,90.31127621173454,0.19343320868679703,0.008048489239895457,1.0184226704550872,25.105626530377876,0.5896757616275364,3309.4082311278266,5.0,6764.43535808675,6.300722201091563,55.77364776729494,Heavy,thrust_var,0
60,9.249439305921797,-80.77254115403446,1022.6223429205769,-11.375015110423142,-0.15149347050218967,-0.3356539554394121,6.4508001188299655,6.638489314658333,0.2094242176062692,-0.0698027409882905,-0.003257262526458929,-0.3574326047056258,-0.4447530905446755,-0.2623375334868112,69.24766954945093,0.22171457306578657,0.011765422351948298,1.0184226704550872,25.88256624855419,0.39085983205303726,3309.4082311278266,5.0,5603.032975057965,6.300722201091563,55.77364776729494,Heavy,mass_loss,0
60,8.300571849207683,-80.8737938443232,1027.0950991130387,-11.500301128194264,-0.3680486817636768,0.013693667506976889,-0.02485497859330619,-8.509922553177844,0.1945034502202692,-0.0022639856974457917,0.029375311454288615,-0.3535846944896783,-0.46844909420361686,-0.27469482691105696,86.69104867164619,0.21253458878874767,0.008563909687423087,1.0184226704550872,24.397455845909164,3.449926163407606,3309.4082311278266,5.0,6858.141282809551,6.300722201091563,55.77364776729494,Heavy,thrust_var,0
60,11.655457338721149,-68.29245937265422,671.1622077816198,-11.95256390671567,-0.19248148531698447,0.5913847618542802,2.693132915816146,-4.021561322244427,-0.15804303118777577,0.23722222344070984,-0.2603508462063363,-0.4569894256624309,-0.35973896397312244,-0.39238404652959497,0.3872289770925426,0.21851913190025166,0.00015997730060809953,1.0461213898967323,-0.11653537570628547,0.14938256846456638,2400.1101098257573,5.0,44.60039061591074,1.1357227517102035,26.063432110394512,Micro,wind_gust,0
60,13.2897237492219,-68.0001862428501,674.4101566286341,-12.721056913795454,-0.11276763682498124,0.08177958937099217,3.2840993971011256,-10.46643151993851,-0.1520274465267819,0.18619181488869996,-0.32907578426148654,-0.4828988254150873,-0.3588498097193257,-0.37519263841638356,0.399468566675203,0.2772903958033245,0.000146445767400837,1.0461213898967323,3.0298551327097796,2.0903936869836084,2400.1101098257573,5.0,46.63075024003736,1.1357227517102035,26.063432110394512,Micro,drag_change,-9
60,12.44104266274964,-67.17620227073581,671.457348123194,-11.972126511319017,-0.010075621430156856,0.3893321441373506,-5.540266634147212,8.879234473955977,-0.1485617281050384,0.20766133792215213,-0.2450558478172937,-0.4650908039202732,-0.37453210181968055,-0.4008821755338053,0.412763069116251,0.31722096938818983,0.0001633109815570344,1.0461213898967323,2.9620036751629897,-4.838258276151512,2400.1101098257573,5.0,47.1894709890766,1.1357227517102035,26.063432110394512,Micro,wind_gust,0
60,13.547429651830404,-67.44523056778644,670.883651234465,-11.843532199215428,-0.39176198985303057,-0.08134779967754324,4.507292794895243,-3.9525135792095845,-0.09233139751767205,0.20530618389946365,-0.284209737067119,-0.4823899606218914,-0.3597066639207419,-0.39325138213319416,0.3889656554284639,0.21927498078768656,0.00015593220169349373,1.0461213898967323,3.746818187150967,-0.8688437117751617,2400.1101098257573,5.0,42.81375154188611,1.1357227517102035,26.063432110394523,Micro,mass_loss,-10
60,12.040904503608857,-68.43811950786035,669.3649588126486,-12.33319361493702,-0.15841920368038878,-0.25418866231913045,-0.11052646553693106,-1.9598320983867812,-0.06393351726407542,0.25950871019632427,-0.2984876585794052,-0.4629707821989622,-0.3697615006442535,-0.3798907170023016,0.3865980160454129,0.18028034489162095,0.00016161429341628143,1.0461213898967323,4.572503263508176,-2.1512164952120068,2400.1101098257573,5.0,45.09011659572696,1.1357227517102035,26.06343211039451,Micro,mass_loss,-5
60,12.497784882020982,-67.57200061660328,672.0433498094189,-11.904084393291862,0.7223977664834313,0.202923157432843,-4.603242051275619,1.581982505379894,-0.0844556257534246,0.1709280056929774,-0.40150060801005205,-0.4739769077287026,-0.36329729404630284,-0.401444256419235,0.39609787192234924,0.18703364274335033,0.00013674888340283102,1.0461213898967323,4.0015474737036305,0.35088365838603913,2400.1101098257573,5.0,48.87457232623668,1.1357227517102035,26.063432110394512,Micro,wind_gust,0
60,13.072630430705274,-67.38565386767361,672.9263917129742,-11.769298584120914,-0.298692722173248,0.05838227953830727,1.9159519268866374,-2.000680316512801,-0.06650287190706446,0.3019570660102404,-0.303381215691355,-0.4759382138787229,-0.3687029646082351,-0.40782504699944233,0.4229629305432745,0.19871331025803762,0.00014590447412093685,1.0461213898967323,1.4846505380795563,-0.37100705807238155,2400.1101098257573,5.0,49.574485202673785,1.1357227517102035,26.063432110394512,Micro,thrust_var,1
60,11.896706928102065,-66.90392180768775,672.5301780312325,-11.911886081788436,-0.1460915295120269,-0.1537045741269874,-5.914398920653635,-1.6320466648335994,-0.020962166931652745,0.174466484510127,-0.31161415988374386,-0.4661321002260537,-0.35126236689748414,-0.3971605621443342,0.43079339666745337,0.17826515214485728,0.000128524749361592,1.0461213898967323,6.454821756439243,0.18392136271859777,2400.1101098257573,5.0,46.60316581545083,1.1357227517102035,26.063432110394512,Micro,thrust_var,10
60,12.362249550949949,-67.75489586021702,672.6489564104855,-12.337856326763273,0.36100859506745714,-0.5690961931497058,5.679579646329939,2.170061081443726,-0.06608559010846633,0.3211005890263865,-0.22312015994194417,-0.46725221984149423,-0.36344240468385103,-0.3935622940966296,0.42423604393811853,0.22264236235449097,0.00014958699589823476,1.0461213898967323,3.344306145149825,-0.8156139450944073,2400.1101098257573,5.0,43.73128766663554,1.1357227517102035,26.063432110394512,Micro,thrust_var,10
60,11.374230395124314,-67.63527543583315,674.2518316902357,-11.892060265657605,0.15174560420741515,-0.40764038564730687,2.8558862850795483,2.7736659532714256,-0.04628479056953817,0.2606891260586694,-0.18928141153008166,-0.4734921054405513,-0.3599035315487925,-0.3925771823159763,0.35276633246307687,0.21397436926645336,0.00014699014585519937,1.0461213898967323,5.023505877173927,-4.14453867079592,2400.1101098257573,5.0,40.25105806126679,1.1357227517102035,26.06343211039452,Micro,mass_loss,-10
30,20.50785800105526,-54.35796306015093,876.6704791925087,-11.686851212106996,0.3771384924782923,-0.15420567425733656,-4.524969967470664,-2.734148530554294,0.24720402106332356,0.027638272763540528,-0.15866910897176467,0.1292295028047131,0.20723532969897793,0.40163601950996963,0.34243612838250015,0.21782451458917576,0.00016949805847468735,1.1395147469538074,9.589291160191776,1.2268314044967463,1655.2198027056445,5.0,74.23189279663421,1.390505850435177,8.81006880121703,Micro,wind_gust,3
30,21.666628485163628,-53.586760212271926,876.016208468577,-11.367870942964661,-0.0860847508835299,-0.08029345031119726,-1.116424824461971,-6.655339571143928,0.17750969598501531,-0.04506655487896273,-0.2146553269915995,0.11095180019537848,0.20697190065621632,0.39608723683504043,0.3639417349569043,0.2453508092850992,0.00013543579867658493,1.1395147469538074,11.109566124019619,0.7085120632165647,1655.2198027056445,5.0,74.77169709302731,1.390505850435177,8.81006880121703,Micro,drag_change,10
30,23.305422472813508,-53.963120671093606,875.7880160212155,-12.03384148500581,-0.23340267370996604,-0.3417935016202651,3.423124981559456,-1.2195147430042101,0.1200813340314463,-0.04783594190434067,-0.19370333393767447,0.13191393767288817,0.22594211688139565,0.40827190122118195,0.3803618709371629,0.19852609424890316,0.0001786541530547766,1.1395147469538074,8.880624292240995,-1.7424179580660248,1655.2198027056445,5.0,74.07931570375412,1.390505850435177,8.81006880121703,Micro,drag_change,10
30,23.749694770930954,-54.01708062828432,875.9854649692161,-12.256194022168225,-0.19834219573684225,-0.1772738016026843,-0.7447784968884794,8.224862157227093,0.10966492177284648,-0.08175799749339442,-0.17020191575095062,0.11641542616492533,0.23088462350706948,0.3844529806530496,0.41375160559362195,0.2226149676233843,0.00013843018378427284,1.1395147469538074,9.148047747389509,-3.8728995103803903,1655.2198027056445,5.0,76.78377816615703,1.390505850435177,8.81006880121703,Micro,drag_change,0
30,21.426820927074477,-53.877106308185894,875.1731694204805,-11.834747481081438,-0.41665301046884035,0.26256449254901576,-5.74639530351412,3.040809647161191,0.11902740861743527,-0.03623805603542138,-0.17392973588164523,0.11834363691936242,0.2172866581107194,0.38858219366305047,0.33598823765026464,0.21685076893006866,0.00015982850267837488,1.1395147469538074,7.37707794920522,-1.9621575647858303,1655.2198027056445,5.0,75.04820412811593,1.390505850435177,8.81006880121703,Micro,wind_gust,1
30,24.86793323752905,-54.130768088912504,876.4424487542673,-12.024257715902577,-0.43239796178491413,0.27574272370125985,-3.8683388261868275,7.1596229742729935,0.09799728463187521,-0.025228171972268253,-0.06060007135049522,0.12151590605951423,0.20766599470822034,0.3837378118348725,0.29687833868345015,0.18417517901094332,0.00013284771001929234,1.1395147469538074,10.29330957395612,-0.7447463253225677,1655.2198027056445,5.0,69.55382886188981,1.390505850435177,8.81006880121703,Micro,mass_loss,0
30,20.909941437455338,-54.53806947954732,876.6794893068445,-11.999455864018868,-0.3707766520527579,-0.1069367359667706,-6.8396769304567115,2.946509029720863,0.13150275100275705,-0.066303254019064,-0.21460004693478085,0.11337990980377297,0.20881289895096627,0.395268100402801,0.3344102056777776,0.23960300510396712,0.00014636328357110832,1.1395147469538074,6.5217349596739655,1.98218575319608,1655.2198027056445,5.0,65.64558373972517,1.390505850435177,8.810068801217032,Micro,mass_loss,0
30,22.75755489853919,-53.571951349981404,876.4789114478993,-11.620865564229018,-0.32183349782854925,0.4377348134722897,-0.7810327758528728,0.8859091471708134,0.11855486227629586,-0.017077586825793693,-0.0974883305072804,0.10646077047236391,0.2122673513702439,0.3937893876448818,0.3758178890568772,0.185422044019353,0.00014717263967947537,1.1395147469538074,12.014762331128395,1.0172758153377575,1655.2198027056445,5.0,77.19920007209286,1.390505850435177,8.81006880121703,Micro,wind_gust,1
30,23.81896935287875,-54.12522720906854,876.998725898928,-11.430483255714423,-0.2539466790074633,0.05781520304691998,1.222323716756218,-0.055485260530917103,0.13628773851239867,-0.09133235525955585,-0.13225229130171443,0.0980091136581035,0.23093855044263956,0.4092212262215423,0.3390674279062675,0.25258758499796885,0.00014930437675142471,1.1395147469538074,10.262178020609868,-1.3618707778988228,1655.2198027056445,5.0,74.52382033432283,1.390505850435177,8.81006880121703,Micro,mass_loss,0
30,21.923393799265227,-54.75686613035517,878.0696398786894,-11.584827827091525,0.25613311514842013,0.09612815698272159,-0.6749546423364567,0.8630520712081713,0.12811068818994004,-0.07906145520545715,-0.0731668912390239,0.12903117474634354,0.21956230985493705,0.3878257801941167,0.37854781685699135,0.18808775610879833,0.0001495479571644529,1.1395147469538074,10.210362667007404,0.8820248187554139,1655.2198027056445,5.0,74.84609319227265,1.390505850435177,8.81006880121703,Micro,wind_gust,3
70,6.87703367068896,-27.70813061043216,1147.6436109183549,-10.406420907388815,-0.14780155159160252,-0.2844780475824137,3.1349083239841677,-3.676071892012669,0.1859189831672558,0.0878693023174063,-0.09422430708735768,0.44697940904245115,-0.08822798300764209,-0.3509629428829243,25.690870086224436,0.1444595688122228,0.003794940877203668,1.1194001700146667,-11.829993114953858,0.4646200897246406,402.97747081850594,5.0,1516.2031189252418,4.850885445820623,7.997329090469827,Large,wind_gust,-5
70,6.580303654925386,-26.981755160560088,1154.4015135066784,-10.100396989050203,-0.28925321281205246,-0.1017472000349743,-7.5855028844827075,-1.411295872231049,0.20780494193817461,0.24494530219750735,-0.11986088383214784,0.45930069085056835,-0.06190185278839485,-0.35274315883238,26.498489385834567,0.24455643198413252,0.004108362606247514,1.1194001700146667,-7.237488413334486,1.6686724041996834,402.97747081850594,5.0,1626.1958260712834,4.850885445820623,7.997329090469827,Large,thrust_var,10
70,6.718408674624875,-26.868798891309968,1150.7511693534868,-9.868065809059603,0.015417590692452002,-0.07819465496847665,-8.866770173037361,6.459988130630282,0.1818397850880115,0.27300382215500585,-0.13553861765452488,0.4780962499946818,-0.07733805895455914,-0.37306410884661495,23.964791088803622,0.19154325196640176,0.003289981126086282,1.1194001700146667,-10.286657492899346,-2.7338783171642187,402.97747081850594,5.0,1578.535750416355,4.850885445820623,7.997329090469827,Large,thrust_var,10
70,7.328811980864966,-26.724450864706196,1147.342586471147,-9.75176420117783,0.051235046546676814,-0.06626212593911941,8.21753652702238,-1.880727671232806,0.1742277443876776,0.1501248202921295,-0.0845420096457016,0.4621198710589434,-0.08827600951557289,-0.3731337216343118,26.46582866318039,0.17636118386923202,0.002949164769400962,1.1194001700146667,-9.357843405251511,2.065356157914099,402.97747081850594,5.0,1634.9057564121315,4.850885445820623,7.997329090469827,Large,thrust_var,10
70,6.917661094806333,-25.564759497011785,1147.293550203994,-10.013592891855252,-0.535582730934792,-0.1148740756706888,-4.494004353616317,-3.649279909691858,0.14490639755682286,0.1276557441048752,-0.13922862271172035,0.46494673877522213,-0.09111658129976889,-0.37902159176605604,24.861668941591326,0.22347294144325214,0.003847856282287308,1.1194001700146667,-11.57507199370285,-1.211827943248763,402.97747081850594,5.0,1490.5106601446746,4.850885445820623,7.997329090469827,Large,thrust_var,13
70,6.860837130769099,-26.725796093404707,1151.7270480211978,-10.0194704666002,-0.15614638332180494,0.37256859396672465,6.087886409404679,4.5000142982285825,0.12402215118660119,0.19930118923712217,-0.1570526336809579,0.46220837635792106,-0.09211051650219876,-0.3505441966352024,25.16645726076222,0.24376446303106702,0.0033353435464660735,1.1194001700146667,-9.002381468731725,1.5770627821163035,402.97747081850594,5.0,1376.9273390378326,4.850885445820623,7.997329090469827,Large,wind_gust,-5
70,6.692961601992188,-26.289187302616575,1147.8482462326328,-10.429334557179466,0.3837527332044574,0.22046908276149985,4.346985875393954,-8.71891823372697,0.27981740127365506,0.15659800587813308,-0.1708160294721282,0.4508156362485473,-0.07393190246867024,-0.36054189605945913,25.319878514942673,0.20379505114421842,0.003570715495744144,1.1194001700146667,-11.42610398602765,3.6242811746155312,402.97747081850594,5.0,1462.6163904645027,4.850885445820623,7.997329090469827,Large,thrust_var,10
70,7.096874109912424,-27.337071729851566,1146.6101462776683,-10.269796386574233,0.4783472720167009,0.5095524222269009,8.418090901058001,9.08709645300155,0.1725428621232096,0.10462856931385767,-0.06018170186666262,0.4671351795916605,-0.07491350794153553,-0.36914412402101326,24.844318100693897,0.20796335112829017,0.003582216729890168,1.1194001700146667,-11.233060494584663,-3.8018346641041467,402.97747081850594,5.0,1518.6959420052156,4.850885445820623,7.997329090469827,Large,wind_gust,-5
70,6.721386687768987,-27.542673218697807,1148.7812409328692,-10.24108406397126,0.2765670164446898,0.32073883082228977,-1.2853923206691074,7.880629787053276,0.1971464382156693,0.13023728993868205,-0.08608269755682131,0.4739845530694101,-0.07345505009547235,-0.36638239916174575,19.4540261872182,0.18248519439779992,0.004497716908866839,1.1194001700146667,-11.88629849939837,1.6415102217273196,402.97747081850594,5.0,1317.3184180133626,4.850885445820623,7.997329090469828,Large,mass_loss,-7
70,6.790811093683739,-27.126568819053915,1149.6173536570666,-9.848926209289104,0.5802629654461543,-0.15961563181431235,-3.6820794408548,4.411046443146675,0.19739829994284938,0.16350216850576932,-0.16761709234872474,0.4507377892804237,-0.10009293921985982,-0.3431137336058116,25.328085486788797,0.11946608938936217,0.004145612062834526,1.1194001700146667,-9.178309218228696,-0.4233873237210477,402.97747081850594,5.0,1619.878611723322,4.850885445820623,7.997329090469827,Large,drag_change,3
14,27.056999537633516,-73.36107138009893,726.021518889825,-11.178049748403835,-0.23037084092595086,0.5231303028724842,1.231785530631162,-3.668165976862819,0.26352755233178504,-0.11905920303074154,0.16001201724063674,-0.4361428642725213,0.020322129021228832,0.06191022108752043,15.1826968410313,0.22132190257279546,0.003691070800374608,0.9838816497875893,11.282698440154055,0.28300027438454933,2616.5583456250083,5.0,3662.6158130947697,4.027953582281805,13.012625187279358,Large,wind_gust,0
14,28.115950720278924,-73.48138082218962,729.4730250032152,-11.355820902947174,-0.09110645690305129,0.35178118762290195,-4.518743589553279,1.3745105654111078,0.3599634968027406,-0.1468161094687641,0.14026961562180987,-0.4188537328764196,0.013616651007836735,0.05755852644768416,15.440552119525083,0.17159532242044873,0.0030829988887209254,0.9838816497875893,14.442734254580378,-2.206118528262029,2616.5583456250083,5.0,4250.417487424224,4.027953582281805,13.012625187279358,Large,drag_change,0
14,28.796280086280337,-73.070202558819,728.9251575225923,-10.927984858398977,-0.3666431380099365,0.2309648206881711,-3.4453292786616023,1.215478897154921,0.3142171074625947,-0.17027216989941907,0.11778591222846944,-0.43564819993829057,0.006271634602135631,0.05548388532317396,14.989349636668694,0.1460291149044508,0.003222719378573789,0.9838816497875893,6.9212550187750566,0.7195799245687754,2616.5583456250083,5.0,3792.331161990632,4.027953582281805,13.012625187279358,Large,wind_gust,0
14,27.039111246521976,-72.74931331591777,728.1798017957165,-10.945742185064564,0.04506492427604952,0.42845077986998564,6.957720416740424,-0.44072459482208914,0.3538974786078273,-0.12837347742550068,0.1684212635790348,-0.4501038529367793,0.014808291744677342,0.06563346470726772,15.226470742690129,0.13199361907958565,0.0029278673143915118,0.9838816497875893,9.432744541430202,0.9982372962544722,2616.5583456250083,5.0,3913.7685433937536,4.027953582281805,13.012625187279358,Large,wind_gust,0
14,28.869140150614093,-72.70751032092653,726.1785158048847,-11.192563839595113,-0.4878592112609603,0.19427498751960068,-2.760537704442267,0.8163174280896017,0.21752413699605716,-0.14768115795433773,0.12894013896673506,-0.4438296506664669,0.002925376176726395,0.06609892350379402,13.139774070067727,0.17767351836205864,0.0036692435653824605,0.9838816497875893,12.761115050771613,-4.489075669565786,2616.5583456250083,5.0,3345.69581789003,4.027953582281805,13.012625187279356,Large,mass_loss,-4
14,24.684879018749474,-72.9110615310994,729.585679373635,-11.40565334326179,0.10741465165697121,-0.4025166730068942,-3.879321527801294,5.1746908158196625,0.2872588655157771,-0.09449107260520376,0.12778785672099588,-0.4421118382783693,-0.01414738144507582,0.071080620598318,14.050455451840797,0.14674912253926797,0.0033112824421145434,0.9838816497875893,12.579766160525002,2.947758581013492,2616.5583456250083,5.0,3286.2286417425657,4.027953582281805,13.012625187279358,Large,mass_loss,-4
14,26.93977956484958,-74.06499263679918,732.3714447956968,-11.048886440336242,0.02576153024724869,-0.20643928295793668,-5.328633676539074,-1.001546529289545,0.3023408304457502,-0.12297718075937115,0.18165990280857308,-0.4237494837042446,-0.001858792446703823,0.06498536180371049,16.13721247604808,0.18446230259405158,0.003604151943901061,0.9838816497875893,12.62052647096322,1.3521945795254697,2616.5583456250083,5.0,3985.0104887402704,4.027953582281805,13.012625187279358,Large,wind_gust,0
14,27.874891769360424,-73.27087662230521,725.3203021112874,-11.43175286760488,-0.03553501693963486,0.4160726502179029,9.098362856527716,-0.6482035462280236,0.21777884120332924,-0.17679105961418687,0.193707380393542,-0.4352252059530596,0.0027990641750424124,0.05087822191628671,15.581318021432352,0.13860054083597043,0.0034925763195407587,0.9838816497875893,12.644991234890092,-4.001810896909725,2616.5583456250083,5.0,3966.756537983969,4.027953582281805,13.012625187279358,Large,drag_change,-2
14,26.925669242549393,-73.50327442087823,728.6855943230048,-11.229385357768262,0.3685619371070703,-0.5558239587690745,0.927259550788634,8.206284465273608,0.3669297912295915,-0.10686578878253127,0.1255676925869191,-0.4450018368197263,-0.0009752985250475535,0.0582062739800019,13.869615069285954,0.22352899833625892,0.00396688679298754,0.9838816497875893,11.476814545323549,-0.36909553599487455,2616.5583456250083,5.0,3678.1682518993566,4.027953582281805,13.012625187279356,Large,mass_loss,-2
14,26.095593624299468,-73.54291783921016,727.5685307214823,-10.902982279032676,-0.171791555827261,-0.09705080082749187,3.4745740545569515,-2.503772093453518,0.2205319506840937,-0.08331234559088722,0.16840639718183906,-0.43902018352941474,0.015131126931633262,0.06718691648718979,14.866135058947435,0.31957263314260465,0.003185318774388596,0.9838816497875893,10.52517180707292,1.9346687293563338,2616.5583456250083,5.0,3813.268165678957,4.027953582281805,13.012625187279358,Large,drag_change,-4
153,14.895526916391463,-45.61141322190571,799.918295453695,-10.259093080019618,-0.44320413610101494,-0.28328759123625874,-10.035527770132944,-3.271729053675645,0.10175748107081845,0.20391922536460474,0.2717463313448203,-0.10238586830948115,0.07365073690915132,0.380523015971775,26.639086645595675,0.12809984142719913,0.003498399858584364,1.2620725613957866,-3.573993631691438,-1.0635268953170982,1289.3080679270035,5.0,3952.6037272839885,6.225210061203963,9.46291776859071,Large,thrust_var,0
153,14.082630350610307,-44.931846934536544,798.5889080003914,-9.992055753220573,0.2556880350902018,-0.01760734587879439,-6.915564255776156,-2.8244002336237677,0.18931497138243128,0.26190909349086633,0.18198831638566945,-0.11740019396496244,0.04844049368747698,0.38463654820518456,27.46407637371837,0.26580955851582133,0.0029099627773561468,1.2620725613957866,-6.666713109641487,-2.7844560259033355,1289.3080679270035,5.0,3495.65972095589,6.225210061203963,9.46291776859071,Large,thrust_var,0
153,13.716056070586271,-45.10190831753012,796.998927692736,-9.955672355025031,0.2218357777845562,-0.6094637388962605,8.568835226047236,-2.580104110979477,0.12915849340394972,0.08532871189168278,0.25645998409797977,-0.1004008039296256,0.0813189815347652,0.4008168342336856,25.561350806898897,0.11135830595145646,0.003461927006899581,1.2620725613957866,-2.168484795197033,-0.7949250947653804,1289.3080679270035,5.0,3454.321654853525,6.225210061203963,9.46291776859071,Large,wind_gust,0
153,14.838584726255618,-45.10310038527126,800.7316079357555,-10.260371253312123,-0.32607714495016604,0.5440391571895653,2.633821085023387,9.611194876567318,0.1903916685164547,0.1030105925453538,0.27540418770580827,-0.11435195447190337,0.06425384595385636,0.39154990330604306,24.10084308731174,0.15935947552191068,0.004483663989692335,1.2620725613957866,-3.7796092589917123,-0.3511922693259047,1289.3080679270035,5.0,3985.425026616274,6.225210061203963,9.46291776859071,Large,wind_gust,0
153,14.602133642290358,-46.20319626494625,798.3403053606683,-10.151319192296167,-0.36371759899930295,-0.25456120217512096,-2.039142115051333,2.261627073121835,0.2713889820429451,0.2250759453067025,0.1677128642340413,-0.10887460261123125,0.0632341984086883,0.39733159669726814,25.15651107708389,0.22922652928237106,0.003485101989934016,1.2620725613957866,-3.0904957234808688,0.151587396499625,1289.3080679270035,5.0,4027.9128746731026,6.225210061203963,9.46291776859071,Large,drag_change,0
153,15.454770056453038,-46.51789859706635,799.5940860348704,-10.434239005988577,-0.17229427617377874,0.7652820105581796,8.277581123333345,9.990557679176803,0.11684522924874914,0.15463498326628186,0.2540682352475587,-0.0958285015162025,0.06075968807728593,0.4110907793768117,23.914786046098353,0.2745465557996026,0.0033870376048146813,1.2620725613957866,-5.094121213261699,0.49134835370994756,1289.3080679270035,5.0,3178.143591481291,6.225210061203963,9.462917768590708,Large,mass_loss,-6
153,15.683250863130946,-44.174999906846466,798.8757298953661,-10.213967687483175,0.37995120429288637,0.40071900281551337,2.6731645377261386,1.891896293726256,0.18227320115555545,0.09768580634775888,0.19078642235295756,-0.10210471820312812,0.05647667111467986,0.3926706178569035,22.54175068827731,0.1509019708055263,0.0038926437464939173,1.2620725613957866,-8.062546148460198,-0.643364737032955,1289.3080679270035,5.0,2871.387757720856,6.225210061203963,9.462917768590712,Large,mass_loss,-13
153,15.31742803879186,-45.155061379184794,799.6078610659071,-10.006698936246222,0.22119678470266213,-0.17623538245671214,-5.290308586452587,-2.7196988348579683,0.24489301038634564,0.18327510783739331,0.34945704549428347,-0.10571445724895219,0.06159139122453047,0.3915664819756799,26.10089292279834,0.1613174544066138,0.003251534721372665,1.2620725613957866,-3.253690814312315,2.109801435194727,1289.3080679270035,5.0,4100.914151937286,6.225210061203963,9.46291776859071,Large,drag_change,0
153,14.947933072635347,-45.539298476090046,795.5434747506564,-10.50746420792649,0.4974109902535749,-0.10036298977059556,2.4337764433837634,0.48179215648662066,0.17207148023073307,0.0690148491183024,0.2196406385988693,-0.0929170613710287,0.08361020616333564,0.38866189692764663,25.894941481332253,0.2533207756448573,0.003835477121446112,1.2620725613957866,-4.197088923571409,-0.12910298668887774,1289.3080679270035,5.0,3549.9609891282744,6.225210061203963,9.46291776859071,Large,thrust_var,0
153,14.500171313698635,-45.76122201272305,798.7594429644784,-10.44387686862521,0.30670520669893,-0.3456936935765408,1.2574501733139185,1.5833982989499162,0.16045608984880255,0.10480562145275511,0.2334083834082034,-0.09077659271970359,0.062159360743042694,0.38079824390935935,25.638214208162346,0.13708517358280653,0.0028720973139276626,1.2620725613957866,-4.609245903379992,0.20002099868360948,1289.3080679270035,5.0,3781.885536962309,6.225210061203963,9.46291776859071,Large,wind_gust,0
27,13.505369400709696,-26.00075611670042,863.5206058550056,-10.091310808987961,0.004223939539375279,0.19603121120161998,-0.26031770599624465,-6.808182740899062,-0.09181887657638507,-0.21037868887773073,-0.1628102890678289,0.46328338497760746,-0.08988369458413834,0.38771919954864453,21.933659299570863,0.22911564427622413,0.0035096693760349445,1.1751519416296439,8.635630114380717,2.4777120681167477,395.34929558602437,5.0,2303.628922708993,5.738561196474636,5.0,Large,thrust_var,0
27,13.757918376026756,-26.1881442921103,859.982665846107,-10.050447992225408,-0.35322197421310003,-0.359460099330421,3.418985438431408,4.673497107577902,-0.1260456972364417,-0.3359480525732237,-0.14651567976705993,0.4493354922005109,-0.07640485929734916,0.3962767604601674,16.40005607874016,0.32362919566937914,0.0032022832602955683,1.1751519416296439,7.820473370501571,2.0525874562620645,395.34929558602437,5.0,2077.1977239864955,5.738561196474636,5.0,Large,mass_loss,1
27,14.215653990932115,-26.04750301480108,864.1480716099417,-9.925775116900024,0.2589047409713608,0.0981287866177798,-7.955471500594098,-8.839828029060088,-0.139892150648419,-0.2342164209001419,-0.2664858900646765,0.45223287978533,-0.08367561015924069,0.3760134414422063,20.794226338292958,0.22939087822288545,0.0031859663397686574,1.1751519416296439,10.202365193164127,-1.4670674892937385,395.34929558602437,5.0,2460.4450552487097,5.738561196474636,5.0,Large,drag_change,10
27,11.966351869193755,-26.264506510658876,866.0733847379934,-10.016599812933384,-0.04484652060425951,0.31009589552154315,-3.9585165783772984,-3.657639322728113,-0.16045295798955006,-0.30178301239023403,-0.18416988429326675,0.45433483257928214,-0.10062789123325053,0.37553375093542307,19.879231067587753,0.19616116206216883,0.004341323674856714,1.1751519416296439,9.069364889557606,0.21198039524362158,395.34929558602437,5.0,2743.820760160689,5.738561196474636,5.0,Large,thrust_var,0
27,13.954000197855452,-26.021398905188786,862.2706687121466,-10.147636589366734,-0.08869968362562847,0.11507013951211945,5.19816164650558,-5.18256315379295,-0.07004920438645121,-0.20442289278737716,-0.19847611351898226,0.4416638529512242,-0.08902515417534225,0.3660095538217311,19.415867990138693,0.14380586139338977,0.004001156055375462,1.1751519416296439,8.735968821755435,-1.1212497687504024,395.34929558602437,5.0,2232.921426226759,5.738561196474636,5.0,Large,mass_loss,4
27,12.12310001877174,-27.067444397688348,865.5725983405255,-9.847189812776627,0.1257028969112853,0.2680448476719625,-2.031818518017759,6.7587722841248175,-0.15201244607743353,-0.23528138957406353,-0.21527005150912665,0.4385098299089605,-0.09654602676596657,0.39889760875492203,20.344499554253847,0.23875605621934606,0.0036308232194680484,1.1751519416296439,7.994708125393261,3.4265979354691125,395.34929558602437,5.0,2298.707108862671,5.738561196474636,5.0,Large,mass_loss,1
27,12.551577075400377,-25.856037966910257,864.5857682022424,-9.896643393183268,-0.07840857503793433,-0.031734439463443787,-6.9316204038920395,7.241997116259313,-0.16731670550460218,-0.19906543849446473,-0.1364772743554608,0.45652999845527403,-0.0925613850875328,0.3729780809768627,20.426189915117313,0.10480557340740075,0.0037834893678101575,1.1751519416296439,11.86870343071168,-0.4517029777444722,395.34929558602437,5.0,2486.014059501242,5.738561196474636,5.0,Large,drag_change,6
27,14.600276013298828,-25.55768301614614,864.5017403647164,-9.66190490675593,-0.3332208753045001,0.3807627255087974,-4.2874983283081285,0.47322703215203205,-0.20183723066481796,-0.2544879218981201,-0.10690393386977308,0.4474250523234185,-0.08525672135154487,0.3717379500098708,20.933093653728772,0.2372397256635185,0.003536165473169241,1.1751519416296439,7.166417027928091,-0.8044563740195326,395.34929558602437,5.0,2437.2960033402155,5.738561196474636,5.0,Large,drag_change,4
27,12.120544116262149,-26.297726399666022,863.8274975487154,-10.437931611215125,0.23069746090347523,-0.6159463529542516,3.347938454490891,-6.464046449640811,-0.1408406171887634,-0.20935064108047058,-0.0631796630046778,0.4536954916850678,-0.110013744630263,0.3861423899851097,20.25422023816701,0.20349533272294118,0.004005008939407245,1.1751519416296439,4.446445637574171,0.013073695470391554,395.34929558602437,5.0,2439.0816179223,5.738561196474636,5.0,Large,drag_change,1
27,13.521333225604938,-26.652102472898697,864.3874821955562,-9.96766411654066,-0.11979146656839788,0.4804646783417418,-7.285690981168958,-1.8877954722825463,-0.2662065974664704,-0.21802581471852056,-0.20968290173092635,0.43277385772912996,-0.0842473822451947,0.375036812409528,18.58341953846539,0.25637191911980867,0.0034970389982832404,1.1751519416296439,10.185106746927943,1.5786001475190294,395.34929558602437,5.0,2228.88529791467,5.738561196474636,5.0,Large,mass_loss,1
141,16.225014931857086,-27.70721618938895,1176.4134406973847,-9.826901750215399,0.5032697355729855,-0.06386972368436496,5.682332142947262,6.551130322473876,-0.32572832630572973,-0.1949246521095217,0.00957117658732682,-0.40956869557396264,0.2455829238746392,0.4124561088552773,11.772935813921732,0.24417030919882865,0.003421803036521242,0.9303397186928886,17.417003622918404,-2.398158374260818,356.78485138832076,5.0,1879.0931647680177,3.293614671871657,5.0,Large,mass_loss,-16
141,17.421751361565065,-27.797462795688407,1175.9740901158048,-9.745485341105281,0.25961249117896934,-0.17600822436379746,3.3888328309040174,1.3250317953415203,-0.2614677441382591,-0.33736917073719613,0.00945291082469394,-0.4017621732596976,0.2436398274801295,0.3928725956763174,13.074192345811214,0.2158629290639491,0.0029629591926190343,0.9303397186928886,21.185911128768556,-2.108210873991371,356.78485138832076,5.0,1971.4125144339266,3.293614671871657,5.0,Large,thrust_var,-81
141,15.86514469130398,-28.646637220279228,1174.9568168228375,-9.971433782139151,-0.13547646406461575,-0.007956343873189258,-0.5208385421448374,0.3379505336970068,-0.21614651946591293,-0.23268581523609183,-0.06411606529670247,-0.4203290589127605,0.23462512827752544,0.4064587220534342,14.677776881936529,0.15610268615096098,0.0032215367178492263,0.9303397186928886,18.742148053712043,3.5688123862422922,356.78485138832076,5.0,2213.852347882778,3.293614671871657,5.0,Large,drag_change,-86
141,18.567919411076314,-27.14233901446183,1171.8817419249779,-10.510023561410058,0.11783345781960958,0.11090164639762255,-4.6679680297344905,4.15348197254071,-0.32117510260908516,-0.21807072886971254,-0.03158358603623425,-0.4174384057501506,0.24103347564018815,0.4003206745418102,13.818747815258014,0.25165885706844904,0.004006869611127517,0.9303397186928886,19.12966401503197,1.1186437496473565,356.78485138832076,5.0,2374.304507128797,3.293614671871657,5.0,Large,thrust_var,-81
141,16.697238094665874,-27.849240525710247,1174.4126666261163,-10.076413709563367,0.2784290342629247,0.2906081601885115,7.050368690395064,-4.529828188218083,-0.3326302741115032,-0.2652821709115981,-0.09575386864465116,-0.4051377403254903,0.23515293786245067,0.3866828134140927,13.856355750716855,0.2932557924695899,0.0035012355020911778,0.9303397186928886,20.16142585832679,0.12996782175538102,356.78485138832076,5.0,2193.833795210435,3.293614671871657,5.0,Large,drag_change,2
141,17.57774382488933,-27.154570230304984,1175.6706619610254,-9.91681606118768,0.1321439392161651,0.20285648147350388,-0.8400340322478371,-7.314389184037147,-0.2714590999920856,-0.24119316193585733,-0.10381973739358455,-0.38957404014781055,0.25470235111039957,0.385156546473527,13.557723339835375,0.18458428153950765,0.0033115370635478855,0.9303397186928886,21.765468994961523,-0.10210882552011628,356.78485138832076,5.0,2243.100700041097,3.293614671871657,5.0,Large,mass_loss,6
141,16.9423467499167,-27.12165659937038,1171.9769017731483,-9.764617065859563,0.05965714373478707,0.763758712078371,-3.5357655560923655,4.29851016199506,-0.27569154910808435,-0.2707132695442369,-0.1385388148735487,-0.4021124373300404,0.234905521267642,0.395777286427026,12.977976538084159,0.15994201613431794,0.0032058931639756144,0.9303397186928886,17.482200010136314,-3.1823402119279947,356.78485138832076,5.0,2238.961410024257,3.293614671871657,5.0,Large,drag_change,12
141,17.067728078805544,-28.12557473739394,1170.266426087708,-10.14220350359272,-0.06990869805844259,-0.2440666956442836,0.10981632774962763,0.7838034921756288,-0.30077784851191525,-0.14497572136804765,-0.02700194226283634,-0.4016576075494948,0.23788868151247725,0.40025257925521895,13.778343377649657,0.19982628459983107,0.004100553211067795,0.9303397186928886,16.203970732046063,-0.760758610113596,356.78485138832076,5.0,2276.0597256860347,3.293614671871657,5.0,Large,wind_gust,-1
141,18.954897389692945,-27.17734121918188,1174.5192916220476,-9.831025346267559,-0.04680131590999283,-0.3653411121151533,-8.919264562582951,3.6958665622420366,-0.32185939021534105,-0.09311865142660355,-0.08574845281392282,-0.4129889997631884,0.25242555944644435,0.40685854427500107,14.837624867205905,0.1875179775086719,0.004007701800672958,0.9303397186928886,19.282046084200143,1.0918142566455074,356.78485138832076,5.0,2174.1514695457277,3.293614671871657,5.0,Large,drag_change,-11
141,18.560209241401942,-27.231914656987872,1169.4063961145523,-10.316047662082598,0.10805705530956648,-0.5094228443758694,3.077196256456096,-10.674609453805058,-0.21592223502499783,-0.2755426939054825,-0.03730700882447894,-0.41032397950701477,0.22566297685334952,0.4112211134183483,14.523664169540108,0.1824256117398151,0.0038288068781674087,0.9303397186928886,18.825130769047664,0.5769796885324927,356.78485138832076,5.0,2281.037759255571,3.293614671871657,5.0,Large,thrust_var,10
153,10.922789103857257,-38.15056007280923,541.2487498264328,-9.683207731506583,0.1313190522044309,-0.24942177929853315,0.5451782881097739,3.3160640503014136,0.2937233099332448,0.05529739720323849,-0.06218874996652776,0.14773984325306644,-0.0737133493072849,-0.45967575624658946,81.08629640082907,0.27832430762261634,0.00776953372383936,1.2135857306339322,6.949067889326119,0.819287376977084,878.2271121164649,5.0,8403.930566629942,6.296284066708006,9.341985275604735,Heavy,drag_change,-93
153,11.939100272025547,-37.149036670836914,541.6963795069776,-10.071847101720707,0.0068832264040374945,0.26791529554120724,2.2630467482238488,1.1961410028624917,0.3367986546491644,0.050735231006073356,-0.11465389991707872,0.14861783780257476,-0.0607736764630704,-0.45042555224576836,88.56948490251636,0.18462809594549126,0.008048084652411979,1.2135857306339322,10.215533151027078,-2.678923957835533,878.2271121164649,5.0,9580.14635995675,6.296284066708006,9.341985275604735,Heavy,wind_gust,0
153,11.042463279904343,-37.96716897581009,542.8183063195746,-10.117590469456657,-0.33641804947245507,-0.2792549688974118,4.365881935926994,-0.059471387404083476,0.3179782182495112,0.05327808786207897,-0.022297145191586265,0.15230838852412287,-0.07940856581073139,-0.4471886850627635,74.86343953691356,0.14528457336048886,0.00957183203465316,1.2135857306339322,7.9493638994484295,-0.6885090172539345,878.2271121164649,5.0,7896.269615629647,6.296284066708006,9.341985275604735,Heavy,mass_loss,-8
153,11.064053792767337,-38.348649061353825,539.6930477645828,-10.147709788506868,0.34246129807053405,0.40703990564744374,-0.3848226822021751,-4.707914832337123,0.2636234701181058,0.09877156314148479,-0.016709823899270046,0.14525130639867134,-0.06266303336068635,-0.4378024831186456,68.43614910650791,0.18039800656514388,0.008666358793921681,1.2135857306339322,7.615204820757675,0.3202217812791946,878.2271121164649,5.0,7745.345586144209,6.296284066708006,9.341985275604735,Heavy,mass_loss,-13
153,11.175907747070635,-36.99058128699498,543.8860564466232,-9.979813809315338,0.16305128422729312,0.026637611227566825,-6.296787459344762,-1.3325360444398222,0.13795243145419453,-0.06053063435125927,0.0027411927532017683,0.14051810310276303,-0.0829510212985376,-0.44793782049786157,76.54195460111532,0.2771032429115844,0.010777299927800734,1.2135857306339322,8.00342308755971,-3.02926004138367,878.2271121164649,5.0,8505.755567141614,6.296284066708006,9.341985275604735,Heavy,mass_loss,-13
153,10.663318069113256,-38.03838374827047,543.5076602140401,-10.335916740227779,0.14816480871284787,0.21939383471869173,4.411832121212467,-0.4004412171842789,0.3201441442318663,-0.04656233076427239,-0.019383599229527253,0.139127420215324,-0.07186102653896805,-0.4528904269726956,88.7891483805013,0.14475968705765213,0.00996020067468368,1.2135857306339322,8.182700204474802,-0.6029664923750068,878.2271121164649,5.0,8838.350664546864,6.296284066708006,9.341985275604735,Heavy,thrust_var,-93
153,11.22487089872349,-37.74891299494769,540.6249696242933,-10.117985303275313,-0.26338921066854315,-0.14555960872710252,4.056187501727059,2.695441649248878,0.21101578930209677,-0.053385841632903754,-0.09579597256532936,0.12564488217602812,-0.06972818993232545,-0.45946008671518884,88.21263907640089,0.2507940419040009,0.007619309397617315,1.2135857306339322,5.191583844338471,-3.0908966542149683,878.2271121164649,5.0,8025.350627881646,6.296284066708006,9.341985275604735,Heavy,drag_change,-2
153,10.272833057985515,-38.35480893027624,540.058572256699,-10.21812338409507,0.11312841823270334,0.15427967772445775,-2.2931619865086406,9.675761341326586,0.18034568230814074,-0.0029035136734060227,-0.07758722586949734,0.13423687066367332,-0.07926651099134265,-0.4532777480611824,85.0241260875729,0.18040617364437203,0.00796179931434895,1.2135857306339322,3.20475239099471,-0.5770329503911308,878.2271121164649,5.0,8659.588898756698,6.296284066708006,9.341985275604735,Heavy,drag_change,0
153,11.46987277538336,-38.123850188517885,538.9430796891597,-10.460494897354947,-0.11280547143884183,-0.23510906863529538,-1.1981024075233861,-0.2462288636940961,0.1719948063904621,-0.04230535755989259,-0.07312660566845482,0.14074434627201554,-0.06430759983466838,-0.4435026971611913,84.9676964904173,0.19260619670279525,0.00871031912734765,1.2135857306339322,7.752481439922883,-0.7690241430911959,878.2271121164649,5.0,8410.057731316683,6.296284066708006,9.341985275604735,Heavy,wind_gust,0
153,10.671616510067071,-37.43177227855711,539.7347936132435,-10.138223061277802,0.4301070695512363,-0.035951711065813075,3.434918433682025,-1.3473045439975084,0.17754536913303803,0.11105888153183235,-0.07749687297683365,0.14130505492855763,-0.07961515972933336,-0.44540683299292366,89.03192913494938,0.12213726636943056,0.009306705487391792,1.2135857306339322,8.195178031667623,2.400873733346064,878.2271121164649,5.0,9122.902189711042,6.296284066708006,9.341985275604735,Heavy,wind_gust,0
90,9.45673326694,-73.61915677830969,739.7927423796009,-12.034916414807213,0.003852976560351418,-0.1458072059585411,-2.862395080790136,10.268887695932134,-0.002915253765938916,-0.3328104308903891,-0.10201216701704696,0.03877414745055456,-0.1748213358319037,0.27440050743490235,1.566423872889421,0.17456445377774965,0.0004167962133814501,1.1724271370082178,-4.4529859500799285,0.4609406847219626,3199.8187023950545,5.0,133.96286543475298,1.3430704077034687,45.07122657421604,Small,thrust_var,11
90,9.338729042812544,-74.14660733932944,742.3862485726158,-11.72951160982112,0.17004507961861826,-0.37477065587178976,0.13577454611248796,-1.0099999852930865,0.017882062910050442,-0.21509717606017972,-0.09626789927723822,0.023024374096299392,-0.17807665150249757,0.2881011757529754,1.668920542746018,0.18714496910947068,0.0003222567815395137,1.1724271370082178,-5.909637088297448,0.7254591331319395,3199.8187023950545,5.0,125.12644962898824,1.3430704077034687,45.07122657421604,Small,thrust_var,11
90,8.649646787619087,-73.49764619013379,743.2100531386275,-11.981834289280048,-0.39989932085421076,0.4105784409607549,0.8682029577520007,0.020993101645082987,0.07652015047669936,-0.15077568202360914,-0.14582711777427837,0.04016631697184094,-0.17564179339492558,0.2967498004409004,1.5292794575230138,0.18730874415547236,0.000407515112991239,1.1724271370082178,-6.691487132774096,1.400895137978796,3199.8187023950545,5.0,132.5419681794113,1.3430704077034687,45.07122657421604,Small,wind_gust,1
90,9.082606485596834,-73.9044073630783,741.4758630010348,-12.228519098196491,0.26491389673889726,0.16291216325176683,8.366037553196227,-4.163684517924891,0.013433220528906782,-0.3114438877874636,-0.17590813391057916,0.04195294222341792,-0.1734121961224373,0.2832481959443939,1.5876362924645775,0.19692247901638396,0.0002974512929283346,1.1724271370082178,-6.219081243673475,2.2135492505205328,3199.8187023950545,5.0,134.864367187202,1.3430704077034687,45.07122657421604,Small,wind_gust,1
90,9.159346525947774,-74.64463184225447,741.8551869227281,-12.163678904145472,-0.11817306804900748,0.2579034540315127,-1.5884001317505803,-1.6653716826693301,0.05865257979117301,-0.1823273076700728,-0.1347812243829954,0.0434254432930198,-0.17971903691962185,0.30283827444570594,1.6189106541958778,0.2336011162951259,0.00032496683423131905,1.1724271370082178,-0.3302166537173452,0.2401455959460338,3199.8187023950545,5.0,145.11204429678173,1.3430704077034687,45.07122657421604,Small,wind_gust,1
90,9.437417528458417,-73.70763294133555,739.1964592517074,-11.930955691748462,-0.1106643128898148,0.04871997195587674,-2.0988485618340635,-3.3840536777315733,0.0526456363142384,-0.2194452739966734,-0.08153042439982325,0.02346034190628325,-0.1961713632347139,0.28687305710666217,1.4488855599253083,0.22078359870482883,0.0003060993643580669,1.1724271370082178,-4.739509535144623,-0.724668916549726,3199.8187023950545,5.0,140.11505052882623,1.3430704077034687,45.07122657421604,Small,thrust_var,10
90,8.883814481176024,-74.00036059269965,742.0636893832385,-11.95214237968519,0.04325533471515445,0.333863800333785,5.84762564049756,1.3436039548597924,0.04791257245976551,-0.18944378362236364,-0.147311022732316,0.02511957537247616,-0.1769896770771202,0.2803271489299475,1.763431744677807,0.18001501969945427,0.0003848301704837513,1.1724271370082178,-2.796629043794818,1.3759060768459528,3199.8187023950545,5.0,127.57587252963901,1.3430704077034687,45.07122657421604,Small,wind_gust,1
90,9.104168446063925,-74.38053235249572,740.8234231813019,-12.114741046204863,-0.10305773276471326,-0.11974591665931494,-4.2167091469866635,-1.1294791688111143,0.01863652546184555,-0.2742579973713552,-0.07608467945933578,0.019595496656120825,-0.170742084697311,0.2971941511736899,1.6499996754808781,0.17272577320732452,0.0003603318294888479,1.1724271370082178,-3.0984506833421905,1.0544289680302288,3199.8187023950545,5.0,128.49736384225582,1.3430704077034687,45.07122657421604,Small,thrust_var,20
90,8.900048867669607,-73.98027542917244,739.7102575371858,-12.611128042495592,-0.07042741845735054,-0.3933988686791141,-2.8165246882883204,-0.5500001493129073,0.05568418082373927,-0.21010220489553674,-0.11000722662679013,0.031699272789618274,-0.15842779966444448,0.30709035543026003,1.5468204258676606,0.2459496244166755,0.000361186837929235,1.1724271370082178,-6.105808564051576,1.3299824775039497,3199.8187023950545,5.0,126.64170136019744,1.3430704077034687,45.07122657421604,Small,drag_change,0
90,9.07599495688293,-73.84071464206319,739.5086656191459,-11.765546212121267,-0.6663700502325373,-0.01927953852888305,-8.816254659959679,-4.560966356030599,0.06892271082728359,-0.28594462944954124,-0.20591410758731238,0.05142935053176762,-0.1899557152739625,0.307016974122175,1.5635617441505556,0.17375854392805123,0.0003884754918486203,1.1724271370082178,-0.08957925922742183,-2.292135884216657,3199.8187023950545,5.0,126.75517993913748,1.3430704077034687,45.07122657421604,Small,wind_gust,1
63,11.831874680633318,-62.94670358033443,507.41291702817017,-11.07575412419982,0.2461578625161885,-0.25826492912507404,7.480991774137486,2.0615509701676675,-0.2654367248875205,-0.06757229098005242,0.03667086171000443,-0.3358721276099128,0.1368413095199314,-0.05096352890575254,6.911514820140515,0.2079488840519707,0.0014208482839170077,1.0402996397275874,23.07946705725171,0.29254002072367363,2149.764162802409,5.0,676.9237554391501,4.1492791599681995,25.6908185860237,Medium,thrust_var,4
63,11.282113207930262,-64.29039872479106,513.1068500457246,-11.43697595240081,0.11260381504272693,0.025319403276020506,0.10221890486081586,1.8322151606845551,-0.16495821786177844,-0.011600376691003111,-0.08216557110302254,-0.32783731765511875,0.12815161240739326,-0.061119351704083336,6.553010249540634,0.19410292654453803,0.0010586628893536933,1.0402996397275874,21.76538086942948,-2.349929138299081,2149.764162802409,5.0,715.0969807250207,4.1492791599681995,25.6908185860237,Medium,thrust_var,4
63,11.061567009588472,-64.97484985794667,508.54836205901194,-10.994186324175063,0.30081736502448736,-0.13635248979068113,-1.3007838981333757,-0.7476518227163448,-0.25965592426178974,-0.0484946133720041,-0.0351647935584551,-0.34993393142730356,0.12409529058986211,-0.047802189674257894,6.768301645935659,0.17644434882043497,0.001224033949788892,1.0402996397275874,21.912115855650725,-2.675692743631896,2149.764162802409,5.0,633.3162832829113,4.1492791599681995,25.6908185860237,Medium,wind_gust,4
63,11.888066639848029,-64.25635133707111,506.73573358042836,-10.74280933386616,-0.24549707553542993,0.05372844032532705,3.734310483099979,-2.3267730537206632,-0.3042609216512379,-0.05325241391042329,0.04694296722394993,-0.3035168550595322,0.13623499838490225,-0.05568599366875583,6.176283328672068,0.1482216086371984,0.0011295914275026517,1.0402996397275874,20.409920445116118,2.0449681877916825,2149.764162802409,5.0,669.5277654712396,4.1492791599681995,25.6908185860237,Medium,drag_change,0
63,11.52122300174412,-64.09028721545751,508.33399289145,-10.88216915834381,0.077435284791126,0.21904563421866505,-4.729311030160165,-6.984134044514606,-0.3221722102888375,-0.06947444784808396,0.0936652195236028,-0.3394632783617103,0.12453145342515506,-0.05729752566404535,6.376493493994017,0.290760502801877,0.0008963363943780046,1.0402996397275874,26.34026746562133,0.2893884263861699,2149.764162802409,5.0,723.540879929151,4.1492791599681995,25.6908185860237,Medium,thrust_var,4
63,10.832516899966562,-65.0346061489682,511.2022644990821,-11.830555183944032,0.18729582006737422,-0.32248928442623886,-4.012948084799916,2.1600641341598967,-0.1477201637794195,0.006189588400806235,-0.0584156265224951,-0.33188503991668855,0.12686471934785687,-0.0756872407322902,6.511040713130216,0.16635420763213846,0.0011633475053650678,1.0402996397275874,21.353021668917606,3.0930763845938065,2149.764162802409,5.0,702.5193381965066,4.1492791599681995,25.6908185860237,Medium,drag_change,-2
63,11.255272946286107,-63.70729611738836,508.12020811693685,-10.943741671292791,0.5380394774631535,-0.07239030651039342,3.224774920136983,-3.1878396266143776,-0.31574685026487376,-0.038639512373446025,-0.07556260214362781,-0.3408062323749582,0.13566348867427397,-0.060090912509563804,5.823542248690079,0.21497059690087436,0.001283794229084772,1.0402996397275874,23.018198570203527,2.2284361405586286,2149.764162802409,5.0,610.013042078934,4.1492791599681995,25.690818586023696,Medium,mass_loss,-12
63,12.512000451554078,-64.79005061698784,510.5662010478399,-10.992375463058691,0.11273700287173377,0.364322606109514,-0.2494755413727194,-0.9126100010925315,-0.298782736855893,-0.08719796300055513,-0.03905363960762201,-0.3297191552055201,0.1292462451218399,-0.058760599471016514,6.130398887329933,0.25256718676308754,0.00110229101576816,1.0402996397275874,19.982761733882885,0.11580160783297637,2149.764162802409,5.0,683.9112356954902,4.1492791599681995,25.690818586023696,Medium,mass_loss,-3
63,11.242053726156085,-64.3940345128517,510.282836596706,-10.90004848549586,0.1464266999002634,0.025946945221781276,3.2572491800661245,4.794653442847273,-0.2955044826957287,0.0007708347212670372,-0.018736781320008368,-0.32829162126414974,0.13810152815134175,-0.06947143529158287,6.140475094856398,0.16703034749909043,0.0010041494862239883,1.0402996397275874,21.644826197245866,3.3847617569239876,2149.764162802409,5.0,731.0298683175075,4.1492791599681995,25.6908185860237,Medium,wind_gust,0
63,10.726835844323785,-64.19692193186076,507.6060687570896,-11.099713777227828,0.015497812093260158,0.22556835908506578,1.6763044977468942,6.6694594149023825,-0.27016728930785605,-0.007606052763589357,0.0050311448716986226,-0.3128297367698926,0.11959996547988802,-0.06060662805377292,7.168070056470188,0.18889990059470954,0.0009129097908746905,1.0402996397275874,25.938764280657253,-1.9420203975140564,2149.764162802409,5.0,693.7462540594703,4.1492791599681995,25.6908185860237,Medium,wind_gust,4
43,19.040447237270744,-73.39554660381285,810.6875701077504,-12.850286052301561,-0.15949145103809245,0.12521978326095862,-1.1101007519001147,-2.4519962628121053,-0.04326012291295864,0.029682288884733392,0.27401065766277544,0.41853945653893243,0.4199855310320848,-0.36593456917945877,1.355301994274948,0.2031498892789273,0.0003722243090441104,1.198674161870843,6.910955529854127,1.3099595878276766,3299.1809117423963,5.0,257.155391642155,1.890014250632745,19.316701581114565,Small,wind_gust,2
43,20.354001503796173,-74.1932766448055,812.5790096294097,-13.00481001794305,-0.01317398716297483,0.2662423906613997,14.53185793986815,-4.669943149775403,-0.07024037600143218,-0.01409239041825086,0.38369516438196516,0.4447786116754456,0.4572897468628541,-0.3781652698805802,1.0361600575816414,0.1529688664770859,0.00036900268944202496,1.198674161870843,11.285068997335339,3.2114925779841355,3299.1809117423963,5.0,196.442395959055,1.890014250632745,19.316701581114557,Small,mass_loss,-3
43,18.88305758535616,-73.97361653342757,810.2795482990508,-12.971457111357761,-0.04021570389348044,-0.279870177658893,-3.0411921661884493,4.673867219553241,-0.08796769708634317,-0.049838712315774886,0.298877949379745,0.4313919871671166,0.4500537783645491,-0.360402052464659,1.3772809001139565,0.247246349802638,0.00037690870044313526,1.198674161870843,7.123619806757794,-0.3346088436679594,3299.1809117423963,5.0,238.63152619500002,1.890014250632745,19.316701581114565,Small,wind_gust,7
43,18.14690464016248,-74.90464733693811,814.9095649975546,-12.33218612610179,0.644553038741007,0.33525674615459833,2.6031248583555655,1.5386902546988976,-0.04878059449062731,-0.06442508424508867,0.3847818182252283,0.4352394942815397,0.44415236335763586,-0.36808049682424704,1.386092201125088,0.19941691756579488,0.00039005826168457075,1.198674161870843,6.081544913799448,-0.3871999411733522,3299.1809117423963,5.0,249.66912671294352,1.890014250632745,19.316701581114565,Small,wind_gust,2
43,18.857926790982024,-73.58589148800895,814.0743798753657,-13.442796440627056,0.14368205667978928,0.29136552395775245,-5.038365323938803,-1.0022695667646733,-0.12661411284730545,-0.02337560159555034,0.3263300620911461,0.4301223954994342,0.4266328575648983,-0.3580094827812683,1.2387795701537367,0.21355921025219388,0.00036993479677869374,1.198674161870843,8.844928569650442,3.3024679434137165,3299.1809117423963,5.0,273.28940257517513,1.890014250632745,19.316701581114565,Small,drag_change,0
43,20.09100928555528,-73.371569817518,811.7878501414754,-12.789620047419769,0.2401129798135878,0.19527869931913758,8.50899513503299,5.43705671289874,-0.13120019964740628,-0.0515427340001567,0.3208807222383256,0.4203525765534159,0.44717125053857015,-0.36199319934243285,1.2591124006191694,0.18935075442742538,0.000300580190418986,1.198674161870843,10.377823462727271,0.835910873100132,3299.1809117423963,5.0,221.74886939810418,1.890014250632745,19.316701581114565,Small,thrust_var,7
43,20.024389229710852,-74.67679001475935,814.7141181455137,-12.293269848208347,-0.1648072295028146,-0.2152359217325633,-4.0108342748093,-5.41109869838661,-0.13529781838908658,-0.04262092976367068,0.22557884567856898,0.4292172080527176,0.4431381353574247,-0.3679807110792146,1.1372600206708974,0.2316815914062072,0.0004213098423323494,1.198674161870843,7.3747578877689195,-3.469814953302732,3299.1809117423963,5.0,228.18060315368865,1.890014250632745,19.316701581114565,Small,drag_change,0
43,20.359491541834423,-73.80584031434262,814.6512930534318,-12.90914559177563,-0.08465297677852766,0.33621271431768374,1.6464723481989978,2.918537744898936,-0.1289697539706967,-0.0895286803589112,0.35150624121736296,0.4369292234711622,0.4367696348820869,-0.3648992411860655,1.1551343828533371,0.27749784267648164,0.0003615334878291907,1.198674161870843,9.412810909002184,2.1739330226949267,3299.1809117423963,5.0,216.8275074805062,1.890014250632745,19.316701581114557,Small,mass_loss,-8
43,18.817038305333437,-74.90680338706079,810.8311585244671,-13.025489854757756,0.43529289688499534,-0.11863772901135874,-2.7786023107468205,3.487405454055933,-0.14857730716312217,-0.0322658145033031,0.2968197184524288,0.43154245402644853,0.44140498773659337,-0.3506959491807625,1.351927991179729,0.25462504021279897,0.00034044228346154226,1.198674161870843,10.71191305445744,1.27804095093797,3299.1809117423963,5.0,219.4592641484724,1.890014250632745,19.316701581114565,Small,drag_change,-3
43,19.24548963525783,-74.18675473327166,815.2768729988848,-12.847875508881987,-0.15547545389159542,-0.07827569522559441,9.53574050031287,-6.26303199605996,-0.11229093869235453,-0.09031907926675992,0.41019048972077865,0.43830530455307365,0.4320290921533548,-0.3847872541614573,1.3524185340978028,0.20965599872942797,0.0003987148447854383,1.198674161870843,6.506883893335819,3.736564500035278,3299.1809117423963,5.0,238.21959385433905,1.890014250632745,19.316701581114565,Small,wind_gust,2
30,17.559000380552657,-32.286309132882,693.3289173443331,-10.429924122606929,-0.023522690830350818,0.18419531362172342,-0.05482551380448683,-6.236449611541578,-0.27035674601452964,0.08897608061707665,-0.33091105124517145,0.12362704675788788,-0.25064653451768176,-0.3313024040426684,0.27857258582760486,0.20152444071427664,0.00010612457971741044,0.9718897776915092,12.942052477466259,-0.14301714292994078,517.3101165055707,5.0,53.190768891565924,0.823109492403259,5.0,Micro,thrust_var,0
30,20.02519534389277,-33.152136357804835,689.7322554054803,-10.560065470132677,0.07734441157649669,-0.03452124146493396,14.335534085939871,1.8942561461748721,-0.18251787477567527,0.1777828193971427,-0.2973128540022309,0.1285380110037143,-0.25663856423287873,-0.3250378740325154,0.28254042783573063,0.12178348367754534,0.0001255900526660264,0.9718897776915092,12.268767810109857,-0.8893989594898924,517.3101165055707,5.0,53.768442131909055,0.823109492403259,5.0,Micro,wind_gust,0
30,19.66553607951669,-33.08205547405745,695.9337944297515,-10.494503132435778,0.12569404437240156,-0.2860822570542506,-6.919212754427645,-8.317609730887227,-0.2692632054931873,0.15684754275984505,-0.17915605328158085,0.11525070010295502,-0.2660361219543697,-0.3287321364193434,0.28017685983819923,0.13590982434931403,0.0001235648098203357,0.9718897776915092,11.249585259824006,3.7188071339389484,517.3101165055707,5.0,51.70099625872932,0.823109492403259,5.0,Micro,thrust_var,0
30,18.418037218534838,-33.27481307331897,695.0202554303347,-10.814886892027939,0.38661365844101797,-0.3461350425057345,2.709004136585005,7.723373400581189,-0.18643392251073376,0.06678508888793122,-0.2552434697152141,0.11678003958674622,-0.2606650078766616,-0.3123291425035464,0.29239345665191285,0.22567162057496648,0.00012346575229576394,0.9718897776915092,11.142268575121403,2.2463800148821047,517.3101165055707,5.0,53.35666832916503,0.823109492403259,5.0,Micro,drag_change,0
30,19.246637047137266,-32.80624418872101,695.7679632018439,-10.999590875105325,-0.1439142848757265,-0.02607001399591714,3.62211123954006,4.651906577233559,-0.13391966991365353,0.14155033225834293,-0.3120834889233328,0.11983185629138779,-0.262909788333633,-0.34493865197334317,0.27266687103233067,0.15425419215931854,0.00012920773071968498,0.9718897776915092,11.126357132382271,4.283095353762409,517.3101165055707,5.0,51.354702091554735,0.823109492403259,5.0,Micro,mass_loss,0
30,18.827332087725555,-32.58706521604906,692.8832685807711,-10.303357315379996,0.48686279534136284,0.20886710476885437,7.783282838272887,0.7589797443625022,-0.15169933738187044,0.21753948032692594,-0.27553408355802184,0.11995425895595235,-0.2509120176803608,-0.32172461141548037,0.2537227784668711,0.09065853143642655,0.00012989852620659645,0.9718897776915092,7.509671739139715,-1.9820346722110966,517.3101165055707,5.0,45.82039697867422,0.823109492403259,5.0,Micro,mass_loss,0
30,18.667075358798268,-33.59988799289763,695.0765871982312,-10.37933441069332,-0.4150683729065364,-0.18517717072648363,-7.031428554069896,1.8575871653001377,-0.1912198941002649,0.16440495904396407,-0.2492545997887524,0.13020547010187744,-0.2584686344228694,-0.32203782207577886,0.31816696211185924,0.24832761353632252,0.0001351047222920627,0.9718897776915092,12.016979650847105,-1.6584109185001812,517.3101165055707,5.0,51.282515114533524,0.823109492403259,5.0,Micro,drag_change,1
30,18.937917614698428,-32.2909822076136,692.6779441623569,-10.605938172473808,0.17826111944581327,-0.19730991515342908,-1.7749520023009,-8.293681259208075,-0.1673339163594563,0.11217524369456722,-0.31630350180663125,0.13279558215049714,-0.2671219481338625,-0.3206647255333212,0.3076704166355246,0.24586492483046563,0.00012892499688870512,0.9718897776915092,10.84910863210007,-1.8266327889429619,517.3101165055707,5.0,48.32783951714121,0.823109492403259,5.0,Micro,wind_gust,0
30,20.28829119386359,-32.71424965152426,693.586669039859,-10.584113543676592,-0.2759973033536491,0.07637984207724043,-3.3255338456505057,6.723976728759253,-0.23132000669918462,0.09118446679918187,-0.2761980294471263,0.09888695611603085,-0.2843096904701471,-0.32194325762979664,0.2924387824287091,0.09568379332083124,0.00013342026848061454,0.9718897776915092,11.120025442347067,-3.0465320538916765,517.3101165055707,5.0,54.933005788124085,0.823109492403259,5.0,Micro,drag_change,0
30,19.918025696372403,-32.80653859424171,694.3305632070669,-10.583256192623205,0.21604902983048055,0.06870988817944149,1.1546338201982778,0.803109125407268,-0.16125042171800344,0.143204661488622,-0.19020816440517965,0.10689527287059371,-0.27750776817634626,-0.34627639675752603,0.26131669364211985,0.2336584907410126,0.00013950949448821107,0.9718897776915092,14.119053081141264,-2.113276429411044,517.3101165055707,5.0,54.970734356194384,0.823109492403259,5.0,Micro,drag_change,3
55,12.813935341812105,-66.51191573935611,697.6276565069245,-11.744975310080575,-0.5145957806547085,0.390537829993626,-5.616626937083083,-1.6280394308696742,-0.07554981145098456,0.406257526075725,-0.0069086710764536645,-0.06549993967242952,-0.30730712157215173,0.10967874343501267,0.3711122236026074,0.21095851068452165,0.0001330919721615854,0.9656143098182963,11.239949759603487,-1.8404870216482934,2139.627346209299,5.0,40.929628358310175,1.270835634526263,25.079985769131095,Micro,wind_gust,-5
55,12.769207064247759,-65.08123857986536,696.846249461702,-12.433660585186658,-0.6030383195343655,0.06334906042875946,5.123763058300526,-4.447868735721717,-0.15667799267940993,0.2726423171810932,-0.07315936131995887,-0.045920846279256265,-0.3333133897318168,0.11645002223924249,0.36938388169376213,0.2492294769689939,0.0001557931019114045,0.9656143098182963,7.7494044350502955,0.6253676120434571,2139.627346209299,5.0,42.889150180474935,1.270835634526263,25.0799857691311,Micro,mass_loss,-2
55,13.405005514140484,-66.2503931178734,698.5631318002902,-11.990732643624835,0.2933724807819331,-0.18186122311357783,-8.914375081356665,0.36199799712227665,-0.08761521344033585,0.374349734489342,-0.021371922842090524,-0.05151800869142916,-0.31065106146727894,0.1074255420088701,0.40204370964656333,0.1957299124465866,0.00016863990646567338,0.9656143098182963,12.295816624694698,1.6204556646048656,2139.627346209299,5.0,44.93059160852866,1.270835634526263,25.079985769131095,Micro,wind_gust,-4
55,13.058000844628534,-66.93636626650868,704.7980249956183,-12.154551832099656,0.10536398448565598,0.10482347716186954,0.8973902727046418,-6.0993998105579825,-0.13472777213773077,0.30673428407152287,-0.030975009361233655,-0.03343922148830481,-0.332465411863023,0.09495631142084207,0.38742855431182666,0.19564329267162428,0.0001396749842974446,0.9656143098182963,11.239887972886875,1.9187544666484573,2139.627346209299,5.0,39.71971888391441,1.270835634526263,25.0799857691311,Micro,mass_loss,-5
55,12.519518481762805,-67.7453976022429,696.5659436194035,-11.829198383236733,-0.23470001995486373,-0.07407565085221869,-0.26064461602928757,-6.701756756519628,-0.0681072327111587,0.293218805958275,-0.05883027119975546,-0.045469320371259295,-0.3188136059223737,0.11065679570672228,0.4075369503729805,0.1729403258724689,0.00017065256334127627,0.9656143098182963,10.165461330056534,0.1365071366101226,2139.627346209299,5.0,44.76701529753399,1.270835634526263,25.0799857691311,Micro,mass_loss,-2
55,12.07065805278379,-67.19993305190036,698.8400023693476,-12.14228648293236,0.15613380778208302,-0.26749393409286526,-0.7473431158494184,8.57987716157762,-0.13619847935413598,0.25479007010604154,0.008947605194069931,-0.053372372711641906,-0.32373261167922934,0.11031251337474406,0.41622693842786884,0.23019923769494355,0.0001503635895268068,0.9656143098182963,8.424227316936381,1.468667767501682,2139.627346209299,5.0,46.48155774289181,1.270835634526263,25.079985769131095,Micro,wind_gust,-4
55,11.369292333912878,-66.99700573625341,696.775441900138,-12.339011948115314,-0.09871328857271548,-0.3441755973523955,-0.8187137364560759,1.2020560683432804,-0.18842393981551192,0.3160547254010375,-0.08407511923278171,-0.0630756593148099,-0.3169785387686862,0.11693944711639413,0.3860495715622674,0.28061953110787796,0.00014738324194831862,0.9656143098182963,10.594852961142442,-2.065351058035974,2139.627346209299,5.0,40.170790829190956,1.270835634526263,25.0799857691311,Micro,mass_loss,-5
55,11.752473204794459,-66.61779194140183,697.9672430510441,-11.413780274373753,0.17902970166066473,0.28585987308484645,0.15954610819436985,-2.6148632319886063,-0.08591187268119585,0.33104101697812477,0.014899871407765986,-0.05234829302066379,-0.3036838186286007,0.09749841067423133,0.40942343029042266,0.24439895244945858,0.00013935546256237973,0.9656143098182963,9.48877557117135,-2.5698220605883595,2139.627346209299,5.0,46.555114091103896,1.270835634526263,25.079985769131095,Micro,drag_change,0
55,12.497180021982388,-67.02891792121451,698.9187597538312,-12.033344083366728,0.15003949524670487,-0.13038825660437992,-3.9367454339025287,3.7168261525296638,-0.0739235336596163,0.3393749155148428,-0.05657907980866509,-0.04527233903112384,-0.3184058837183052,0.1213633593756388,0.3962571560350857,0.12627114722822574,0.00014944360987496983,0.9656143098182963,9.199295099268834,-1.554442099093501,2139.627346209299,5.0,44.659085522078584,1.270835634526263,25.079985769131095,Micro,drag_change,0
55,12.915838984131316,-66.94295757944816,697.397487279936,-12.564691951879318,-0.32163031216980736,0.2000592598089507,0.9163293441149766,-2.4662193264999437,-0.1297639542210587,0.2681896880306506,-0.08854891040980105,-0.06142136521015201,-0.29289592394490427,0.10854953666383725,0.36612888070857486,0.22616391816610443,0.0001681415422900299,0.9656143098182963,10.398031580743869,2.2188654410373014,2139.627346209299,5.0,42.14075955846931,1.270835634526263,25.0799857691311,Micro,mass_loss,-5
40,15.377509011696905,-42.896002003288594,595.4645545892536,-11.082045436639204,-0.24573905952009206,-0.3851494326686508,-1.7912739404751155,-5.1445369095300055,0.14691378834030058,-0.017663486314949614,0.1442316201034145,0.46559826683264294,0.2284280637050127,0.17832466774870054,0.9335417602241071,0.16586700731238085,0.000358203684809519,1.2193893250148862,-7.112080030843256,1.2620749046681408,1140.861154899674,5.0,135.2793184863017,2.3583677514589305,8.119386274463842,Small,thrust_var,0
40,16.34347394553748,-42.94961450828321,594.9119410920224,-11.31987294756246,0.47092640481834136,0.23049843625609157,-0.34238438256245307,3.0857983657521033,0.16167202138246328,-0.1744307185036426,0.10432283889566185,0.46819158208053446,0.22436869787883823,0.19857006565449437,0.9860974312454618,0.19958419184898055,0.0003540311540903745,1.2193893250148862,-6.432430642675674,-1.1166920165810938,1140.861154899674,5.0,127.81725658237437,2.3583677514589305,8.119386274463842,Small,drag_change,-5
40,15.424798846937467,-43.361727924818766,595.9719372748175,-10.62993579992618,-0.39485939543577253,-0.0630931368911738,-1.316769374776575,-2.422978825723854,0.10941290603571663,-0.05136230028526553,0.08111720583562683,0.456274645489729,0.2126225455481078,0.20349806159049216,0.904805990473067,0.08981942883271782,0.00042838974728189955,1.2193893250148862,-7.76819229896766,2.620757696530209,1140.861154899674,5.0,144.85636134625167,2.3583677514589305,8.119386274463842,Small,wind_gust,0
40,16.679685283518246,-42.66187556440304,593.4276847809015,-10.967077826657755,0.2984079453964414,-0.0003922602765267205,-6.972392890495099,-0.7166053428217656,0.09915616727859825,-0.07631410884322776,0.15151063762965578,0.45178960697570913,0.22584316529834125,0.18173653725166006,0.8927089197446477,0.2776639593846247,0.0003924791686207592,1.2193893250148862,-4.798880189699397,0.4640261768160567,1140.861154899674,5.0,146.40321314343504,2.3583677514589305,8.119386274463842,Small,wind_gust,0
40,17.37874391567117,-42.77313433888388,593.5385011925101,-11.004517466447568,0.3001742604195408,0.3637550124230348,-1.6655670079114206,-2.404567034862751,0.13544469704183054,-0.11722476574242334,0.15749616412052633,0.462701096251837,0.21386538368389332,0.191220666041598,0.8308298348442169,0.1988233919467825,0.00033620969924625754,1.2193893250148862,-8.12267035755949,2.2080873903667846,1140.861154899674,5.0,140.05479229268622,2.3583677514589305,8.119386274463842,Small,drag_change,0
40,15.83272702129549,-42.57035116211539,595.2329819241093,-11.139780755478125,-0.24491506591174622,-0.21872518421661533,-0.6112385577417824,2.0277468991014,0.10887544094673482,-0.09219325978905885,0.17357475192402746,0.4522936537564014,0.23360309407306212,0.1753954046912976,0.8182882685880493,0.24163944360614326,0.000373918841035346,1.2193893250148862,-2.2517382135033035,-0.18570863421821032,1140.861154899674,5.0,130.50498009290322,2.3583677514589305,8.119386274463842,Small,wind_gust,0
40,16.726302924899656,-42.54825377526037,594.9766624205237,-10.69309746540824,-0.20705297445381945,-0.3108382732163654,5.403033538822424,1.3308790285227592,0.1614260779981133,-0.03969316165612147,0.15453387408644173,0.4789500000207432,0.22535293170321333,0.2099333759322149,0.9253017601682878,0.142313376150481,0.00042287427952825775,1.2193893250148862,-6.732751875671901,4.148279981363389,1140.861154899674,5.0,141.24863935905304,2.3583677514589305,8.119386274463842,Small,thrust_var,3
40,15.53210726288405,-43.180537957689936,594.7711880559764,-11.272851052611655,0.22740821362814126,-0.37451634363811565,-0.3375700376414479,0.7651729853381142,0.14279394108165858,-0.07327345737133126,0.118550904913742,0.45920173047533486,0.22386264484152843,0.20094731386304768,0.9923071415736734,0.2068770914736097,0.00042091266693999364,1.2193893250148862,-3.7483939295177326,2.714368493948543,1140.861154899674,5.0,134.72922415769915,2.3583677514589305,8.119386274463842,Small,wind_gust,0
40,15.060961928210268,-43.70129449961033,596.1175494397846,-10.860640130206159,0.4571512316072188,0.0037853437082330985,1.0178192483403725,-6.684850195894226,0.13401111906868277,-0.01805475878190102,0.1383195848109264,0.44932831367518394,0.2285770161476968,0.2052371945174065,0.9507613265011576,0.24157909616215179,0.0004278408399171662,1.2193893250148862,-6.345434735087923,0.6581128938420985,1140.861154899674,5.0,133.2664211788721,2.3583677514589305,8.119386274463842,Small,thrust_var,3
40,14.717644986023668,-43.420461543319675,595.4018837241865,-11.003144016168429,-0.06853185051942381,-0.42641244319055593,3.5688545849738245,-7.648120909538268,0.14292795086094054,-0.12002815404798002,0.1536589728616981,0.4572006344636189,0.21353866885124861,0.19070544492278685,0.8950187978229724,0.12134877862617682,0.000407394383199952,1.2193893250148862,-8.17237238215224,0.2974554139288145,1140.861154899674,5.0,136.6125126129853,2.3583677514589305,8.119386274463842,Small,thrust_var,3
35,17.57390360536187,-30.524680626309088,860.0017231970518,-10.26191655646338,0.18710796305285746,0.004675371770897596,0.8543676437349103,0.06127715315770775,0.04358304097322643,-0.21121890742281346,0.22339572925378265,0.24644990396372596,0.1598250189379026,-0.33625862529599165,0.7167810332043516,0.16328397483630125,0.0003682427707783761,1.1843163379316135,14.022167459156973,1.4520775862207205,540.8535863712084,5.0,111.59560137060116,1.2820559669366653,5.0,Small,drag_change,5
35,16.781727883494362,-29.823371344312786,862.1406974791508,-10.15525868232624,-0.6042747046275403,0.4488634068246811,-4.628092815307211,8.540506801390945,0.17632623203221964,-0.15153865262545702,0.15598906429628298,0.23526674496736025,0.14857482953414652,-0.3221873618337118,0.6998028810774221,0.10707838788735198,0.00043249521607684465,1.1843163379316135,10.247082649837372,1.829047943764048,540.8535863712084,5.0,122.49723567227387,1.2820559669366653,5.0,Small,drag_change,0
35,16.03677787043398,-31.14934219283561,859.4177109493532,-10.440983865201387,-0.10357164771964673,-0.197872947376623,-1.2234029073431913,1.0775367482382283,0.021539850793790803,-0.16098452674082414,0.18970076158417787,0.2575056827160505,0.15826270196816505,-0.340494517968898,0.666852558109256,0.25324942960159297,0.0003546873750893018,1.1843163379316135,11.253496956479673,-1.2054586975607509,540.8535863712084,5.0,125.86318837426806,1.2820559669366653,5.0,Small,drag_change,5
35,17.851188695930613,-30.25347262548659,862.1021621617426,-10.311867198772735,-0.3163757466761378,-0.20506354304499574,-2.0597820987396087,8.87645829193261,0.13302426834540382,-0.20608445015304658,0.3358522719490364,0.23460193173639274,0.15327016098566637,-0.3161403819740124,0.740730455691534,0.1575754532582443,0.00040582449097767816,1.1843163379316135,16.79960682480122,-1.671500066536767,540.8535863712084,5.0,113.63076671682094,1.2820559669366653,5.0,Small,wind_gust,-2
35,16.845771945897656,-30.18409743093013,862.6194180066609,-10.303185352105473,-0.16502798755682294,0.14580948068612581,-5.63928123072878,2.2520708065785247,0.07256555958414994,-0.19214360626225255,0.18398141024692383,0.26855223799003924,0.1466143455593967,-0.31817642040207655,0.7009715574843401,0.22521720873146606,0.00041277291267734716,1.1843163379316135,11.557757108869362,-0.9906488210874084,540.8535863712084,5.0,118.77888963387475,1.2820559669366653,5.0,Small,thrust_var,5
35,17.282687674894976,-31.361417526046434,860.816321192091,-10.501514914384618,0.7757736596566187,0.038886441327670475,-0.856593397801591,3.4490646409591026,0.05013346512091778,-0.24539890434938977,0.1191330191570712,0.2417562685275958,0.13654938627355603,-0.3250594671598181,0.6847463256136336,0.23482097510082017,0.0003500559501697721,1.1843163379316135,8.570383843202842,4.114927981780934,540.8535863712084,5.0,107.68135395111851,1.2820559669366653,5.0,Small,mass_loss,-2
35,17.57446586700262,-30.494081372059792,861.4901681904653,-10.741222792392291,0.0071561107990011944,0.1470084759952806,-2.8471979439349897,-4.963746504938379,0.04083053817221792,-0.15808329106420793,0.244195586397633,0.25501957355289606,0.17070565607363744,-0.32782896258721156,0.7183133749187319,0.1003517277058386,0.00035478182550493755,1.1843163379316135,12.470750631161527,1.73644317706561,540.8535863712084,5.0,106.28557997174404,1.2820559669366653,5.0,Small,mass_loss,0
35,16.867629475847988,-30.24558493112612,859.511380990313,-10.427321553896585,0.8125208513602904,0.2349216455492017,-2.37462672362103,-1.1113360446239344,0.0594540540822188,-0.2053022260303383,0.19860092644823005,0.2431891360957046,0.1505884982993837,-0.3214390000636598,0.7293980258004857,0.22860141210689744,0.00038179318491637584,1.1843163379316135,7.839820153511669,-2.113803750422495,540.8535863712084,5.0,108.50821139699532,1.2820559669366653,5.0,Small,wind_gust,-2
35,14.922095883845316,-31.391530095336414,863.2309486478623,-10.517588033801283,-0.15973961820215615,0.28354642070004893,-2.0222484123455553,1.3423094993336602,0.06642856184025779,-0.234642545418073,0.21356094217359076,0.2554441374677158,0.15377827646542996,-0.3324974932433073,0.7264403490563538,0.08510437336071341,0.0004013476486746643,1.1843163379316135,9.029582787767689,1.259437448237848,540.8535863712084,5.0,117.41331018490756,1.2820559669366653,5.0,Small,drag_change,-2
35,17.8561876575483,-30.19203851415037,861.6371394510631,-10.393799188549092,0.10949704147252788,-0.24618268027704526,5.246525566383786,3.86370726451994,0.10450865973736949,-0.27755818364302576,0.12550626162673392,0.26283999250379514,0.14924640883456516,-0.3253675822905508,0.7166311426122755,0.28164843672636297,0.00041270844029442925,1.1843163379316135,10.403591381926832,-0.5732860926575134,540.8535863712084,5.0,109.85469974615867,1.2820559669366653,5.0,Small,mass_loss,-2
60,12.985906929914348,-68.96706528699558,1163.2084080293962,-12.54886738399259,0.38734367749562,0.16575283917734782,7.238384551976011,0.32696876943831304,-0.25482912974084077,-0.305692074864825,0.1913437116998397,-0.2862826015375437,-0.050814469479300226,0.47102782483023714,0.9301057945869374,0.20615163325959496,0.00033597184959413394,0.8846930230095272,15.233886687115337,1.0566142669540783,2099.7246180347347,5.0,97.94076828668977,1.6020544410980908,24.726650692689322,Small,thrust_var,3
60,13.487680673727002,-69.36299501541566,1163.1109001522834,-12.285310372461186,-0.27221366554994875,-0.01866931709174983,5.285922692755456,1.5198508894716687,-0.28299441368795275,-0.16980556983844286,0.1663525909725746,-0.27449266512449044,-0.07543627479884424,0.4799296301339864,0.8485310590083935,0.28501443211489963,0.00030887479294400554,0.8846930230095272,19.96468203953931,3.2887605714024892,2099.7246180347347,5.0,91.50892135655928,1.6020544410980908,24.726650692689322,Small,drag_change,0
60,12.353127629141383,-68.29072362372415,1161.557758878662,-12.382364812404544,0.39176524064595175,-0.2933913426854613,-4.219810187832522,0.878380918400032,-0.23485413115974987,-0.2652258024427836,0.12410644779311816,-0.28376206544334875,-0.056801357392399346,0.4729169453005255,0.8933242773027772,0.25067149401015154,0.00040135407040699364,0.8846930230095272,16.87034969892357,-3.4375252413008828,2099.7246180347347,5.0,114.37444574877917,1.6020544410980908,24.726650692689322,Small,thrust_var,3
60,13.860925154884562,-69.13950154057297,1164.8244038082316,-12.326746329739246,0.025614693130497163,0.09487117530636058,6.56522193495263,-1.8248304089907454,-0.2987676549494102,-0.2856430485651061,0.08273500562516825,-0.2685962694870784,-0.046218283818919126,0.4873264370869378,0.8505310562030628,0.19007985068077304,0.00042081804877109697,0.8846930230095272,16.17064947044143,4.02474289441225,2099.7246180347347,5.0,102.403870000938,1.6020544410980908,24.726650692689322,Small,thrust_var,10
60,13.839455987439612,-68.6157656908279,1168.175395759301,-12.08693338946288,0.11188580327681089,0.06874619555121508,-4.8029261615741765,-0.9836416997248125,-0.2696760340301691,-0.1915208864556836,0.15432508068852924,-0.29449002734437685,-0.061177513550851104,0.5021403909272539,0.7967934035346903,0.23385567918264405,0.00036264403884609563,0.8846930230095272,17.053764359092746,2.3448883656772206,2099.7246180347347,5.0,99.46053743059373,1.6020544410980908,24.726650692689322,Small,wind_gust,0
60,13.489470660641516,-69.27121101790583,1163.2302270086452,-12.14166628395794,-0.5319715734787238,-0.3162597083348315,7.4024607633454025,3.203731904993269,-0.26316079675863635,-0.1779751297048172,0.16130183494263997,-0.2823439940767872,-0.05050507119572704,0.48127348352350385,0.8348327994837115,0.3097986526447979,0.000354789841622313,0.8846930230095272,17.224358484853834,-2.4737863751414277,2099.7246180347347,5.0,101.51024230637715,1.6020544410980908,24.726650692689322,Small,wind_gust,0
60,12.254386656798577,-69.22387220055263,1163.570719505234,-12.065539939088701,0.22533350474752392,-0.12640675563678588,-3.8343639645145258,-12.189712415660164,-0.3201206582631672,-0.3233107020569019,0.09012437752073041,-0.28477410476996307,-0.05463911631103521,0.4676914886909169,0.7777670441620641,0.12834264281457916,0.0003779141117391931,0.8846930230095272,19.080391473573854,0.9857698247581219,2099.7246180347347,5.0,102.79374611507019,1.6020544410980908,24.72665069268932,Small,mass_loss,-5
60,12.453633558252893,-69.08386774088052,1162.383947821379,-12.595037965230306,0.038731722126686095,-0.2614519077240122,6.431574345490834,-5.229081592917344,-0.2771267094731039,-0.1978183956381439,0.17348004990495577,-0.27950439452858744,-0.05914117306018302,0.4824623845659509,0.8464916488025247,0.2220845541193015,0.0003606708469025537,0.8846930230095272,18.706640677024904,-0.15154978818392142,2099.7246180347347,5.0,103.82980941201544,1.6020544410980908,24.726650692689322,Small,wind_gust,0
60,11.397670259354058,-69.19837923022027,1163.6605675451563,-12.651075716994885,-0.020320106823950287,-0.028331510209696324,3.214547847378377,5.288966125187244,-0.23351040012618698,-0.2730062894854851,0.06370846114374329,-0.2701707011466827,-0.01886956744443529,0.47786165401595426,0.7226031454658863,0.275209452617882,0.0002998693567565718,0.8846930230095272,19.460755755528595,0.751489824866501,2099.7246180347347,5.0,85.49383886811289,1.6020544410980908,24.726650692689322,Small,mass_loss,-10
60,12.71388485953901,-68.67250399218814,1162.9959487645433,-12.120232162057349,0.24413602347662894,-0.021344568657310575,6.324018091085919,-7.909938223517688,-0.2843547351775174,-0.2529259315062684,0.25074306319411543,-0.2953754240052654,-0.06983375078415795,0.46217724620637624,0.8511390054052256,0.17029038647305716,0.0003560854579870413,0.8846930230095272,19.07811814449921,-0.31616925591582323,2099.7246180347347,5.0,102.81317763335582,1.6020544410980908,24.726650692689322,Small,wind_gust,0
51,18.89946649602653,-25.978309418262164,992.846655647487,-10.276077309609054,-0.2085444510081197,-0.44057466494666636,7.281426444564975,-5.548490009244915,0.07159807267198331,0.2916763343932589,0.24777069084699524,0.31677136179515697,0.2745936734326047,-0.4483266577477734,1.5180367237559225,0.1981704287433108,0.00044626169661461375,1.0787499587717193,-4.595272668741396,-1.9994389644198782,368.09279155843615,5.0,244.7990723609897,1.6886820114558283,5.0,Small,thrust_var,9
51,16.60030700341256,-26.573251901038585,991.5883250131795,-10.03276368307858,0.38526058203297353,-0.4223267597926786,-4.408304855493956,8.068166062877145,0.09261716952154535,0.25591550912340555,0.26026015346920706,0.31970366634307984,0.2679518199646765,-0.46761981691645066,1.4194298074668934,0.15718045407786674,0.000308500201445227,1.0787499587717193,-6.00350333328364,-1.3343705001795412,368.09279155843615,5.0,198.87492032572106,1.6886820114558283,5.0,Small,mass_loss,-6
51,15.74052329171766,-26.625085404537906,991.6301992297014,-10.018656524020466,0.06025195160433208,-0.0037294056545399364,0.6657726408580773,8.681619044249446,0.11204288880410601,0.345023816027419,0.23365004877769657,0.3135396782540983,0.24785871933411127,-0.4399483689738321,1.3790784959329172,0.1691624327924034,0.0004302665584566679,1.0787499587717193,-4.005612322155944,1.3537242746688254,368.09279155843615,5.0,232.37865651969406,1.6886820114558283,5.0,Small,mass_loss,-1
51,15.483093531731011,-25.16345237188346,989.4656457826372,-10.104740879997438,-0.3388371416938475,0.12922505306736415,0.6782764546727784,0.24835541662596325,0.04965613139785857,0.2775351541030229,0.22078667411746325,0.32708510617041153,0.26557066922862477,-0.47574166756299135,1.4010189703499105,0.21734860297404227,0.0004358910103175266,1.0787499587717193,-4.6377348738403805,1.055519376981459,368.09279155843615,5.0,231.15292210321388,1.6886820114558283,5.0,Small,drag_change,9
51,16.9738504234099,-25.991058252592243,991.6580333944605,-9.835107538804564,-0.0377071860787856,0.39529645524811036,-4.8131481398665645,4.907911662986273,0.14529493660952517,0.24399272008663667,0.1821591001480509,0.32925085444087465,0.27022876771232457,-0.46695241868544896,1.5770822559934616,0.09668926844950572,0.0004520757806726947,1.0787499587717193,-3.482348145026378,3.041999298278751,368.09279155843615,5.0,243.29146049694089,1.6886820114558283,5.0,Small,thrust_var,9
51,14.703761153276808,-25.6345358206686,992.6906807316019,-9.831228001422001,0.4975425954562456,-0.35202486535676214,4.684269817512023,-1.267994666993518,0.12935556789169483,0.39069839742606427,0.22548347109291747,0.3222395431173607,0.2524382732078569,-0.48331560420223646,1.6837975799986022,0.27573015583346006,0.0004624261463489591,1.0787499587717193,-5.70700880084812,1.5749484007652914,368.09279155843615,5.0,240.12363655638362,1.6886820114558283,5.0,Small,wind_gust,9
51,15.974439645028024,-25.148149504458804,990.4338137928034,-9.669985996557347,0.15192734908420383,0.16898756873135914,-2.558819783668247,2.884585902018444,0.16567596707621435,0.291657001494171,0.20714071117502628,0.3272279398501782,0.28219866008887073,-0.4522229568059064,1.6834772068789028,0.2156811355242135,0.00042160114841990036,1.0787499587717193,-4.258530200674534,2.14031706882508,368.09279155843615,5.0,233.58414965292152,1.6886820114558283,5.0,Small,wind_gust,9
51,15.260385077036963,-26.894537946619796,989.6602439011111,-9.928576212374912,0.22443417519130335,-0.06812896274855458,1.6121474262570215,-2.532980055540377,0.04475837170913501,0.3187810563308352,0.2572549860873251,0.3476006324072693,0.256013336477572,-0.47200931072657787,1.4432502973696015,0.23065989207414547,0.0005042662207409295,1.0787499587717193,-4.823112719331656,-1.7242192796920297,368.09279155843615,5.0,210.25782429753085,1.6886820114558283,5.0,Small,mass_loss,0
51,15.57140182309309,-26.637494128464066,991.1929370911447,-10.207267100863065,-0.23562468838009235,-0.2651002126796605,-3.195260261552124,-5.950491775435305,0.10817394924170677,0.355206278179402,0.24418741833882085,0.3435236300649,0.2575919373481975,-0.46826307508739645,1.6045601729222057,0.22861176833461402,0.0004205921195371322,1.0787499587717193,-5.156057523308055,-2.1322748042616877,368.09279155843615,5.0,205.04486592330406,1.6886820114558283,5.0,Small,drag_change,-1
51,15.781309588896242,-26.090748541187818,994.8506387328255,-10.150368997244867,-0.28982338903916705,-0.064513018383733,-1.536814420198376,3.832811325612606,0.012638841456556554,0.43328075894945783,0.18810267635720646,0.3349501567004002,0.2753417201275214,-0.45886075853508435,1.6184526425124237,0.20353202608688264,0.0004464999500740521,1.0787499587717193,-5.956565139942575,-1.3072525138492017,368.09279155843615,5.0,215.45579349795398,1.6886820114558283,5.0,Small,wind_gust,4
10,9.876487668685261,-41.82069355738935,1104.7491134447944,-10.5660773307112,-0.06287923557953666,0.2989912503133149,-2.884459944563562,3.4871273605019235,0.14507453990086228,-0.2513269205355553,0.06924727508486903,-0.19615649253566766,-0.08624062858725878,-0.4808612423580057,48.755697388985624,0.18672422607208286,0.010352666787914019,0.991573395806289,-9.007128644684151,1.351412161146761,865.9615853819618,5.0,4965.856955287745,9.660962103690355,11.337080613436184,Heavy,mass_loss,0
10,11.01731316920345,-42.467316821566605,1107.4947342854518,-10.585894533489366,-0.10615505806853301,0.009954312363118938,-3.810745537533981,2.9888364913124734,0.13208320391143896,-0.19352192854157974,-0.02890412749371666,-0.19502882668919921,-0.10462044823902576,-0.46876282012745396,45.70466073497504,0.17214380011600688,0.009985098157733083,0.991573395806289,-9.740550883866314,0.810629272408996,865.9615853819618,5.0,4874.999100342889,9.660962103690355,11.337080613436184,Heavy,mass_loss,4
10,12.262405553306444,-43.06669409964788,1106.0487249066023,-10.084200881351922,-0.14556256693568262,0.04963763441209157,2.3935866405834587,-11.436534805534922,0.1013634301926237,-0.2498211868308483,0.010555774872420485,-0.20682396452226864,-0.09410099943162623,-0.47323480058722994,53.26030717399422,0.21041365568277542,0.00925355394336878,0.991573395806289,-8.377437117810434,1.3781897050656353,865.9615853819618,5.0,5074.019375735084,9.660962103690355,11.337080613436184,Heavy,wind_gust,4
10,11.017010063919933,-41.2337369895156,1104.384699391216,-10.056924126004983,0.1263666718305713,0.0086042087096603,6.066194183321599,-5.9103103693822785,0.1819567037130747,-0.22528463951281438,-0.032116412547875395,-0.18875358639116419,-0.0910686065369272,-0.4803749855920735,52.19180017441514,0.17141228738211678,0.01045358697988863,0.991573395806289,-9.78486157684168,-1.229393646015335,865.9615853819618,5.0,5244.47511436488,9.660962103690355,11.337080613436184,Heavy,thrust_var,0
10,11.770941247457829,-41.21353019704784,1105.4768812290617,-10.326076810232086,0.5451862679753802,0.3677909513470831,2.47042233870879,-3.1686759679632504,0.1353476801407971,-0.2118347228600579,0.04174722796616539,-0.18174085847040472,-0.10834983244398419,-0.4741380124839584,45.85764698544173,0.1878900607096525,0.012602954044128218,0.991573395806289,-11.250797703997598,-0.11240094788384089,865.9615853819618,5.0,4691.5224816679065,9.660962103690355,11.337080613436184,Heavy,mass_loss,2
10,10.25296494907152,-41.95114091355591,1106.6469713542867,-10.48964946534248,-0.3242572687668275,-0.21940386696251873,6.6829131885039175,-8.633531542227308,0.21357205294358222,-0.17853248150830786,-0.003155978247363663,-0.18875852876303542,-0.10171080980171268,-0.4759104672968964,52.91594819697808,0.2635575308243402,0.009665934924656833,0.991573395806289,-12.159958201173074,-0.5873462854404236,865.9615853819618,5.0,4935.131339503713,9.660962103690355,11.337080613436187,Heavy,mass_loss,0
10,11.252750242963735,-41.70640705210563,1104.3343941585467,-10.466503936112698,0.33170812030191527,0.6063188872658362,3.044990760749611,1.7215251873725572,0.09816381467464441,-0.2369501813167929,-0.06962202746549193,-0.1802221595561869,-0.08830127940217024,-0.4791636887085594,47.13625923308851,0.2090810673306971,0.008649325874666665,0.991573395806289,-10.150401416367036,0.8300149955964294,865.9615853819618,5.0,4933.516212560102,9.660962103690355,11.337080613436184,Heavy,thrust_var,0
10,10.766908393127585,-40.8302749776285,1105.0048216327446,-10.009553613763972,-0.03922910058092521,-0.35434511733050467,-2.3660559422519802,-6.404939618687216,0.11305600430264656,-0.2910875208319411,-0.08053385270224905,-0.17823200693255514,-0.09179148802850924,-0.48545038845135513,50.588082682661934,0.15822598031789692,0.007459717118997478,0.991573395806289,-3.6081307454779434,0.3791997533541191,865.9615853819618,5.0,4965.176345866239,9.660962103690355,11.337080613436184,Heavy,drag_change,4
10,10.385307756772566,-41.28449234359216,1107.3947836421396,-10.464315957253001,0.3458267868535558,-0.2953125555829774,2.1144342199050055,-8.463522467347197,0.13639047420770037,-0.28891079659768426,-0.04830719487691052,-0.1931148487749918,-0.09058110996811074,-0.4724396694862687,50.037522627737545,0.22154311468803473,0.009035288259866592,0.991573395806289,-11.282036785323857,-0.03563463574403374,865.9615853819618,5.0,4891.7401300723795,9.660962103690355,11.337080613436184,Heavy,wind_gust,2
10,11.49090095378131,-41.633454403821226,1104.1473308715458,-10.334020983361413,-0.2362244348696565,0.06326696998414505,-3.864128764360597,8.311082137672205,0.189337174562817,-0.19642799167617797,-0.023305474046263798,-0.1903708808477953,-0.09199963732748415,-0.4774843879236966,45.186527793669924,0.2982141061185483,0.010139291308855294,0.991573395806289,-8.517894962022444,-2.629488714157118,865.9615853819618,5.0,5490.257294070597,9.660962103690355,11.337080613436184,Heavy,drag_change,4
60,13.035513140845948,-59.9668411312196,1169.9946271042525,-10.410304887380335,-0.23577322382925037,-0.5563273524928517,-8.35398561928131,8.82826284445528,0.0908295472989921,-0.04368212149880468,-0.1531949897152381,-0.12939956063960595,-0.022524183706891958,-0.20416446513499836,75.92838101820819,0.17570801984390721,0.008746296701472717,0.9691837739895248,-3.6502053064979334,0.745393039111816,1791.1808021753966,5.0,9275.725501122031,11.35900226682954,20.29830779300443,Heavy,drag_change,0
60,13.620416122412275,-61.29081266825721,1167.9411567513523,-10.326583526056417,0.014446666265852686,0.29028340983665957,9.238198540128472,1.33984399605369,0.16664065626702013,-0.02630290458202359,-0.24058403464846964,-0.12631772161004734,-0.029301691827519242,-0.20318110370937464,77.09433887262585,0.12550319250737144,0.009754898782922124,0.9691837739895248,-2.5826032026314585,-2.2378485539520363,1791.1808021753966,5.0,9039.036722706795,11.35900226682954,20.29830779300443,Heavy,thrust_var,10
60,12.85447121301164,-60.86994759042455,1170.6514572760402,-10.48228900347775,-0.08808254673499455,-0.08335559552378696,2.3657124515454906,-4.7757556936698355,0.18891229406284868,-0.0149964208344612,-0.24666559251916573,-0.1418076651179021,-0.05109539646227608,-0.2038367759423573,79.29196016397255,0.17753933814882666,0.010698765722100769,0.9691837739895248,-5.3761812859430655,-2.1022230333157577,1791.1808021753966,5.0,8454.29815404684,11.35900226682954,20.29830779300443,Heavy,thrust_var,0
60,12.89857100871122,-61.2921720244938,1162.9908062764505,-10.818446970782365,0.14621725601853997,-0.06178816874674979,-3.0026136699023898,1.9886762183283504,0.07610767550411222,-0.03606758869047682,-0.2587710024235197,-0.13216721364910125,-0.03887156406418186,-0.1768198909742565,78.2494720339074,0.14347007183897917,0.011038373197270118,0.9691837739895248,-7.256177364765306,3.034607956511438,1791.1808021753966,5.0,8633.494801386993,11.35900226682954,20.29830779300443,Heavy,wind_gust,0
60,12.653763108903513,-61.14629268509525,1167.9346192192695,-10.524816967201717,0.5068848280631886,0.5511306650056167,-10.525303759614141,2.407166634953647,0.10978998587952316,0.03497161350912176,-0.19369643551467627,-0.12724242561552543,-0.046367435517699215,-0.20936868574957984,62.376017311105265,0.26009914503923337,0.009790333900242065,0.9691837739895248,-6.889674285123737,0.5929276441937725,1791.1808021753966,5.0,7898.782934073031,11.35900226682954,20.29830779300443,Heavy,mass_loss,0
60,13.597967046599669,-60.76849314972709,1166.2551694496537,-10.645523759105398,0.472907263887277,0.4536145845867921,2.964237991299978,2.5830592928839984,0.21020786764344176,0.02632078396238211,-0.13849804254420311,-0.1210277245227171,-0.02054514656740236,-0.19811165434716874,78.3207232841919,0.26909746607669977,0.010581656505749423,0.9691837739895248,-2.810847776506704,-0.7788370665648424,1791.1808021753966,5.0,9708.179306421718,11.35900226682954,20.29830779300443,Heavy,drag_change,0
60,13.322446907004089,-59.71665239991417,1167.9756887878682,-10.38277640311496,-0.17368378993527375,0.2876654622541287,3.1279886018674308,-2.907069669652949,0.10662680516393636,-0.06810671139285433,-0.22926406160177884,-0.1206058117225778,-0.026266886709261708,-0.19207259565596246,82.4845635876547,0.22132250518399743,0.008415356425099933,0.9691837739895248,-6.444621345739982,-0.45834198043762986,1791.1808021753966,5.0,9515.084782258915,11.35900226682954,20.29830779300443,Heavy,wind_gust,0
60,11.924310526670215,-60.743107291301875,1166.6480517176742,-10.996414234635935,-0.09901193490398637,0.42123103056153055,-4.299872077771639,9.143310640147028,0.19383315237618234,-0.0625290463051484,-0.20117854114568884,-0.1332964802644842,-0.029443409985612755,-0.20346421361014017,74.23556013691369,0.12769486359907206,0.00976641207861336,0.9691837739895248,-4.232580301341579,-2.740674928000611,1791.1808021753966,5.0,9519.787871889472,11.35900226682954,20.29830779300443,Heavy,drag_change,0
60,12.588030050489488,-60.07223409115796,1168.1161768479003,-10.640711861288729,0.37367549778172676,0.1358329700629666,-1.085565886865317,0.8851950162196602,0.1955345167608826,-0.01612329279972196,-0.11638345607005447,-0.12015955559372148,-0.04754980287602302,-0.19841605602823198,74.74661565206274,0.13286794594866447,0.010500251580183582,0.9691837739895248,-11.858169823510814,0.5769773128038571,1791.1808021753966,5.0,7961.665625850335,11.35900226682954,20.29830779300443,Heavy,thrust_var,10
60,12.853497517136294,-60.681576046641126,1164.254080779094,-10.86739928520301,-0.11298142318245923,-0.026220512907353444,5.313137486939944,4.612138753091553,0.18464739150657208,0.03656668751419159,-0.25060894845558535,-0.1078885148098949,-0.04163004660927095,-0.18914466018723938,75.80138221000348,0.10008566617311314,0.010565011602266383,0.9691837739895248,-3.023747383810825,-0.9131601089771642,1791.1808021753966,5.0,8863.920833241486,11.35900226682954,20.29830779300443,Heavy,wind_gust,0
31,33.652874015868214,-84.19757741147029,1091.7124379254496,-13.722324856500837,-0.4000138788106148,0.5089355939702219,3.1515295822871296,5.02865826530369,-0.24180986886941938,-0.2933916321226969,0.28323622083914546,0.05016188623000889,0.47904565924033155,0.2846552939366033,2.683325436683903,0.1560152160264923,0.0010299378871504328,1.107317894779521,16.038172766403015,2.785729379502754,3931.39865728224,5.0,953.714244201455,3.9634233398952077,14.234682846339787,Medium,mass_loss,-1
31,32.9822698639644,-84.92414752743102,1088.7330760198495,-13.32383844031042,-0.19554886775015587,-0.0717692056343193,0.6408096326713885,2.4704617608833326,-0.2995328146837491,-0.33035938149904825,0.2152281751827415,0.06731915837224518,0.4904728271657402,0.30262384870138515,2.924214518291927,0.23876530679021207,0.0008491489876652351,1.107317894779521,15.913715128033784,1.1032028849540176,3931.39865728224,5.0,977.3478839006387,3.9634233398952077,14.234682846339783,Medium,thrust_var,9
31,32.93388708793114,-83.93961658461247,1094.1678056012834,-13.028965184128758,0.2238382289385656,0.25938017591660517,5.019941691711115,-5.688139956702227,-0.12738813329160345,-0.22970438092439094,0.24965411290570647,0.07222183892020866,0.47705755374330766,0.2900346705168763,3.0123161723445766,0.17877973385345672,0.001077943779476962,1.107317894779521,16.083816211763477,-2.3887737707356003,3931.39865728224,5.0,891.6649790882951,3.9634233398952077,14.234682846339783,Medium,wind_gust,2
31,33.156700494811034,-84.58814362868027,1092.3827539784081,-13.129675221245373,0.10687876914341897,0.3420480570289524,4.535610903963761,-7.37256375262837,-0.3104022207538869,-0.2790198491773578,0.20989227796998913,0.06755038504178071,0.48107914774544974,0.2935985462100217,2.90863815084598,0.22009019136187585,0.0008901296896529177,1.107317894779521,16.14691963999957,-3.373697625983461,3931.39865728224,5.0,893.8026393159523,3.9634233398952077,14.234682846339783,Medium,thrust_var,0
31,32.415961055373074,-84.9592979187428,1092.291850285217,-13.42982648831098,0.35240433975840957,-0.23614397865897108,2.7225661121422133,0.5699679469584658,-0.27144146015814374,-0.2731878685850929,0.30262986472661857,0.06937725492508531,0.49116494058512555,0.2839052084383503,3.2400767699257846,0.2522273289071592,0.0009558417464333235,1.107317894779521,15.626701378511353,2.8284413453806536,3931.39865728224,5.0,893.6514440378864,3.9634233398952077,14.234682846339783,Medium,drag_change,2
31,31.55199641723693,-84.60344294466422,1088.2128354169836,-13.06159288732381,0.27780639293564413,0.3614308693165608,1.8053309574369165,1.4722011722607484,-0.24818640174625062,-0.22017731169137816,0.2598831069332788,0.04890572370892132,0.4708629607181005,0.2962674697413113,2.7929056060227038,0.20486909973955078,0.0010724079029959918,1.107317894779521,14.216183587693138,-0.5991738045124523,3931.39865728224,5.0,894.8915345056821,3.9634233398952077,14.234682846339783,Medium,mass_loss,2
31,33.98959416923344,-84.30437128087058,1093.9554186752873,-13.314031577219305,-0.26009388955396384,-0.12766652154250682,-4.3225551257910935,-4.318077820558749,-0.3273923557618181,-0.23812787829710017,0.32331924355813896,0.05863320376360886,0.47930961289850194,0.29824232037432424,2.7430885830111955,0.26370375782438515,0.0009253222800484662,1.107317894779521,11.598442450664319,-0.26052395261780004,3931.39865728224,5.0,857.9566264307741,3.9634233398952077,14.234682846339783,Medium,mass_loss,2
31,32.113237237595634,-84.43406284345635,1089.945695785805,-13.510251988682217,0.038970773883106054,-0.2928339320265586,-2.6067619288325377,0.7004025710790794,-0.22721719683201702,-0.332934946540202,0.2595215174615022,0.07474091936008241,0.4871589204801883,0.2823758017559663,2.90434461871665,0.23143585139055106,0.0009553631709820659,1.107317894779521,16.066041952729393,-0.7110189109383969,3931.39865728224,5.0,800.0462311007512,3.9634233398952077,14.234682846339783,Medium,mass_loss,-1
31,32.41118246226006,-84.45962744251369,1092.822771253833,-13.26461418966319,0.6617348084244484,0.16993349603370803,0.12461743077100382,4.099503883794246,-0.2616624051262991,-0.2390396190480391,0.3034649976360527,0.08104411031232685,0.4857839986203772,0.28040571017550964,2.9712438054043244,0.18591847420136265,0.001162946633906773,1.107317894779521,20.265302355732842,0.6893246092879647,3931.39865728224,5.0,947.7904187148737,3.9634233398952077,14.234682846339783,Medium,thrust_var,9
31,31.26571585642535,-84.78665383512839,1087.8070600800374,-13.136485976040564,-0.05086162259014421,0.18821273774839495,-2.5049699812027866,-1.9824532722252821,-0.31023316302745324,-0.23002286639332753,0.22860552068477488,0.06015264715458962,0.49985780896228216,0.27787574521621367,3.1489757444396336,0.16159301447919924,0.0009852101158556463,1.107317894779521,12.00569681008241,1.1550383393133161,3931.39865728224,5.0,1044.4499226238772,3.9634233398952077,14.234682846339783,Medium,thrust_var,9
10,10.214969413278524,-86.8210180982036,739.6769196300718,-12.706196537643896,-0.24902192563490727,-0.40678075424332,-1.1392577436186526,-3.219651751966887,0.22065599622581067,0.050839817318152125,0.02659017647509883,-0.4834345046735678,-0.4420042434851661,0.2086535672722547,15.857786090010421,0.24040386717970355,0.0043104394966718045,1.1740397145698955,-10.912713237786301,1.7542082936347603,4527.799412601369,5.0,1331.49073340749,7.121721337914685,61.10292974852715,Large,mass_loss,6
10,8.347152015196569,-88.45285032572478,738.0643124181421,-12.22411849688238,-0.3454424035504759,0.19858445179892417,0.22534607426597725,-10.21435452960468,0.2590009046297879,0.04034703697385027,0.20121194186234692,-0.46918916113066156,-0.43997950277459574,0.22447488906024873,19.555683973369092,0.23024569135917844,0.004564796347283604,1.1740397145698955,-8.530979144477287,-1.3052475268777228,4527.799412601369,5.0,1697.4185470860423,7.121721337914685,61.10292974852715,Large,thrust_var,0
10,9.748819679753225,-88.07895403796317,740.1877567908507,-12.665738435895499,0.08452260559231035,-0.27499590948377467,-3.278725141258339,9.368900460024104,0.2665607891668249,0.010808510250298033,-0.0009923786013217584,-0.4699333329308351,-0.4004281601657417,0.2164753061325291,16.873391678692787,0.20239191342038398,0.0033835813553828023,1.1740397145698955,-3.040835926240524,1.9609620569288393,4527.799412601369,5.0,1523.022024077947,7.121721337914685,61.10292974852716,Large,mass_loss,0
10,8.889844106717257,-88.02665134969514,742.9527942899457,-12.091052435518252,0.22968910145148488,-0.14337848063316377,-2.6383199257283367,-5.557811712441337,0.2976220635085849,0.023700220547044973,0.0895033108366978,-0.4705111124846828,-0.423989673209026,0.2021720765698877,18.910852933214244,0.24477204454741622,0.0030680327014174203,1.1740397145698955,-9.637713572400921,-0.8535827907970512,4527.799412601369,5.0,1598.3469066076052,7.121721337914685,61.10292974852715,Large,drag_change,0
10,8.155637334393724,-87.59411312250305,743.0151443522884,-12.087709618132827,0.08495056337955435,0.5389243499427712,2.5042304343134,-0.0387334127706023,0.287901537910777,0.07841472027878701,0.13086091400097857,-0.4764656013473306,-0.41822173471746704,0.21524940838414014,19.35655707411406,0.21986310309369794,0.004276489007198056,1.1740397145698955,-6.580475663360657,0.032818873439677876,4527.799412601369,5.0,1625.3111977323504,7.121721337914685,61.10292974852715,Large,drag_change,4
10,9.77099591877223,-88.06836660532676,737.9912238906613,-12.441238897853655,-0.02730221786611267,-0.4517081616506237,8.447314489993705,-6.418872281284954,0.2810182459536156,-0.07988427566820785,0.2076497127800409,-0.4591151089692629,-0.43822475585350174,0.2252294122310784,19.15247820306005,0.2077510933570126,0.003841755042864059,1.1740397145698955,-9.058993866393877,-0.1072288309747308,4527.799412601369,5.0,1508.464760592928,7.121721337914685,61.10292974852715,Large,wind_gust,0
10,9.603142091042743,-87.99856746086036,741.8940106152425,-12.207972684174706,-0.11723889958029902,-0.2901722450208963,-5.86795467405932,0.9359987349751129,0.27815204692932893,-0.008728185139956574,0.04496699462967324,-0.4646168779354488,-0.41484970505232244,0.2139106992773309,19.207618037068332,0.22584262864594712,0.0032141562013659293,1.1740397145698955,-9.211311341035621,1.636254560917896,4527.799412601369,5.0,1584.627605107132,7.121721337914685,61.10292974852715,Large,wind_gust,0
10,10.270749024049975,-87.66553048399136,739.921564707332,-12.261624000775566,-0.4026272714295053,0.025747752003902304,0.5144133806838623,-4.843042477268586,0.20058980092348483,0.009191917222859124,0.10863343045506507,-0.47618502359053816,-0.4327955564481232,0.225071677887466,19.908964559529686,0.20606488546111176,0.0034088979398292293,1.1740397145698955,-6.268155730223695,-0.3810745794539622,4527.799412601369,5.0,1559.9139998069677,7.121721337914685,61.10292974852715,Large,wind_gust,0
10,8.890886478708753,-88.44728481552691,736.0795019025453,-12.33808447836001,-0.14631068616215298,0.4308668133118456,0.35890820431862225,5.707701910190929,0.18483260721158884,0.03586279888522005,0.13292201576883414,-0.4704869977168316,-0.4207852762414917,0.2196845541511763,18.228916430163107,0.13167604813028583,0.0038675302398430713,1.1740397145698955,-8.779069940236003,-0.8526774560653784,4527.799412601369,5.0,1603.7205011369722,7.121721337914685,61.10292974852715,Large,thrust_var,0
10,8.915799634048552,-87.28055831334028,739.8224626486198,-11.83188332536363,-0.13428703965788652,0.1276737346736885,-6.157043914196512,-2.166240498690081,0.311802534266782,0.09221140002034872,0.19745243291229803,-0.46715887991739596,-0.4099291931322174,0.22841782867997867,18.98626400981455,0.12429589853819546,0.0035286512471944193,1.1740397145698955,-9.748419813108084,2.1091881285756386,4527.799412601369,5.0,1750.679914780804,7.121721337914685,61.10292974852715,Large,thrust_var,0
12,32.07901453353743,-80.21286136654503,964.9020938482279,-12.649948885278585,0.12703874748042593,-0.16367044508815443,3.2618669037988806,2.3856158531478355,0.2545877594740936,-0.10237146356496124,-0.2392169729358432,-0.37359596927842204,-0.03941138133278781,0.234687122232608,9.555745245488227,0.11057680251365926,0.0027485491754959544,1.128526562003165,9.476919817728074,-0.4935462629417955,3673.216480351844,5.0,2783.7362592323166,5.500378958993339,13.531573699660445,Large,mass_loss,2
12,29.061446039360764,-80.785606899027,968.3866598517963,-12.151325287058297,0.020153525370699685,0.1842556035456351,4.111811564966141,0.3411938429870911,0.29072994822286674,-0.06026432460611983,-0.26713878917168804,-0.36668710046530895,-0.052025079033780446,0.23998960688887858,11.381206104170287,0.30796408639846,0.0027120111371424878,1.128526562003165,6.409890552973747,0.9645186974358523,3673.216480351844,5.0,3269.78484258295,5.500378958993339,13.531573699660445,Large,thrust_var,0
12,33.9345716005859,-81.2624684135618,967.1760176211433,-12.429409875578603,0.039348660362756076,0.2810241718322015,-8.260835767115411,5.555812371183095,0.277630679791933,-0.08876848002934498,-0.19809437259320728,-0.3893873496817501,-0.053438455013457634,0.21324097135324174,11.104095525963569,0.1752518545740859,0.0029184683609927886,1.128526562003165,5.157743912021371,0.34951492176387666,3673.216480351844,5.0,3223.6727450992485,5.500378958993339,13.531573699660445,Large,wind_gust,0
12,30.61922448068125,-80.66831904075546,969.5842409036024,-12.234683365340153,-0.05647623793244875,0.22903417080544225,9.89656969282234,4.69612102284311,0.2493419376756019,-0.12379902936897937,-0.20893159622313082,-0.3726514832086961,-0.0398798385827771,0.2214083989677438,11.906858187476967,0.29319225903510215,0.003323140866280673,1.128526562003165,7.5250706513531105,-2.2978591820056193,3673.216480351844,5.0,3235.3487659845514,5.500378958993339,13.531573699660445,Large,drag_change,-2
12,31.335426681332336,-80.11158128255896,966.8401951011056,-12.856398440166672,0.012090779849574537,-0.23440464047122916,-15.046705713415868,-4.40855096075066,0.23325981654457234,-0.15354617452287056,-0.23663202922370657,-0.38925515725184173,-0.035256118498509646,0.21115203026485635,11.30771363992101,0.13617587366667544,0.002449031679794894,1.128526562003165,9.586974550011206,-1.7117876074623426,3673.216480351844,5.0,3511.6964262459155,5.500378958993339,13.531573699660445,Large,drag_change,-2
12,32.62168764964996,-82.00476321578905,966.9055613479021,-11.94496487987513,0.04159654756980827,-0.004331077910313989,5.2130864091719955,-0.7908098337860942,0.3432766930789214,-0.07588583418605274,-0.2916506035566888,-0.3823542366965058,-0.027164820624632692,0.2376878302583596,9.369232026239782,0.1402302372512253,0.0029972199089336442,1.128526562003165,9.925094177279467,2.515072541232201,3673.216480351844,5.0,3390.2598381041857,5.500378958993339,13.531573699660445,Large,drag_change,-2
12,31.370742657781356,-80.37314413157905,964.7096808027914,-12.655606509569198,0.08789186466065003,-0.2335042228923374,-0.19784919421898284,1.4620927371755676,0.25383060929470924,-0.08791759399552096,-0.24755267345011545,-0.38821307865988336,-0.05472220541772398,0.21312959411310525,9.05094611353741,0.26162269539889094,0.002642664668595397,1.128526562003165,8.368645906779637,-1.369121819953441,3673.216480351844,5.0,3022.2236222014863,5.500378958993339,13.531573699660445,Large,mass_loss,2
12,32.67853997794973,-80.7790335085745,965.2995064670321,-12.000457673227105,-0.12888421899967709,-0.1029715102737849,-1.3970431772403613,7.806322805957563,0.26508079058501566,-0.09923501749408903,-0.2212033888729468,-0.40381428882740755,-0.03801054472392761,0.2256637756574555,11.263398244470471,0.21468329684697662,0.0028365746573064095,1.128526562003165,3.794984846152721,1.2755919680984853,3673.216480351844,5.0,3148.808915184295,5.500378958993339,13.531573699660445,Large,wind_gust,2
12,32.37210179290801,-81.36794939564766,968.0233010540613,-12.654013986378837,-0.3724860184974515,0.30948693386149206,2.7737290412139077,3.700121263900489,0.24071266045045836,-0.08681609849389606,-0.2622254123861422,-0.38296238372609626,-0.038335347725195756,0.23604965736650332,11.397341416596365,0.14090696612655718,0.003512920792670063,1.128526562003165,9.494736125180822,-0.3023553467047325,3673.216480351844,5.0,3310.1840893817916,5.500378958993339,13.531573699660445,Large,drag_change,-2
12,32.87186535971203,-81.49903249973072,971.0150811768245,-12.361863400657539,-0.22388271416494135,0.45943681988662183,5.321047090527102,3.2691524570591146,0.27027872608267095,-0.10079506925840138,-0.17838630734545885,-0.3801313891669581,-0.03531794589652681,0.24005524409797233,11.444833690092514,0.13824769663301664,0.003010924942649547,1.128526562003165,5.467775882474639,0.8901234592227081,3673.216480351844,5.0,3150.2974269654155,5.500378958993339,13.531573699660445,Large,drag_change,2
43,12.164287561387155,-31.534780792573436,824.9429084952222,-10.726430359425418,-0.6862307564941572,-0.7675431349209044,6.660437489989209,2.2673592153374478,0.11971594187036619,-0.08177902754560765,-0.21206861726143791,-0.3163327706053612,-0.11639492087821353,0.30969612099644606,0.3529640492203817,0.15682489832644342,0.00013343365669845285,1.1392927622328457,4.340044916840043,1.8183824897361895,564.7906829856367,5.0,40.91473990577721,0.8360005572076084,5.530704421413781,Micro,thrust_var,10
43,13.184920758642004,-31.120030573045817,822.2304254772325,-10.538860312439626,0.2295081585463552,0.20725247095720054,11.24663395989404,10.219793812540939,0.17059515880215192,-0.036410968240533845,-0.11547436106603826,-0.3237854890414745,-0.12932341892671875,0.32538369978865056,0.3335396286404134,0.22963847427616277,0.00013677686646241364,1.1392927622328457,3.7499465392010105,0.05173302057659862,564.7906829856367,5.0,43.56802449109526,0.8360005572076084,5.530704421413781,Micro,drag_change,-3
43,12.321398652197306,-31.116053252443017,824.9930118387603,-10.963871415361751,-0.44448581315536045,-0.2485014818899191,-2.3247523835414934,2.155591837528462,0.10913513626095547,-0.04372302331740108,-0.08973685508880869,-0.3237709872164848,-0.13277566366898721,0.30737911703702925,0.3304347794213494,0.227717839924518,0.0001448801906854988,1.1392927622328457,6.715732517941294,-2.098467150475271,564.7906829856367,5.0,40.11504820242555,0.8360005572076084,5.530704421413781,Micro,thrust_var,10
43,12.660017738219285,-31.065556514220827,824.9115466300186,-10.224012948008768,0.042041341083011545,0.19520882726736938,-0.6149422876887576,1.6185507590022552,0.15488967018592903,-0.0868657278974353,-0.20187885229328295,-0.31153434011589426,-0.11908104214727046,0.3333252539132696,0.34854124389730246,0.150277878933642,0.00013482009689193413,1.1392927622328457,7.001336850974546,-4.243034658579648,564.7906829856367,5.0,40.88656228609447,0.8360005572076084,5.530704421413781,Micro,thrust_var,0
43,13.260029226672536,-31.4250233020138,822.2620550546907,-10.289439049145086,0.37759612961809585,0.2266325347273016,0.7945943739896694,1.7012441195812544,0.027754158780588956,-0.027248634061735937,-0.16050698876014122,-0.3155235646798671,-0.12141360649664983,0.3139633757851476,0.30141299806526345,0.20464134275232754,0.00011670878446212928,1.1392927622328457,6.02570866825447,-2.0564854482975443,564.7906829856367,5.0,38.934244127839264,0.8360005572076084,5.530704421413781,Micro,mass_loss,-3
43,12.318858908732157,-30.87575088555837,828.9511300518766,-10.50931607199296,0.14397984323968369,0.11952324724503369,0.6934771312996273,3.266254726706457,0.16004052992339898,-0.08822350705165508,-0.1037298315233879,-0.315929288869903,-0.12747313054911188,0.3430815109562054,0.3464373036555786,0.21274719207118747,0.00013702745328335558,1.1392927622328457,5.202537526482832,0.8973294100880309,564.7906829856367,5.0,39.17119535442547,0.8360005572076084,5.530704421413781,Micro,drag_change,7
43,12.310342123111031,-31.768869894474157,824.1769403127654,-10.345779501700516,-0.07708071920334496,-0.5588912761857571,0.8412666501828923,1.3655411564384388,0.15455879503279732,-0.06656465628915574,-0.1627322810127254,-0.3277498813585136,-0.11271546291228633,0.3134122322648861,0.30565192536852903,0.21966538042836836,0.00013751877923212102,1.1392927622328457,8.614932857310427,2.619018432104182,564.7906829856367,5.0,35.44656493455815,0.8360005572076084,5.530704421413779,Micro,mass_loss,-8
43,13.47278657998269,-32.08048854493594,824.6550669141288,-10.846110124477958,-0.1431618066553734,-0.2785932466395524,12.827811101021773,-1.2436968272387672,0.08999977536641024,-0.057761965291807334,-0.1314003280719859,-0.3193593006027538,-0.12118254967605395,0.328668249560462,0.33183007206192466,0.20888956358855829,0.00012605952920217062,1.1392927622328457,3.913652169514937,3.5039467809298523,564.7906829856367,5.0,40.71638816120647,0.8360005572076084,5.530704421413781,Micro,drag_change,-3
43,12.185218633632559,-31.393141883882894,825.0579005429854,-10.694964268666034,0.33669022119513464,-0.35537748189598267,3.9136789198341955,-2.0880830766572727,0.18388050261973937,-0.08561317543073502,-0.20432273327621517,-0.31185221524099765,-0.11921192817328698,0.31323592526521393,0.35790266173506813,0.19338683296651704,0.0001366482050305084,1.1392927622328457,6.1366735564547,-2.8119332609519403,564.7906829856367,5.0,40.904655870790194,0.8360005572076084,5.530704421413781,Micro,drag_change,2
43,13.123745035242687,-31.562954144441886,822.4496636710722,-10.646582067929344,0.23076139466674797,-0.48316596037381204,-1.7770445279023628,5.352913348378819,0.12768863186924473,-0.05102999191851828,-0.11521867192766255,-0.30902265481079905,-0.12802571408120747,0.31734555019569305,0.36422589806666655,0.24697347436419495,0.00013347916182554018,1.1392927622328457,5.355235443800394,0.5353673890677026,564.7906829856367,5.0,43.69444202950066,0.8360005572076084,5.530704421413781,Micro,wind_gust,2
53,16.932744074921416,-23.7148391867844,1139.7403205041717,-10.100200627903929,0.10700203261557847,-0.1026016774693976,-0.9277920173302341,3.900531575495412,0.1661543856167285,0.2915233668878376,0.1996291242967915,0.4066193566486749,-0.022560270302556234,-0.30534844588710286,4.818494685992616,0.11132540730806906,0.0008773250464485197,1.0345815231206164,-7.331288970482929,-0.016628424935996904,273.1859927272031,5.0,863.0787903812231,2.4251135623512616,5.0,Medium,thrust_var,17
53,17.463636705010202,-23.020543458567705,1139.6506113129456,-9.884387558592627,0.08054307153797986,-0.09385964307866759,-0.70885744805369,1.2792293434969213,0.1723647839146211,0.2133870348394496,0.20170538980256103,0.41869549803830525,-0.004604258302189793,-0.27946104848765935,4.9192800375199655,0.2962509645194639,0.0009053370227479371,1.0345815231206164,-9.427510939768217,2.3796983713984297,273.1859927272031,5.0,806.8073753658308,2.4251135623512616,5.0,Medium,thrust_var,7
53,17.627861570481272,-22.815701390951183,1141.2674878386267,-10.21085321871501,-0.15754341660546534,0.2864349290085004,3.080806152573974,5.179730701574275,0.23601088842942763,0.2389831386752048,0.33058101747017543,0.41619587519322093,-0.042377171944157604,-0.2916051699633377,5.016594568763164,0.2397624583683639,0.00093025631352486,1.0345815231206164,-6.775360698709754,1.1161987448134154,273.1859927272031,5.0,836.136810408118,2.4251135623512616,5.0,Medium,drag_change,7
53,20.050900054402163,-22.907343055821112,1138.9960471446425,-10.249803109323032,0.023949058497112954,-0.35355776034610115,-4.860134725826106,1.1811160845740687,0.12971593419791336,0.27380565087028624,0.2680693014795207,0.40429661286896457,-0.01771025787318664,-0.30324691133489834,4.768160823617544,0.12561596385979196,0.0010423650058732539,1.0345815231206164,-8.393684758394134,4.317682573262805,273.1859927272031,5.0,859.7162394179228,2.4251135623512616,5.0,Medium,mass_loss,-3
53,17.368840671956676,-22.77112399915071,1139.6331560941283,-9.753546241026905,-0.3610010530757826,0.5360371456319016,8.471769467728006,0.17718325023954815,0.15927638725354445,0.22431316135587864,0.2305282904599059,0.43365272831624285,-0.012769284847024156,-0.3046020320152462,5.623938640801073,0.17998069450099052,0.0011158417503090762,1.0345815231206164,-7.721747660686796,-0.29685775290129574,273.1859927272031,5.0,922.6566995521679,2.4251135623512616,5.0,Medium,drag_change,7
53,19.53307980759357,-22.784076175214416,1136.9989374053266,-9.623396218107843,-0.7273108761886063,0.038265457673485076,8.578627765273826,-7.840452043701229,0.16976958575429027,0.18573847280180705,0.2912013382656013,0.40663546055690697,-0.0018781024126744202,-0.2748929051707645,4.8070279555900495,0.12522036147489454,0.0010208921826389285,1.0345815231206164,-7.422072092206517,-0.14101064986193987,273.1859927272031,5.0,881.2741206263216,2.4251135623512616,5.0,Medium,drag_change,7
53,18.364644349464434,-23.007596107551976,1138.9120892001554,-10.0545708379015,-0.24662300848850136,-0.48508093121102347,7.019023664201759,-2.4586173212862463,0.18718330135085084,0.24932694587434304,0.2754017269118783,0.43415871750086343,-0.01022160825682873,-0.29035173292413385,4.848537883413932,0.12782057752936177,0.0008013886549805983,1.0345815231206164,-10.564990609394966,-4.18170959462623,273.1859927272031,5.0,927.6247136289796,2.4251135623512616,5.0,Medium,wind_gust,-2
53,19.03475433979108,-22.61555608160977,1136.6831016065285,-9.872029840637726,0.14947216969147822,0.323714950832995,-0.528445833352234,-7.610112955117025,0.16938980772473805,0.23165879055530805,0.21475820217040142,0.4160479441280533,-0.01419316293314115,-0.284821051528491,4.855032463025646,0.21799204148002527,0.0009002740219162097,1.0345815231206164,-9.376174848508604,-3.657718471284208,273.1859927272031,5.0,921.6781299382577,2.4251135623512616,5.0,Medium,drag_change,0
53,19.223402760854654,-22.8215030670902,1139.5376881628229,-10.095575315623083,0.3496414262307877,0.34538408252142955,5.211044032673588,1.4601898850003867,0.1940941336595208,0.31224493438264433,0.2674615342014857,0.4058997121318327,-0.008656605394250508,-0.2822011919815119,4.9642136022548335,0.24517201392006158,0.001044126183131122,1.0345815231206164,-9.805911239505136,-2.7135780567525556,273.1859927272031,5.0,905.9471426789244,2.4251135623512616,5.0,Medium,drag_change,7
53,17.991719427427334,-23.155926818016408,1136.680886843261,-9.816759993778492,0.5614039465417501,-0.4229446665034802,5.190262012086367,-0.22221732898848182,0.16159192766356054,0.26319829910655523,0.18046546386072884,0.41716918695058824,-0.014756897729189398,-0.2922182732045182,5.4393362269320775,0.1125020626169208,0.0009189013322824927,1.0345815231206164,-12.932767181696263,0.2618734366379446,273.1859927272031,5.0,858.3658648154003,2.4251135623512616,5.0,Medium,drag_change,0
10,10.28899252329483,-75.51432483900348,650.3554086956198,-10.912566814510532,-0.13268516878849734,-0.128685317906695,-4.495243369206158,-0.22470038051557864,-0.26943663093824705,0.030503486699696634,0.11366576084689989,0.10966464376835999,-0.3279832357689084,0.3719771574278195,80.15565983321605,0.16502344058727575,0.008579072492156274,0.9900296543881282,8.503410097770075,-0.8526050363585062,2840.7751349401155,5.0,7737.707562560794,5.376550606094138,37.50108580181871,Heavy,wind_gust,0
10,10.070441901307008,-74.64445909899801,648.2379824559383,-11.159394112977713,0.3583068623054898,-0.18060633506627624,-6.348671680534218,-4.577468713663816,-0.21319183961389482,-0.07963846591463958,0.05292216576594381,0.09225297382422609,-0.31987792630887896,0.3930712481666872,84.072920920651,0.18861235488694705,0.008415322014956593,0.9900296543881282,11.875375337662053,-2.046487380454483,2840.7751349401155,5.0,7945.73626403799,5.376550606094138,37.50108580181871,Heavy,drag_change,4
10,10.152213059295011,-76.1632676726971,648.3187245055072,-10.978530036030932,0.08791505664553258,-0.29290552531747854,5.640683735609673,5.229017256839956,-0.16066836701578596,-0.023885075701698552,0.1414443777454003,0.09396748730630738,-0.33683856279037716,0.38424999623386524,80.92074907059018,0.16579711797093044,0.009388045565910276,0.9900296543881282,8.999569507690936,4.04434971765721,2840.7751349401155,5.0,8096.913029411965,5.376550606094138,37.50108580181871,Heavy,thrust_var,0
10,10.383450002805866,-74.6855397576526,647.5448969228546,-11.22902898023907,0.2867609383709722,-0.14799742792129733,6.373022607961801,-11.25676622431255,-0.09894878914735464,0.021074535620926014,0.0841714143903777,0.07940062889971841,-0.3429089001126019,0.36543576133511513,82.49821737202318,0.15690139380933102,0.007788703630238408,0.9900296543881282,10.928183429826714,1.992590644876087,2840.7751349401155,5.0,8984.544408886317,5.376550606094138,37.50108580181871,Heavy,wind_gust,0
10,10.461975755062483,-75.47916526355927,649.8348112468977,-11.104763340030274,-0.15456108880729266,0.2236229276086732,1.9455747717225802,2.1552281916266964,-0.0993672386370334,0.023702783747932592,0.0887326849945173,0.0926874945991561,-0.3363949743254429,0.3677510716600219,73.28697284920537,0.13919520475129002,0.010441750957423616,0.9900296543881282,13.541980670610315,0.11046499702608728,2840.7751349401155,5.0,7810.859050026875,5.376550606094138,37.50108580181871,Heavy,wind_gust,0
10,10.993637743086897,-75.17156312741852,651.202528842092,-10.629282998696018,0.36859035571011406,-0.21719521472710393,2.3977396679109892,3.372477661736999,-0.22281628047341864,0.03556255321486282,0.0891349891134989,0.10312337114144973,-0.31855931237882285,0.37662771438816844,86.88071097292217,0.32091398095812723,0.009814950655091373,0.9900296543881282,12.387042059333602,4.737056822782984,2840.7751349401155,5.0,7845.271773354655,5.376550606094138,37.50108580181871,Heavy,wind_gust,0
10,10.683070123276064,-75.85555364221183,646.983164706744,-10.873431037990194,0.2676306121340997,0.26291135695020706,-1.9042588563822647,5.320416363627682,-0.09633900476929319,-0.04190754123453247,0.12914773730943188,0.07409886490743955,-0.342175141458365,0.373260110071003,75.64642074385316,0.30196010223612246,0.010383083112289214,0.9900296543881282,12.404088768937731,-0.0580528123211742,2840.7751349401155,5.0,7689.192941234002,5.376550606094138,37.50108580181871,Heavy,wind_gust,0
10,10.810638569553547,-75.84336886487256,646.3658582576198,-10.79297027353367,0.028022998269355053,-0.057223257178562054,2.5299593265444553,-0.974704119995931,-0.12113404455101641,-0.0025682025145687126,0.11331455725858441,0.0899875456108619,-0.3484748243636002,0.3803770624271965,72.1347663923553,0.18660444996984515,0.010660139267838953,0.9900296543881282,8.737738795808593,-0.9223027702758159,2840.7751349401155,5.0,7530.950803904052,5.376550606094138,37.50108580181871,Heavy,wind_gust,0
10,10.578746894564322,-75.36849489982428,647.9888733911074,-10.738476751754217,-0.43674548554517756,0.31065564103829524,-2.222869930185375,-6.845206696521514,-0.23981703387389042,-0.04142008081285861,0.048961506897612535,0.10392863891642116,-0.33237102806520996,0.3816986033579188,78.52928910238367,0.2358539514532849,0.009806123803229424,0.9900296543881282,9.953672462007386,-2.081262659377135,2840.7751349401155,5.0,8122.71819182922,5.376550606094138,37.50108580181871,Heavy,drag_change,4
10,10.710694717736448,-76.05229542237556,647.2508307136851,-10.713050818162428,-0.5565044570856241,-0.5336520270807433,-0.16770093005029635,2.3261678336899694,-0.1960781827332257,0.07536766495965941,0.06858383442562774,0.09369596073505869,-0.32999812570719933,0.37276701793859957,79.16478490007623,0.19131277473314387,0.008517636129058712,0.9900296543881282,11.849588334040904,1.9582970940754498,2840.7751349401155,5.0,7904.376151385213,5.376550606094138,37.50108580181871,Heavy,thrust_var,0
109,9.643338604157387,-89.44028302356242,602.352944448847,-11.70979813013947,0.07230701645263529,0.07432624770279145,-1.6442375920869925,-1.4470807895978983,0.08871676901533004,0.30253500898887586,0.2936570387029922,0.440278525418795,0.17182035295204395,0.01527960847697123,7.0669945891007915,0.17748755098844732,0.0008747554192592845,1.0596699068996558,-2.6150145894399923,1.2047182060759014,4255.874458591048,5.0,614.488989400769,4.618473237103576,61.059314869571324,Medium,wind_gust,0
109,9.434089726057328,-89.33683404621004,604.4761601839813,-11.854585019299684,-0.08544956857559163,-0.17541342111441185,-3.6471555169991134,-3.548558133343658,0.016301688759781136,0.31775352167280935,0.20556021446195827,0.43401433867831546,0.17298324438084592,0.013192217492118345,7.3033329054698894,0.1843891290457014,0.0010425774940642225,1.0596699068996558,2.0841108904228416,-2.200345821809872,4255.874458591048,5.0,645.1161343992175,4.618473237103576,61.059314869571324,Medium,wind_gust,-4
109,9.62412899536629,-89.46496631070303,600.2423549312401,-10.690848368755669,-0.14267042129695456,0.7890856229408261,-4.711489194753097,-5.2877795273538,0.09719326454211537,0.28518871120606665,0.29860825529353613,0.4255830270772258,0.17277156981836395,0.03733940610037699,7.022223713036377,0.24451545810127948,0.0007968661126488965,1.0596699068996558,-4.281414614047186,1.9322542006749188,4255.874458591048,5.0,630.1620949521665,4.618473237103576,61.059314869571324,Medium,drag_change,2
109,9.611424648138097,-89.01222422564318,603.6285690927227,-11.250395241724595,0.07013528890096764,-0.5416899874867634,-3.8370163608389873,1.86667769351636,0.1379768804161769,0.21273528064924016,0.23288538036117096,0.4194528130610649,0.19070139999937313,0.02981719601363942,7.387441020261967,0.22034030938154453,0.0011356910508104352,1.0596699068996558,-2.6660128871468176,-1.8263231126533173,4255.874458591048,5.0,668.5651077458989,4.618473237103576,61.059314869571324,Medium,drag_change,-2
109,9.100530437716252,-90.50131673180903,603.4874264477468,-10.987285325102818,-0.015925478420989476,-0.08671154639136142,0.48277267673120156,11.95230228576014,0.06760648763587154,0.2894293528112276,0.21502042575400077,0.42965575144872464,0.19023039808276482,0.007654897051349221,7.421248123074638,0.18291150985813304,0.0009086297808426763,1.0596699068996558,-1.8919961608726465,-4.50261858480628,4255.874458591048,5.0,601.5352643246594,4.618473237103576,61.059314869571324,Medium,wind_gust,0
109,9.92150733211672,-89.22513934763171,598.7242423774019,-11.943981234783966,0.6138844968867239,-0.15186261526617098,2.2653861337619707,1.6839822613922095,-0.025395702471577686,0.20615758782415655,0.2712587994603227,0.42608477126426453,0.17232732332398726,0.006638883532893453,6.853516345353181,0.17366304045590453,0.0008002974609873539,1.0596699068996558,1.2871271164230706,-2.777182461552542,4255.874458591048,5.0,629.395404821388,4.618473237103576,61.059314869571324,Medium,drag_change,2
109,9.262753118213174,-89.10953020763817,602.9121994789023,-11.262688838690034,-0.22290894637982914,0.09170314371869452,-1.8059486191145548,-0.028068202754268686,0.05246848454695745,0.23327916815272257,0.2500693041140394,0.44242053013309124,0.17450248291851703,0.03318133154868716,6.693869119028726,0.12518988930362246,0.0009247139207594254,1.0596699068996558,-1.0346196984541018,3.247539053897131,4255.874458591048,5.0,628.9696555301,4.618473237103576,61.059314869571324,Medium,wind_gust,0
109,10.419220147631316,-89.27854313805756,606.7671527008259,-11.283814706816665,-0.01907501847646541,-0.30580844609569946,1.0075983557437191,-0.30434586108115214,0.07632509822893709,0.22980498261988358,0.13230258897555652,0.44807113567316537,0.17560375697366237,0.0045372475310217954,7.3265089177045715,0.1572081915696736,0.0010383274301858027,1.0596699068996558,0.707322016507538,2.0392729813386357,4255.874458591048,5.0,629.7607665938259,4.618473237103576,61.059314869571324,Medium,thrust_var,20
109,9.15214842419136,-90.18276463510207,600.5020470621824,-11.552270259297446,-0.38335264446803224,-0.20307149364478003,-5.029156371450832,2.56097462463376,0.1007576460395734,0.21168888593227514,0.21784256732645588,0.44141791333929,0.17255910528346693,0.012725819962703472,6.678710105209347,0.2652697306855988,0.0008237067325673246,1.0596699068996558,-1.6870242706870568,-1.7706514753619889,4255.874458591048,5.0,639.4861013255927,4.618473237103576,61.059314869571324,Medium,wind_gust,0
109,9.938446694754242,-90.27289328876198,604.2217595609766,-11.636867444346628,-0.13172311845890905,0.09577353390375588,1.6332254969328022,0.5337698285805119,0.15451629864507355,0.3259762781987008,0.32454183693444183,0.43370205938974415,0.17716909682739831,0.03246258682877402,6.9210544292169605,0.17851222937737735,0.000985114986168583,1.0596699068996558,-1.0945720196746958,-0.5728079507004208,4255.874458591048,5.0,605.1893364413144,4.618473237103576,61.059314869571324,Medium,thrust_var,11
51,14.278255819729926,-63.1068894889561,590.8365523641633,-11.191374077028515,0.2665445447026153,-0.2618204460327833,-0.4670909807503737,-3.852106256733902,-0.03975873713082577,-0.12337774953775854,-0.23542405072435385,0.1771159930072581,0.05268811002033612,0.15315259552928323,6.304516314804955,0.24541091622567618,0.001264765545414889,1.1400373417422165,-3.7020862439259554,0.5460942317280655,2264.028472965278,5.0,775.5581859680998,2.2960167980800246,18.754043114046492,Medium,thrust_var,9
51,15.339148960726643,-62.33869720104255,592.1937554179983,-11.124195943175168,0.03445483742457507,0.49796913027821466,13.822244988926935,2.3154818287117966,0.014372749992809877,-0.12552692939207477,-0.2681397210724012,0.19225135109089106,0.051396834569382155,0.15096666343012097,6.168118717884213,0.12396518063114316,0.0011887262033246238,1.1400373417422165,-4.156435546674662,-1.4755354613082021,2264.028472965278,5.0,809.4748183344465,2.2960167980800246,18.754043114046492,Medium,wind_gust,0
51,13.29750990063141,-62.69014995317676,588.3319248720603,-10.840242317220941,-0.39657524598589544,-0.6410286563724538,-5.143791299182504,-6.440601800144449,-0.07706541933714403,-0.1672887626498453,-0.26081759177613356,0.19443466072418952,0.03768995733291254,0.1502885774613099,5.851223493180901,0.15461202034432842,0.0012516149012554655,1.1400373417422165,-1.7728636640974123,3.1749096567062844,2264.028472965278,5.0,852.5514563928884,2.2960167980800246,18.754043114046492,Medium,wind_gust,0
51,14.245196765789215,-63.44275709566465,594.2606299597239,-11.117146597394003,0.30893502659342537,0.12343584756030446,2.3831335187172376,-0.0684718495359227,-0.034004748433772734,-0.09681401692174295,-0.23661703709467807,0.17880421857961415,0.05126025065484873,0.16252419221742673,6.002693760958717,0.2775705884960299,0.0010547509543193923,1.1400373417422165,-6.381414891344264,-0.68594513109232,2264.028472965278,5.0,808.555460739546,2.2960167980800246,18.754043114046492,Medium,mass_loss,0
51,15.578405495110982,-62.80345062194382,591.1188963114091,-11.307445750348776,-0.5899209923652865,0.37968126567200766,1.9706093023742466,-1.201364160468401,0.015323601809815353,-0.17366880296902257,-0.36938381856047775,0.19074404384612992,0.0527240600765877,0.1441360745799919,6.254747690585801,0.16934565209826086,0.0013119105741540443,1.1400373417422165,-2.173977869520165,-1.6243764602543327,2264.028472965278,5.0,883.8995003759966,2.2960167980800246,18.754043114046492,Medium,thrust_var,0
51,14.066060171960594,-63.091628513365144,593.6897910401477,-10.685344699286972,-0.5101483315879175,0.009073448302394664,1.364565925830181,-7.537650130957232,0.027724611273152795,-0.15599921387123697,-0.25962138357861947,0.17143728288404547,0.04544524807586713,0.1558051385225322,6.30767647483409,0.17430320495184734,0.001059304597048989,1.1400373417422165,-4.141360762874939,0.0975947567612588,2264.028472965278,5.0,896.7597023873027,2.2960167980800246,18.754043114046492,Medium,wind_gust,0
51,14.134216048981044,-63.788718515129005,595.4634181021846,-10.849948269164623,0.21041220350475145,0.19510048281392006,-4.036591425893333,0.17794408508654197,-0.06467082773867255,-0.027104663137954538,-0.32556422279620933,0.17200688684853713,0.05735274570040884,0.1463752830708646,6.457054609573425,0.19592344274199539,0.0010312505064147479,1.1400373417422165,-5.959078497902841,1.7252074050748838,2264.028472965278,5.0,867.6988973319505,2.2960167980800246,18.754043114046492,Medium,wind_gust,0
51,15.69088274998078,-63.82069372515421,591.7296686013759,-10.919175062073437,-0.10792475078053225,0.08333475795131616,-1.8179716746318961,2.2387962283864518,0.0001131314690921096,-0.05096577991243048,-0.3382584408790328,0.18262207726667146,0.037108321651630805,0.14866852018966228,6.225207252465253,0.18257412670200915,0.0010496698926339906,1.1400373417422165,-3.153395962552699,-0.7462637248824947,2264.028472965278,5.0,857.0133648912268,2.2960167980800246,18.754043114046492,Medium,thrust_var,14
51,14.109786159050678,-62.72555449701684,589.5186413111961,-11.13656364823228,-0.7259659636332076,0.4109683225028377,1.5845089407451451,2.8648130970077386,0.02706804125460402,-0.13793915153492659,-0.2204861427584138,0.19426727712681555,0.040958784296567526,0.130811338424471,6.003422013348644,0.23094451202815147,0.0009938306895251928,1.1400373417422165,-4.707981215015927,5.001682793003671,2264.028472965278,5.0,902.7594353017139,2.2960167980800246,18.754043114046492,Medium,thrust_var,8
51,12.674423008224945,-61.947100228204576,590.5433701717034,-11.318101338672133,-0.01800487169209201,0.11556162985205412,-0.0013160063342152755,-0.6669759441863363,0.05304095852005382,-0.13353254375440313,-0.3172695560819074,0.18801955121082206,0.046557451673887036,0.14197016170282062,5.456963247740641,0.192121369938848,0.001083051162423113,1.1400373417422165,-5.079978411992739,-4.8562361139047985,2264.028472965278,5.0,699.5795605685782,2.2960167980800246,18.75404311404649,Medium,mass_loss,-2
70,18.27333399835055,-73.74074203197111,1121.8946020575697,-11.537624993509755,0.22810756597757234,0.0511449507588725,1.9887869648821979,4.651491775381228,0.07760483765051758,0.006402554533168847,-0.01668691589455211,-0.26452526963734796,-0.11131369325545878,0.47400308042007283,3.9166194967283543,0.23286719326469676,0.0010738661815559573,1.0309992391016396,7.792389263236522,-3.1001047716891588,2795.397714394864,5.0,703.2336589900689,3.6674413293451673,21.2120776872469,Medium,wind_gust,-7
70,18.408478182373244,-73.6794432220146,1123.0614507810953,-11.202509303110519,0.3077075368107722,0.35347260516776985,-7.000701935370765,4.893137967925637,0.06189720247959732,0.06978408110049109,-0.024452208027860904,-0.2616164321482287,-0.10731210717527784,0.491027388786881,4.334754070137972,0.16844984955448417,0.001010264958070777,1.0309992391016396,5.294857860863982,-0.6189254305657212,2795.397714394864,5.0,661.8901602856308,3.6674413293451673,21.2120776872469,Medium,drag_change,0
70,18.80060130342108,-73.36519182851549,1123.7354248297402,-11.371629623823239,-0.05579350412499141,-0.07457300020533351,1.6861945625048862,3.209017259212529,0.039994980313187926,0.010519357591557386,0.020222700253559465,-0.26831922973021183,-0.13060453884265077,0.4685528661232118,4.185494073822334,0.1585263100561148,0.0010525717622079755,1.0309992391016396,3.0217774921400156,0.2663715449900145,2795.397714394864,5.0,660.2939209782196,3.6674413293451673,21.2120776872469,Medium,wind_gust,-7
70,18.815037319433884,-73.51412736717293,1122.668822799175,-11.537188395645991,0.15825067918551963,-0.34581661479834075,-4.774665944423865,-8.362041800154712,0.17652771484813187,0.04774194593903112,-0.048289858438875496,-0.26907173745040175,-0.1212164814152891,0.48811410245918313,4.200742693329572,0.1796855749044482,0.0010215873658879387,1.0309992391016396,9.238923060569537,-3.666816314701032,2795.397714394864,5.0,634.7197296857875,3.6674413293451673,21.2120776872469,Medium,thrust_var,0
70,17.084882201881793,-73.90512233610241,1121.5099922553507,-11.110698150375079,0.13000820727284998,-0.026419436352354466,3.824985969639592,-0.4767002111331733,0.0018024495562468865,-0.030133381722926955,0.0316354159883564,-0.2909102531509949,-0.13128249983010248,0.49495189655323907,3.8499770873120576,0.2729588173838041,0.0009440740813650879,1.0309992391016396,6.111865388200572,-0.3528872634483235,2795.397714394864,5.0,646.1089418806837,3.6674413293451673,21.2120776872469,Medium,mass_loss,-7
70,17.218248263590638,-74.33758407658462,1122.317759186079,-11.226281932752846,-0.23644206288289293,-0.09141401360079045,-1.6620820953858308,7.943845128730659,0.0495297193600639,0.16300577244357614,-0.038435682569539734,-0.27280260501100845,-0.10469529788693185,0.46469355813295865,4.285010122758172,0.19536205562523623,0.0010204988857027677,1.0309992391016396,3.9019681863106417,1.1798630285426648,2795.397714394864,5.0,610.8907214952708,3.6674413293451673,21.2120776872469,Medium,thrust_var,10
70,18.727830061381802,-74.10689054313534,1124.1214536696177,-11.288464747888693,0.08124458491487885,-0.17701301138320916,1.7640400016656614,0.6748714427543205,-0.031388004579699876,0.002026607153926538,-0.04485142814825829,-0.2762032335935597,-0.10366806560110443,0.4899759554624836,3.963502054917648,0.17546150879984804,0.0009581703091476122,1.0309992391016396,3.996915165857753,-2.150658809439199,2795.397714394864,5.0,645.6377482800555,3.6674413293451673,21.2120776872469,Medium,thrust_var,0
70,16.658104045445693,-74.16036536765597,1125.2399657890412,-11.122546792323172,0.11246919166093093,0.018075507613985197,3.0293796738642236,-1.9622667736867827,0.045464196219822596,0.02996708647789101,-0.012193006524851155,-0.26579846143841396,-0.11396459711871866,0.4862312072345974,4.266500740255179,0.18988008557192015,0.0009860516947539975,1.0309992391016396,0.9303512427609246,-1.7026901858372274,2795.397714394864,5.0,702.1666205193005,3.6674413293451673,21.2120776872469,Medium,thrust_var,10
70,18.812942041220023,-73.07154498926523,1120.9542552440737,-11.767641260428341,-0.18858684496888653,0.05054537149957726,-3.7151531300588085,-8.125551313456494,-0.019260690072809554,0.20048061633792558,-0.028770638923790188,-0.25065193800826735,-0.11854349957217121,0.4978320425570032,3.6422558970867875,0.20036563895711826,0.0010876207240889128,1.0309992391016396,3.7681324441810236,-2.388301616612402,2795.397714394864,5.0,574.5815767729738,3.6674413293451673,21.2120776872469,Medium,mass_loss,-10
70,14.8004389402338,-73.06783337748834,1122.8580650614479,-11.122394615110327,-0.15404936854596954,-0.4818219336835311,0.9213569332194155,0.8609495479856999,0.03463291013273581,0.06441304572782179,-0.04168715784762072,-0.26666188716866895,-0.1115084939374179,0.5066615858745458,4.281968646730239,0.13804036170730033,0.000969749944641052,1.0309992391016396,2.86208917725332,2.7419156403578944,2795.397714394864,5.0,656.5328844698537,3.6674413293451673,21.2120776872469,Medium,thrust_var,10
41,21.552694928793,-88.7860735686523,1040.4062907921566,-14.506673190100656,0.1143643097910173,-0.017248281889227134,5.742728582596076,-7.316349419084956,-0.15782531660946889,-0.27887603476730916,0.06355353463331512,-0.2631345000633145,-0.4661739244055599,-0.10141197049075037,0.8368599193833998,0.11063875761541134,0.0004540880029888495,0.915252348339495,6.5996332514210705,-2.5997745025875747,3601.523982296932,5.0,134.8171437094528,1.9486139331138141,25.95284871925841,Small,thrust_var,0
41,21.691748821774517,-88.97745375803794,1036.80808834225,-15.354996181405618,0.0489136419605668,0.35560486412267883,3.1826223160850544,0.7454364669425002,-0.17286423605419626,-0.21579194698370618,0.0038445800924733625,-0.2573289260625177,-0.4799720863036961,-0.09762477763204594,0.7665880229725412,0.14321487101810465,0.00045569178802300865,0.915252348339495,4.729664558532462,-1.0093844306867676,3601.523982296932,5.0,146.87041124358066,1.9486139331138141,25.95284871925841,Small,mass_loss,-1
41,19.443537002915857,-88.9342042323438,1041.8086026666788,-15.32152829255353,-0.24253786707627742,-0.5193229060002543,-1.669065253098625,-7.242338377141549,-0.15567667500873641,-0.23761596642969482,-0.08109112011294076,-0.2474848169667384,-0.4440739718862074,-0.09514449904773717,0.7949573503754593,0.21146078039515978,0.00030722783815600866,0.915252348339495,6.374056577050047,-1.2642965147234393,3601.523982296932,5.0,130.9675085043594,1.9486139331138141,25.952848719258412,Small,mass_loss,-8
41,20.183518002273832,-88.80517701640825,1039.1637487676023,-14.59292404451527,-0.32747554595316036,0.031072956532520395,-12.539130180275336,-1.357659583611977,-0.11285161682231966,-0.2528619190049379,0.032402359897453076,-0.2694073534000296,-0.474044240695647,-0.08799686385337285,0.7671654358939577,0.21464826469315468,0.00039326597667023233,0.915252348339495,5.180642876985472,0.31137051391525705,3601.523982296932,5.0,147.96443040069636,1.9486139331138141,25.95284871925841,Small,thrust_var,9
41,21.927951602480945,-88.97289145092346,1038.862343084402,-14.65487074576964,0.26499681403625325,1.0433467662850413,-6.787874348784781,7.470895924314704,-0.19861259513999655,-0.24656289877725482,0.030710210452718587,-0.26349719693187307,-0.4529418523170764,-0.1124169035081454,0.6890197146191156,0.2966912844260593,0.0003265654105900695,0.915252348339495,8.89435217902469,2.7894965712117843,3601.523982296932,5.0,164.0264348403697,1.9486139331138141,25.95284871925841,Small,wind_gust,2
41,21.21728521009601,-88.84074477451887,1039.2757757407358,-16.160532482101196,-0.5550809085291775,0.3106312439048472,0.910893693720553,-3.6601996577880462,-0.1664248657597465,-0.23986255724358357,0.09848397137709242,-0.25740270794864434,-0.4769286031399838,-0.11054532906275163,0.819610996159944,0.20671817532272563,0.00040126298536151335,0.915252348339495,6.597588333069414,-1.2946799797730089,3601.523982296932,5.0,159.17597860272878,1.9486139331138141,25.95284871925841,Small,drag_change,-1
41,23.281536186998117,-88.41799030303993,1038.30194641153,-13.982164792206156,0.26638833232757125,0.11809863438212766,1.329823206361038,-2.3447641397178174,-0.14998258928622735,-0.306157116538525,-0.006340817579143374,-0.2462290693922878,-0.45673036389523525,-0.09900333219660773,0.765268594122148,0.3007073300882473,0.0003577463172512566,0.915252348339495,4.968312837485346,0.347804258030147,3601.523982296932,5.0,151.02657965804812,1.9486139331138141,25.95284871925841,Small,drag_change,2
41,19.615293827304658,-88.69904230555471,1039.3509739380381,-14.997078946693982,0.2277409867027679,-0.24534263914330615,-7.554728836700354,0.38066776919889156,-0.17059576130180548,-0.2166058922977067,-0.014671751749951917,-0.270369423834904,-0.45416575211461907,-0.09330086768604638,0.7707478544787877,0.10246515527899464,0.00034661709637887007,0.915252348339495,7.1988400553831005,-1.2638634367088835,3601.523982296932,5.0,149.71297194930543,1.9486139331138141,25.95284871925841,Small,wind_gust,2
41,19.996428885081528,-89.25435995947086,1035.7289187700032,-14.971457899232293,0.16132965734842644,0.2762925632765536,-1.8862391677134691,5.4820779230791,-0.1460972374630218,-0.09015007707432254,-0.06806392998427516,-0.266303951400855,-0.4633281927453639,-0.07923569836722663,0.7505915817067673,0.15169913138928431,0.00038360202440566003,0.915252348339495,4.437801184129616,-0.4970013045522491,3601.523982296932,5.0,142.52790018515478,1.9486139331138141,25.95284871925841,Small,thrust_var,9
41,20.972251984150926,-88.68929358523394,1036.3517780920731,-15.564407091816078,-0.03898325249956372,-0.03973407043397641,6.924194878486565,-4.444706498623151,-0.16886212655821034,-0.20806684394821084,0.011973007141307931,-0.26138575882232234,-0.47126328418042535,-0.09839365686341005,0.814783632826405,0.2683508441121825,0.00044468666710129306,0.915252348339495,7.223241078574811,2.3984751132184776,3601.523982296932,5.0,149.5932039950505,1.9486139331138141,25.95284871925841,Small,drag_change,-6
50,17.912261493818576,-36.162841729854165,1005.2949773507526,-10.065201933514194,-0.33399710986918546,-0.3761523260954001,6.937412947396159,2.0685497566532063,0.2867489408316902,0.03978196202400489,0.26608546897660246,-0.4799115404560292,-0.1797178998098814,0.3606793196171605,0.481340868840952,0.247981356475358,0.0001561559146656174,0.9900094078665711,12.428504428328779,2.7245712061520213,653.8209204697381,5.0,86.3575421763596,1.4025804949163438,5.0,Micro,wind_gust,0
50,20.331043694693975,-36.877626196303005,1004.629215217323,-10.221040655638161,0.10615500047651412,-0.053815441895114315,0.14010450363395535,4.393861892914024,0.22701514039226178,0.050052489027465424,0.2740799866674076,-0.5077880128113831,-0.18444394087412114,0.3367405962918848,0.5258879198093351,0.185094217118577,0.00014337319308271363,0.9900094078665711,13.871755183111853,-1.6749694506208563,653.8209204697381,5.0,94.83595188397697,1.4025804949163438,5.0,Micro,thrust_var,0
50,18.7110557238699,-35.622158719435525,1010.9272773029871,-10.096125096286597,0.39556106317951206,-0.4282562212909126,-1.7590131009382999,1.5548556962057136,0.2023962204461041,0.03247639848233637,0.3021569676432494,-0.48959638726611615,-0.16531618327287415,0.3301656648659637,0.4634954761607185,0.3049072333091019,0.00013710781390586764,0.9900094078665711,8.234186580539898,0.7992997898392628,653.8209204697381,5.0,83.96294278206322,1.4025804949163438,5.0,Micro,drag_change,-10
50,18.27854588248344,-36.11951417118735,1008.7571443026424,-10.244835482540934,-0.01691761696992454,0.03858271084856547,-11.385515100812256,-4.371188186686517,0.2042925304594218,0.11936024017679872,0.27805926612232035,-0.4954763912499317,-0.16436861178252285,0.31713333450355724,0.5204786571590306,0.2005897209864718,0.0001299469819030131,0.9900094078665711,10.965975035644165,-0.9963217655516129,653.8209204697381,5.0,95.38758854033128,1.4025804949163438,5.0,Micro,wind_gust,0
50,18.991124653849095,-35.940654821741035,1008.0307118085142,-10.009743442106336,-0.04637016854590554,-0.38842094753481027,7.6126651917074994,1.8271355685491977,0.20262168843191744,0.04386974320019987,0.22865140021369199,-0.48567764419125403,-0.20374678838532392,0.3401609899261144,0.4443443802469327,0.10573306072631194,0.00014633255998750558,0.9900094078665711,9.613519902162661,1.3945290903211291,653.8209204697381,5.0,93.00984323179915,1.4025804949163438,5.0,Micro,wind_gust,0
50,23.202178919282808,-36.27215051568581,1008.8884199682369,-10.56201079859201,-0.43937077978848355,-0.027584687301909695,1.6808566615582,3.5105706958837612,0.26182730208455024,0.004687420976987669,0.14490483398271362,-0.4965920895134717,-0.18826471532973488,0.32475231222410406,0.5062255785540472,0.12122116254100058,0.00014923402411670775,0.9900094078665711,9.214244022297406,0.26817737116666196,653.8209204697381,5.0,92.87600549089082,1.4025804949163438,5.0,Micro,drag_change,0
50,17.872675002756623,-37.194885116511344,1009.1610012705653,-10.003416727923089,0.036156179956261685,0.0381296634050561,-5.236059608270547,-10.722368650141949,0.20122371131734054,0.09619857764904005,0.1915026231416735,-0.5041083886327272,-0.19858674571206822,0.32832591356372975,0.5138062181576022,0.16970371547004484,0.000153414224807617,0.9900094078665711,10.872460484143245,2.8824175985477547,653.8209204697381,5.0,90.28093344419784,1.4025804949163438,5.0,Micro,wind_gust,-5
50,18.5942808442779,-36.55849788263141,1008.0733346722101,-10.085763675344879,0.007073493626376003,-0.42145293617729696,6.032893079709931,1.9255471325425186,0.26400117800135947,0.10766080485305042,0.2690479195670452,-0.5009539009299199,-0.1794592379457204,0.3436073157289472,0.4634066402140698,0.24055097329126748,0.00014197377484201595,0.9900094078665711,10.04334496648283,-1.2583496187366177,653.8209204697381,5.0,88.70369519487453,1.4025804949163438,5.0,Micro,mass_loss,-7
50,20.64511926170213,-36.197977796745185,1006.0580854990651,-9.998419242250652,0.20422450282408475,0.1827718236479598,-3.9662232706883405,4.2690449847644425,0.2589820767592173,0.005902796344967397,0.2845187711410275,-0.4860711561711243,-0.17724329739857392,0.3193787283715362,0.4958100485833054,0.18180989914796827,0.0001140659630056687,0.9900094078665711,13.333182020039281,1.3660382463661491,653.8209204697381,5.0,88.59364268915577,1.4025804949163438,5.0,Micro,wind_gust,-7
50,20.179355449055567,-36.12813045011543,1009.3696094001403,-10.605137956016762,0.033842216376438854,0.029862474568724415,-2.8800584311919057,-1.5467458600079218,0.13089079948286358,0.009120884629144822,0.31621947901208053,-0.4782778970032961,-0.19235877547660132,0.33920651601498625,0.4717360700504615,0.1739892487052623,0.00015006726515351973,0.9900094078665711,11.966940581172048,2.380803976850698,653.8209204697381,5.0,76.3933315989723,1.4025804949163438,5.0,Micro,mass_loss,-5
50,12.461171037451162,-29.478284787623124,952.8991418315758,-10.335411197618388,-0.26417624520575017,-0.07520915638697526,-0.06399334935542034,1.8879346068760208,0.18480583788760685,-0.20507258168183845,0.25387807518813005,0.21948763426610213,-0.18697451615748675,0.14161520231164398,0.31296614354509805,0.2690472496289405,0.0001415433223095552,1.0839564194423426,20.100003031648885,-1.9578188933121103,470.1585630316552,5.0,37.16328731463538,0.8404617828480487,5.23591109403652,Micro,mass_loss,0
50,11.537026617065886,-29.42359240556117,947.9203725836456,-10.43152677115005,-0.2479505941606756,-0.03569858157578343,-1.5584490415378125,-1.0338113466616212,0.29410195155548247,-0.2253092048987006,0.16182329226701891,0.23218062354666055,-0.1664836398615365,0.1542208701129909,0.3121931492805104,0.230544520857907,0.00012749833622956733,1.0839564194423426,19.628324068714107,3.0344127197445663,470.1585630316552,5.0,36.74264721423395,0.8404617828480487,5.235911094036519,Micro,mass_loss,-5
50,12.003766179438875,-29.97086290107386,951.3603648896427,-10.602195614970652,-0.051251407684944,0.04503539020794687,-1.6732357931697428,-2.252322499364271,0.17588160593358665,-0.15848119598929328,0.1570798598669634,0.22419462012571664,-0.19094434921162762,0.14934505334959686,0.3544907777563635,0.22016724838392704,0.00015882507849307722,1.0839564194423426,22.326196519989743,-3.22008519875186,470.1585630316552,5.0,38.615924930300224,0.8404617828480487,5.23591109403652,Micro,drag_change,3
50,11.846997325016357,-30.072005841999765,950.6856232181148,-10.255200212163912,-0.06696230949830922,-0.030390348403127744,-0.10096130355881007,3.4404570284215534,0.22447707676947815,-0.17034705179521928,0.14564025044257067,0.20776542468160025,-0.17543946117862713,0.13778752351208776,0.37203260027152474,0.1465946735241216,0.00014434862560897864,1.0839564194423426,21.835875957743852,0.986544315207669,470.1585630316552,5.0,37.67379667773564,0.8404617828480487,5.23591109403652,Micro,wind_gust,5
50,11.073553334830212,-28.551289564165643,952.3622717268616,-10.339422338593794,0.1589632819170757,0.45172466473400763,-0.2168304977416813,-1.3328450568567287,0.27175436197365965,-0.18910775404161936,0.27598121207683973,0.239381883877545,-0.18985778045968524,0.14807978239916797,0.3936157266777174,0.1804850428095977,0.00016103942058888162,1.0839564194423426,21.97226779719323,-2.8756761563181117,470.1585630316552,5.0,39.303386316541406,0.8404617828480487,5.23591109403652,Micro,drag_change,-5
50,11.560206177906142,-29.767467651329206,952.7853808827155,-10.257571680308105,0.20076816894291497,0.20986966610212995,-5.7781849048551415,-5.307427911017894,0.26999286406220757,-0.12143860339886411,0.27097942207261017,0.20282522647200812,-0.16748182448828539,0.13326497651208427,0.36675452141967874,0.17211571654822327,0.00015063995333871214,1.0839564194423426,24.43831414973309,-0.706213817108823,470.1585630316552,5.0,37.26728147146839,0.8404617828480487,5.23591109403652,Micro,wind_gust,5
50,11.153829663156113,-29.487168782380962,953.6405634387415,-10.612238785694668,-0.05414226937140517,0.27311515494329464,-7.47297500886525,1.662123555102275,0.16878014290508658,-0.22253560684338636,0.22807295942630634,0.2290193810705318,-0.17996068199636506,0.1500954883580255,0.34241473777054515,0.1734691613942424,0.00016450379263263643,1.0839564194423426,17.93056331900339,1.5183079478943693,470.1585630316552,5.0,38.72657684368971,0.8404617828480487,5.23591109403652,Micro,wind_gust,3
50,11.608770435641993,-29.970671174062787,950.9376031369945,-10.302563180699654,0.013694994312926582,0.2258436783690399,-13.70371584415121,0.8715016402825387,0.2955102916754394,-0.2856510059892033,0.20160225160379452,0.20942337290409335,-0.159987506253794,0.14956094811127096,0.3571015960583999,0.25672336007334984,0.00014459682880247805,1.0839564194423426,18.93131130493038,0.34241148866448756,470.1585630316552,5.0,39.56173783124307,0.8404617828480487,5.23591109403652,Micro,wind_gust,5
50,12.208253789488186,-29.235534483618856,950.5523005911413,-10.34871148163905,0.4469779060800836,0.14548324154244938,0.9507399606260659,-8.374339714463458,0.20336361672094563,-0.21128158972403152,0.1983683325896301,0.22224036538437952,-0.18223847908930607,0.15750265662794466,0.34752964503173095,0.14421639169628997,0.00013272526692664256,1.0839564194423426,20.367859037064083,-0.5643039700705901,470.1585630316552,5.0,38.809519791558856,0.8404617828480487,5.23591109403652,Micro,drag_change,0
50,12.64539824670501,-28.981068308531444,949.0167894499081,-10.3656913042415,-0.11987519864545562,-0.37895110409246574,-1.8606050976716975,0.765812911821394,0.12826174793405207,-0.15531392831891597,0.3101437316583386,0.2247512065422739,-0.18377512066365786,0.154939418810898,0.3541209162793195,0.28707470406888314,0.00011261658938771675,1.0839564194423426,15.079689557443864,-0.1981643587137089,470.1585630316552,5.0,37.836116425205255,0.8404617828480487,5.23591109403652,Micro,drag_change,0
70,12.05783250984887,-68.22887146921938,952.6968911771314,-11.67957003297609,0.4091504640609312,0.1207035445273644,-4.684465142308269,-0.591695081372048,0.21930421740288028,-0.06607398676325173,0.02298505766954468,-0.36851547014853797,0.18290510388948253,-0.3786316350033736,1.5421775930504944,0.23616998189788185,0.00033271867264012467,1.1336158491821442,19.104774347920007,-0.3803795967986623,2672.055466640132,5.0,189.0772723897689,1.7994974228374907,25.843927562904735,Small,drag_change,1
70,13.408236541248822,-68.95096426656369,953.6363049213069,-11.667398815093328,0.71664743643373,0.2568155892550946,7.886650387907785,-6.222273043523804,0.2457121009082483,-0.04693370556050322,-0.07028974309143587,-0.36226191372098887,0.18126041925650022,-0.3862267076943662,1.4757217376693597,0.14383487710568893,0.0004453376713959811,1.1336158491821442,20.085845483922135,1.295203771298261,2672.055466640132,5.0,189.32044882034316,1.7994974228374907,25.843927562904735,Small,wind_gust,1
70,11.86276950844148,-68.43901505183939,950.916612036344,-11.294359503032647,-0.40787676876820517,0.2726089119373338,2.1067534115039805,-4.291661330107466,0.18946736827463992,-0.057143919142682284,-0.00037352172979642287,-0.389063953702741,0.171202844238183,-0.3612263487830104,1.4541719312672645,0.22899546972989843,0.00046496950958446677,1.1336158491821442,17.26330361875044,-2.4990466025345115,2672.055466640132,5.0,188.33993189679464,1.7994974228374907,25.843927562904735,Small,thrust_var,0
70,13.824766890570144,-68.28159729611531,950.4273602061197,-11.269550356592715,-0.21570242407290738,0.13056822517560288,-3.9506039034489944,0.12102849384707154,0.2910826001298655,-0.1175075652100785,-0.03332588024097314,-0.3758988389872159,0.16815030912056902,-0.38055954927744057,1.5323083203281738,0.1732674168004133,0.0003634926003474808,1.1336158491821442,18.93108579859001,0.8700655576025,2672.055466640132,5.0,200.7233813468084,1.7994974228374907,25.843927562904735,Small,wind_gust,0
70,12.114966816316592,-68.03106316571723,948.9078508186152,-11.431652230077004,-0.09339093225310059,-0.051229880746310054,9.27967956766982,-6.270933171593409,0.29648706757108945,-0.014973717816084933,0.15552241945087691,-0.389179518803199,0.17443313261655452,-0.3629716633791527,1.498150135888964,0.17684745216341252,0.00045413794538955816,1.1336158491821442,18.33867992525073,-1.7837181407628353,2672.055466640132,5.0,187.02440036858877,1.7994974228374907,25.843927562904735,Small,wind_gust,0
70,12.401822999786583,-68.35079247347348,953.7694002843075,-11.61474652900023,0.18489124353108197,-0.10228741032431225,2.840626637225771,-4.304196841028957,0.28124862157212543,0.0472670397539265,-0.06257932908009645,-0.38394307971810365,0.19016060188420156,-0.3798947842328324,1.6294283513791687,0.24880620135721782,0.00045663868352294933,1.1336158491821442,21.147535112720234,-2.584825377407988,2672.055466640132,5.0,170.71111315752492,1.7994974228374907,25.843927562904735,Small,drag_change,0
70,14.34817736023947,-68.54488030073095,950.9151118908447,-11.44208028186471,0.024634461240179074,0.2993710109029132,-3.5468107865658363,2.7047490231354594,0.2535812696725349,-0.06257136830067157,0.012258151971537469,-0.3973400746230072,0.17877948306802582,-0.3612603144172712,1.4993198839273885,0.20035063396738864,0.0004089528840343305,1.1336158491821442,22.697053914814564,0.7696889857858364,2672.055466640132,5.0,168.95680037722028,1.7994974228374907,25.843927562904735,Small,drag_change,10
70,11.492233958355326,-68.43029774334701,951.6979691560559,-11.896307213641826,-0.04344913422889123,-0.2508844002911908,8.635878230095415,-10.056691062641,0.2879101876633222,-0.10690429811220863,-0.04525792833122642,-0.38279951590724487,0.17087628888852657,-0.3733978174781847,1.155435121017213,0.12334510738396223,0.00033757648767037383,1.1336158491821442,16.429319868584003,-1.591021347147229,2672.055466640132,5.0,158.5923778031813,1.7994974228374907,25.843927562904717,Small,mass_loss,-10
70,12.860585879064903,-68.43907472541719,952.0060358494856,-11.74362731155447,-0.15171445846799228,0.15787351327187968,0.08778918791640965,-2.359052607681767,0.2544529196463722,-0.04754329279019694,-0.08447516686050592,-0.3847748030665794,0.18134203570751675,-0.3846407965913668,1.2694709939265065,0.31923224891859364,0.0003676510295768079,1.1336158491821442,18.104188972557314,-1.6674345570574622,2672.055466640132,5.0,155.32254179456265,1.7994974228374907,25.84392756290472,Small,mass_loss,-9
70,13.73077409509944,-69.58260043977239,952.7492838620012,-11.916639666135572,-0.21115825008250846,0.37655155760114684,-5.088001682475516,1.1706708468374076,0.2728490041590452,-0.10416519345357117,0.029071530293729456,-0.358197756735135,0.19688991133106284,-0.36715950207094655,1.2875145864846806,0.24081441439760626,0.00045457407175272476,1.1336158491821442,19.05375328230941,-4.77945472867198,2672.055466640132,5.0,143.22948542552612,1.7994974228374907,25.84392756290472,Small,mass_loss,-10
110,8.832066837750748,-75.07783901681022,983.616451663507,-11.535663753007695,0.4585390150585752,0.06597259305897905,2.1041257458190454,-2.6131278401592963,-0.07227378321022769,0.03247669145656763,0.26365415081598714,0.30617852671213713,-0.34139212823826826,0.326710896323945,0.4425963634323974,0.20991967117608262,0.00013351519655043666,0.921507791781244,11.443095549268442,-2.009197262741869,2591.0401039072194,5.0,38.8395241237887,1.4651723240968169,46.8670059807317,Micro,mass_loss,-10
110,9.720083533395792,-75.03184379567651,983.2979577339819,-11.787033656021269,0.2793164316856074,0.025654772462435627,13.835161857100829,-2.8664839203094763,-0.07472938499048,-0.01712180476467752,0.18432474654575157,0.2955450741205608,-0.3491999053590983,0.31015100093424913,0.4436315641207001,0.1553555836545384,0.00015498349492546856,0.921507791781244,13.79616408764338,0.1332796041161298,2591.0401039072194,5.0,36.574680235710325,1.4651723240968169,46.8670059807317,Micro,mass_loss,-25
110,8.681888118067894,-74.29545138750183,981.8417426871079,-11.676718155846434,-0.06860961659658926,0.10397802972589748,-4.677971381096622,4.6165517972720815,-0.16892736065752614,0.06631180864487465,0.2127163640463664,0.2977520521077771,-0.3619055499842293,0.3287983101377001,0.46655277593997346,0.2382208439651464,0.00013630632932851101,0.921507791781244,16.839232231075638,-1.167444117249521,2591.0401039072194,5.0,45.617039583988785,1.4651723240968169,46.8670059807317,Micro,wind_gust,0
110,8.578023500421038,-74.94775458270223,983.9894129580505,-12.131409218654042,0.04017236071348509,-0.24516108109881637,-8.42597265403954,0.5320966137235594,-0.14220699811710893,0.08235260123675475,0.20474246040561303,0.29770187006828097,-0.34960092699062345,0.3370675217762472,0.4960372969032028,0.1778959507098119,0.00013039025302014398,0.921507791781244,11.552267817742479,-1.3864216550656665,2591.0401039072194,5.0,40.14801372249895,1.4651723240968169,46.8670059807317,Micro,drag_change,-10
110,8.743041021805832,-74.66677694701202,983.1294256493846,-11.576623402738385,-0.07382099037322289,0.14697063488610831,-10.861455842749724,4.914755508644159,-0.14320124249373595,0.02088330683271547,0.24698186300708147,0.32516865152679303,-0.3496006030155982,0.3174923253003447,0.4245552511945478,0.15497438782803385,0.00012165691016702241,0.921507791781244,12.382834436448054,0.08256485338378722,2591.0401039072194,5.0,35.15850400861353,1.4651723240968169,46.8670059807317,Micro,mass_loss,-17
110,9.267489741758986,-75.02067864977555,985.1985121060663,-11.717807571371848,0.3326104164864439,0.4222489893622143,-1.2101493315119864,1.5430052775443401,-0.20726800942511098,-0.0008036234169512962,0.2494166391654374,0.30570583634139886,-0.3375405987060639,0.32814964228759713,0.5298816347809012,0.22648499929775368,0.00014698536181915968,0.921507791781244,13.244852160314053,0.6145951025439219,2591.0401039072194,5.0,41.971988852351636,1.4651723240968169,46.8670059807317,Micro,wind_gust,0
110,8.728351254795955,-75.27319966153651,984.9898985060403,-11.7506556827692,-0.0785189491669211,-0.07030355048252453,3.4859351241180985,1.2714714840710581,-0.13829510507077794,0.00886512259225445,0.24529025084547373,0.3185682363049836,-0.34339170246616996,0.3279702724887518,0.5128378728514322,0.1599293498526914,0.00012399793619057633,0.921507791781244,12.549732928960621,1.5601168525527436,2591.0401039072194,5.0,34.12519669699795,1.4651723240968169,46.8670059807317,Micro,mass_loss,-10
110,8.431372829930298,-76.00658859114965,986.1538357699366,-11.569209716332708,-0.38674350305346566,0.2396723018375387,-2.8701117197483326,4.5740526817484986,-0.1740120676863574,0.03782891690346411,0.21913458237303962,0.30453385959707446,-0.32595496854081696,0.33549645413866375,0.46665281205768744,0.25122840819929054,0.00011269558674517635,0.921507791781244,10.333902599213994,0.9491095247159251,2591.0401039072194,5.0,39.361030308096055,1.4651723240968169,46.8670059807317,Micro,mass_loss,-19
110,8.832245111942875,-73.63676260687608,981.3750201173626,-11.415633230229423,0.43908562815719987,-0.2985426036672381,10.062072880422203,1.1775489188817698,-0.2739713273794192,0.11708651735981365,0.15267399216781685,0.3256863933085671,-0.3302140584839991,0.3161084844732578,0.5031324254751647,0.23422494134482508,0.00012712587259911952,0.921507791781244,16.271029416645973,1.8293844444692307,2591.0401039072194,5.0,38.83912474607581,1.4651723240968169,46.8670059807317,Micro,thrust_var,20
110,7.983277163037789,-74.24842658222639,985.4309838998482,-11.42655934265295,-0.055539309927107754,-0.08401655728097426,6.670163413324265,-1.6037736295102598,-0.14133577565965857,0.055732871839746206,0.24994929863131127,0.3100339683493915,-0.33985076558600424,0.3444263076992383,0.5266040366805688,0.21913339941060897,0.00014565591515701073,0.921507791781244,10.553181877927697,2.035212969243754,2591.0401039072194,5.0,42.61199761574504,1.4651723240968169,46.8670059807317,Micro,wind_gust,0
47,20.83610541584916,-85.9390297514175,817.764609662163,-12.968417024338759,0.3005260301352591,0.24365893275206488,-3.410573296562553,1.5746423422221105,-0.25152060667224146,-0.1821268175175165,0.07874616746990538,-0.28442242342596324,0.08346845203757548,0.3046103395125759,3.799055285423259,0.14664633919645892,0.0009663251257878286,0.9317954666746101,8.697742917160395,1.5996268006514434,3472.4198529956752,5.0,760.2418163022869,3.01973651310953,23.809916900837187,Medium,thrust_var,10
47,20.461751374543443,-86.47917038000354,812.0515669465432,-12.953117442298211,-0.4307061327459593,0.14629679279771146,1.5209401677493684,-0.39035528368906053,-0.31381032181254565,-0.12956800158136678,0.0811668048202304,-0.27859757182217093,0.06547176829809909,0.2989948366563672,3.3858939363971845,0.17718029588973072,0.0009785690588122215,0.9317954666746101,12.44298374458368,-0.9672508705213403,3472.4198529956752,5.0,768.726491064074,3.01973651310953,23.809916900837187,Medium,mass_loss,2
47,21.43269805224395,-86.22204101723428,814.219527814704,-12.410494814016017,-0.922674836675844,-0.21767114449429947,-2.4437653188638415,4.542063954040588,-0.35724992764034214,-0.16037959097360335,0.03337429564533007,-0.288247529645285,0.08065792854261147,0.31542752603535695,3.666518298219993,0.20183726198336321,0.0009532427325148398,0.9317954666746101,13.8061908169899,1.05875025583331,3472.4198529956752,5.0,740.0511883494959,3.01973651310953,23.809916900837187,Medium,wind_gust,2
47,19.94431401053753,-86.7206848957231,815.7369869191365,-12.916612502713,0.009112027359052158,0.3358775697954107,0.9772930245541738,6.06863512883071,-0.325401681644561,-0.1710716534192615,-0.027191611629250143,-0.27663212624257705,0.06846275372287551,0.3363219336936845,3.7977478023124416,0.142826932757233,0.0008873553806487116,0.9317954666746101,12.031538569569607,1.1845777037660128,3472.4198529956752,5.0,782.0393173808651,3.01973651310953,23.809916900837187,Medium,thrust_var,0
47,19.995385665955016,-86.23696831399103,812.8118127840365,-13.171270456465423,0.26932411428738656,0.3084486934408414,1.1967946618382346,3.7054083274512046,-0.2344573337433851,-0.18580892232884097,-0.07591817675939351,-0.2762058378218148,0.07625551134565828,0.3209943274787809,3.8830870029864153,0.16591746047153597,0.0010657105565121056,0.9317954666746101,13.179214791705204,1.4466351577780392,3472.4198529956752,5.0,731.7061600782038,3.01973651310953,23.809916900837187,Medium,wind_gust,2
47,21.692680885013285,-85.92149204013481,816.3676844727843,-12.74748037639094,0.05404392237604079,0.19541349051105664,-11.130807066384541,2.398692750343523,-0.24527444581349225,-0.10501122184280229,0.016886214160541632,-0.2802776816292059,0.081376582943529,0.3023337721389512,3.978056570101036,0.23958419478119714,0.0009623331604487206,0.9317954666746101,13.064154359966155,1.2419131002532993,3472.4198529956752,5.0,705.9526316611593,3.01973651310953,23.809916900837187,Medium,drag_change,2
47,20.585148754348463,-85.09705388864677,814.5053936392385,-12.715684628034838,0.27700423252986084,-0.13735814495440046,-4.681952841428462,-0.5323715913812246,-0.2518365244499412,-0.13626095234554012,0.08482253614071444,-0.2819452610081514,0.07639369733036762,0.3259249272668007,3.4642516451179617,0.1718440425732819,0.0009826054151983578,0.9317954666746101,11.842442778040548,-1.0153848491046542,3472.4198529956752,5.0,678.8092133891903,3.01973651310953,23.809916900837187,Medium,thrust_var,3
47,20.735331427712378,-85.83049930201692,818.7669619893278,-12.08344715900864,0.003605913460624694,0.2691067766395419,5.342023890294749,-2.519482221966852,-0.2627940869206819,-0.18625116601529684,0.0468612115168784,-0.2833443327056527,0.08314753636465498,0.31235808102156926,3.593793014439651,0.17146793119499462,0.0009611795988939294,0.9317954666746101,14.367600942309503,-0.9425137273210253,3472.4198529956752,5.0,749.6359037516536,3.01973651310953,23.809916900837187,Medium,drag_change,4
47,18.744400643087538,-86.71059842299988,813.8712253932782,-12.957257441581234,-0.6839369468891799,0.05726782305284074,4.5471164820343155,-0.5864818611494949,-0.2617616772058649,-0.1772366069589374,-0.08370116123234646,-0.2760518907469303,0.08883130697448255,0.3038642314206944,3.6916058227106205,0.18764417995477917,0.0012794975628885943,0.9317954666746101,12.317680429242372,-3.8111471577275546,3472.4198529956752,5.0,666.5338172321631,3.01973651310953,23.809916900837187,Medium,thrust_var,10
47,20.532742052158806,-85.44111037035174,816.2101131089264,-12.948103611757782,0.15768870033895394,-0.12894591143715145,6.1923093350486225,-0.6250098552571036,-0.21676420767812354,-0.1384694617509668,0.020503066020622376,-0.2775921318463377,0.09171950348412444,0.3340741803839632,3.880963733499538,0.1909358648748681,0.0010926625501703504,0.9317954666746101,10.929000551543767,2.833916523907552,3472.4198529956752,5.0,727.9830452527153,3.01973651310953,23.809916900837187,Medium,drag_change,4
14,21.36254854086612,-37.42251163289378,1043.6813098565312,-10.183530643077988,-0.5100698050143574,0.13594983375350275,-3.368935056455405,-10.88020357066662,-0.09293731817804034,-0.050221771013105154,-0.30339186872934887,-0.06816595054077879,-0.4358959838318492,-0.07031337303460909,17.89189319962323,0.15953797083071464,0.0032707053638071507,0.9611532162760476,3.6823914374480706,2.47881714457051,673.9931568779784,5.0,3151.5278939279992,3.598212622695278,5.0,Large,mass_loss,0
14,21.399167197290453,-36.88602681906867,1043.9655677800306,-10.157367945263958,-0.1510739559183705,0.10609432737800843,4.053309349167342,-0.06815308821198462,-0.1203393180258864,-0.11328007077783858,-0.11759042525744515,-0.06258582604526515,-0.43240667979704533,-0.05396260152380805,17.447167657235518,0.16081017629733488,0.0037597714235289535,0.9611532162760476,3.139741654164134,0.9947245797458086,673.9931568779784,5.0,3670.904734704723,3.598212622695278,5.0,Large,thrust_var,0
14,20.076594227944454,-37.93198863274331,1048.1970157315495,-10.118695152205763,0.29494206833837616,0.23512244404913368,-0.6964418111475112,-3.4579835395194856,-0.11386753173887612,-0.1372188311018686,-0.1195341600024507,-0.07909907768657755,-0.4252114902629581,-0.0820135489648742,16.066408352624062,0.29268941296695483,0.0035208479415911337,0.9611532162760476,4.761788063943553,0.18264184608387132,673.9931568779784,5.0,3081.844609138103,3.598212622695278,5.0,Large,mass_loss,0
14,21.193750613690895,-37.29507394553674,1045.1585716236486,-10.042285972460432,-0.053076876197637644,0.40443262880277814,-1.348998904493698,4.024057401325074,-0.1692776259066338,-0.15594626816895596,-0.19369755625646556,-0.06604819597394354,-0.4075061625449135,-0.0701921283078934,19.392594282727334,0.224343940565948,0.0031364905833927035,0.9611532162760476,3.5948471583317834,-0.2598467345094385,673.9931568779784,5.0,3824.0898095542884,3.598212622695278,5.0,Large,drag_change,-4
14,21.295787374418047,-38.23443357346099,1043.688855718248,-10.140794569191293,0.07650693748335662,0.30205633932379033,2.3263604793857575,2.6413776249661405,-0.11283654441978058,-0.1701474636532363,-0.20590235187564568,-0.05553458779661934,-0.4114142257729142,-0.07489497881823116,18.1337705479066,0.15488092566508152,0.003808327843253461,0.9611532162760476,7.209995522415803,0.8786568843105464,673.9931568779784,5.0,3300.5262430874154,3.598212622695278,5.0,Large,drag_change,0
14,22.355117784919642,-37.4324522016904,1046.839715730972,-10.06166127139984,-0.03409187160153996,0.1340511923435653,-11.388799891016049,-1.6366619758476793,-0.10829494632073762,-0.1972471580168953,-0.14116547870344093,-0.06818721279666815,-0.4159953604895557,-0.06423505896877497,17.430902509384637,0.21424384788334974,0.0028567645500147576,0.9611532162760476,5.071270235485596,-1.1055885901139009,673.9931568779784,5.0,3544.1810214641573,3.598212622695278,5.0,Large,drag_change,0
14,21.268838803511592,-38.43985066931094,1045.1251696835222,-10.205736162646462,-0.38972671047764085,0.02618050163904256,-1.9896150540371191,-1.0839390894767982,-0.09246893065829914,-0.15120021904044137,-0.19602563212140314,-0.06660106819979189,-0.41494719109290445,-0.07817066124154029,17.2195699910441,0.16455657357809308,0.003908108396537194,0.9611532162760476,5.8916894466698775,2.4267582651982185,673.9931568779784,5.0,3825.035748349604,3.598212622695278,5.0,Large,wind_gust,-4
14,21.205751843778785,-37.68310251518039,1044.5444293924345,-10.236594204745513,0.2999155974265255,0.2666835786408558,-1.1364749232951963,0.6003977650015203,-0.11049247838241788,-0.056862205302405225,-0.33600183512322923,-0.07358468262945214,-0.4154178744049794,-0.06443894295098791,19.34206321704947,0.20000490504131313,0.0032138743827892654,0.9611532162760476,3.9253121635567343,1.9369400618583332,673.9931568779784,5.0,3484.043552489033,3.598212622695278,5.0,Large,thrust_var,0
14,21.904398387015252,-37.7564467168989,1047.9201423325464,-10.164734510614847,0.20375488647199155,0.2521734126265427,10.65864610630671,2.0723167608063338,-0.09637649376950135,-0.03194187878219874,-0.1529487981044181,-0.06267465626203808,-0.4172440654500565,-0.09248441512923074,18.108463507420904,0.12987817878003874,0.0025035867357591003,0.9611532162760476,2.787847040211425,-2.7629092031170797,673.9931568779784,5.0,3530.6798728678864,3.598212622695278,5.0,Large,thrust_var,0
14,21.308249984343124,-37.34552060241356,1044.3195164158685,-10.004910886240781,-0.4818387936487018,0.17266947337069363,-0.37974630855392755,5.054194820958861,-0.0382671735138349,-0.12212559039332341,-0.23947553333043994,-0.055353403073842095,-0.43241457878529166,-0.08341177611491436,18.11845508302441,0.17401095201479005,0.003341891847809762,0.9611532162760476,3.3720057902704044,-0.05298605144926263,673.9931568779784,5.0,3861.827779502935,3.598212622695278,5.0,Large,thrust_var,0
14,6.358890052211766,-52.08328737834257,808.6960117872281,-10.329763754189868,0.23668607153394222,0.1598266549002556,-6.656407278363269,-2.5474885413985127,-0.24823767343820344,-0.3429874145096391,0.24609027015479729,-0.3309141591631297,0.1566553714066635,-0.08932023691950547,22.06494338372781,0.17250080156714467,0.004076707635185964,1.0268915961360001,-4.700251215037656,-1.6869989346183987,1402.1624495704634,5.0,1459.206253851694,5.0650412687953175,29.889470099833414,Large,mass_loss,-2
14,6.600667298084767,-53.167699841637045,806.7365637935188,-10.43570462006162,0.476975886785609,-0.20193590729236327,3.2768156063742864,-4.883826467206353,-0.20250361165598899,-0.21767318715399417,0.2889066826769005,-0.36398408615389755,0.15780047360800617,-0.07900281925153436,24.1607907743773,0.1411459449145474,0.00365832040995174,1.0268915961360001,-3.903829305161784,2.943161557436679,1402.1624495704634,5.0,1545.4775080754966,5.0650412687953175,29.889470099833414,Large,thrust_var,0
14,6.659417918756795,-52.63707490665419,807.1574475126421,-10.545480946716161,-0.2965975495653034,-0.5145606322975987,-8.419284103474446,-0.1691416253033366,-0.2047496633195797,-0.19046272581441978,0.19987686996980625,-0.32575738626002615,0.16002147560304775,-0.07816798461001603,24.319446622588455,0.2026739142688868,0.004044738122452987,1.0268915961360001,-2.8772017890295807,1.6106719339039877,1402.1624495704634,5.0,1480.511832867694,5.0650412687953175,29.889470099833414,Large,drag_change,-2
14,7.380484310497018,-52.275820079259745,809.3070048898953,-10.521212368456823,-0.04938004730212769,0.1301148509629091,-3.4830966252288382,-1.1179318657037707,-0.15323957079059097,-0.11332649711954168,0.10642731150526781,-0.3175155440162798,0.1633156153640332,-0.07182295454193406,25.040072865808078,0.27822483869702735,0.003405125709992345,1.0268915961360001,-4.3800780597085875,-0.10719219790580718,1402.1624495704634,5.0,1502.200683449884,5.0650412687953175,29.889470099833414,Large,thrust_var,0
14,6.708971847478871,-52.18986103464463,812.3421977099918,-10.260963118448203,-0.01163170637450727,-0.35438680997560607,0.7091235928964283,8.931030000454083,-0.24168650188242288,-0.32568085665816876,0.22467229043863454,-0.321907960013001,0.17806091151271647,-0.06491805144451188,20.899959836501946,0.18007410358196302,0.003807957489884028,1.0268915961360001,-8.548265190485608,-0.055330213861829854,1402.1624495704634,5.0,1405.3303770413409,5.0650412687953175,29.889470099833414,Large,mass_loss,-4
14,6.7901019321397005,-52.926550662875904,808.7221889045327,-10.5062579810233,0.624400822604754,-0.0615937163508043,-11.334678577270745,4.750857693008968,-0.24128459086594167,-0.2106412957448385,0.27914324012160313,-0.34036934917230266,0.16386713794607863,-0.07212539291423169,25.3530353776319,0.1931338534613199,0.004415263586883474,1.0268915961360001,-7.406667798919684,-1.805304579450617,1402.1624495704634,5.0,1493.0140634380602,5.0650412687953175,29.889470099833414,Large,wind_gust,-4
14,6.382820213035775,-52.50160396417625,809.1542250744668,-10.14067097268767,-0.17718874304082805,0.44828125094902754,0.10093544703402209,12.677583956649126,-0.22862028390840491,-0.19786689823299358,0.20451679527311484,-0.3439553245503815,0.17453019201323125,-0.07384442487925644,23.36266181829525,0.21592218715575526,0.00376785784667589,1.0268915961360001,-4.452174560811528,-1.5116590313712917,1402.1624495704634,5.0,1529.3972946523088,5.0650412687953175,29.889470099833414,Large,drag_change,-4
14,7.1781627793316325,-52.26397850191914,809.6724647674864,-10.435549297240765,-0.1715606516263962,-0.3339369754115637,3.363225560235126,3.3363599609941748,-0.15816964245339074,-0.19457455780631805,0.25613417967967,-0.32322061789181955,0.14715015453419567,-0.10488992767089879,25.699002981418946,0.13294767427074056,0.00327354802837909,1.0268915961360001,-4.5047640672228395,-3.307943157426205,1402.1624495704634,5.0,1500.3535503048379,5.0650412687953175,29.889470099833414,Large,drag_change,-2
14,7.24353212337541,-51.58271943074823,809.8405820740841,-10.422751635325396,-0.2218858365786392,0.26296966421151685,5.226665849445766,-0.4777356830212792,-0.18829266820070864,-0.23348447771503106,0.22970980065981103,-0.3411687046328967,0.16512495327466578,-0.09317996333368665,23.976445357032127,0.2875670662709169,0.003800020033334362,1.0268915961360001,-1.8447316597570445,1.5271235832062047,1402.1624495704634,5.0,1520.1898398071646,5.0650412687953175,29.889470099833414,Large,thrust_var,0
14,6.46505859766943,-51.85537885521166,803.9541931087941,-10.541916971268606,0.010125346037411925,-0.39336053979354096,11.01895418385482,-3.5863523711413112,-0.23116760775196601,-0.25063293605785575,0.23808172814688192,-0.328207399658142,0.16153216868452225,-0.07830545166544235,24.132941488373394,0.12793573881385875,0.003628729615840698,1.0268915961360001,-5.190645975862302,-3.113226308749249,1402.1624495704634,5.0,1545.8439379558856,5.0650412687953175,29.889470099833414,Large,thrust_var,0
70,8.044778118099737,-23.412354540931762,560.4062431000283,-9.978008480885222,-0.23033988502317176,0.009523582323590683,1.6020176030485036,-10.718431144642697,-0.16739029578223083,-0.10909616274941816,0.2949707166316615,0.291789565071897,0.18785358156136583,0.32025804677431974,1.758951657908143,0.24523442014767954,0.00039929284657720595,1.0107859056779605,25.06316712734458,0.8347567242869038,263.2968309477879,5.0,125.21234826505575,1.883875396092845,5.07413303332129,Small,mass_loss,-3
70,7.661515991416508,-23.030526473280162,561.5076018504737,-9.862450737881018,-0.7169961534107345,0.33640962104014926,3.7746844059571534,2.134852046636296,-0.17209355463301135,-0.06481301552500393,0.2947323253242471,0.31308164033088215,0.19185197731463544,0.30716055761425165,1.8630996756511964,0.20526845730016563,0.000384935137343373,1.0107859056779605,20.329892935907953,1.6314799785069491,263.2968309477879,5.0,136.6213119585792,1.883875396092845,5.07413303332129,Small,thrust_var,10
70,8.090611172792247,-23.14781631268313,560.4889803650314,-9.790144096151513,0.11016693745168238,0.36822894118822097,-1.6831531872445118,7.952375194844754,-0.25571708204815324,-0.06497556576427835,0.3164714859221132,0.2936915697742185,0.1956485899175257,0.31579557501120564,1.8494632285586148,0.19108226635053144,0.0004415927217394449,1.0107859056779605,24.848046671411268,-0.015975975228230008,263.2968309477879,5.0,129.11745123899775,1.883875396092845,5.07413303332129,Small,drag_change,0
70,7.437094221064487,-22.480185316997755,562.1290966382181,-9.810234534700957,0.20914178323558288,-0.3197866570243432,2.8951342191961476,-7.136404444510643,-0.23895442711689188,-0.11758362936537504,0.2961344860226289,0.30836688856279726,0.1809472181643159,0.30732757445223474,1.6156613509100688,0.14866364586468456,0.0003767555546344452,1.0107859056779605,24.98091191474257,1.8804618801765374,263.2968309477879,5.0,118.58845031226693,1.883875396092845,5.074133033321291,Small,mass_loss,-10
70,7.8166274183992,-22.111616758436305,566.2740177293732,-9.8938690771593,0.05103194359720285,-0.4555899147009227,-3.1509732208847026,-1.4037790400903654,-0.24449934773686555,-0.0381900744540175,0.39167052333420105,0.31356100435289747,0.19581195032752083,0.3111128080983881,1.7491422765512092,0.2732044675334401,0.00033191467272379105,1.0107859056779605,25.648796300207,0.9911794203995494,263.2968309477879,5.0,124.73582632649867,1.883875396092845,5.07413303332129,Small,thrust_var,10
70,7.799385015781567,-22.827034121384266,563.0141174470606,-10.271016830967715,0.10514278810418115,-0.05686829844041255,10.863973067462124,7.024802311541078,-0.19515969496584598,-0.14765159331678315,0.4173251038261995,0.30655153221062387,0.1878674615969269,0.3121778134680313,1.7889560693300954,0.16721634278324735,0.0003567467892340173,1.0107859056779605,25.30686781081201,2.151020084592241,263.2968309477879,5.0,124.84208724779063,1.883875396092845,5.074133033321291,Small,mass_loss,-9
70,7.959839129450192,-23.058467892930405,560.2446456879538,-9.740036420873649,0.5182897272354082,0.3357373373289823,4.348256978637818,2.788105017514077,-0.14892952981336607,-0.06371101530492468,0.2053557446341273,0.30597426008895706,0.19729904750928365,0.2892824943823338,1.6162430521441673,0.20406858236270944,0.00038724253226902474,1.0107859056779605,23.343135173107086,1.159128588928429,263.2968309477879,5.0,124.80528312334386,1.883875396092845,5.07413303332129,Small,wind_gust,0
70,7.106842835488109,-22.932070674099343,562.8778503016377,-10.036473297559633,-0.37665324384041554,0.1663437575423416,-6.123107517599982,-6.661778958006959,-0.3315279479506076,-0.08772063960713355,0.3034234371403522,0.3012679124019571,0.19113278571420167,0.2966219233295515,1.778464178483373,0.16626924620002884,0.00047414862503401627,1.0107859056779605,21.366522618759838,-1.5507122521329393,263.2968309477879,5.0,129.63193371746496,1.883875396092845,5.07413303332129,Small,wind_gust,0
70,7.570395940584768,-23.13411323732277,564.979455660041,-9.8366602478462,0.13104741515771634,0.3113672744303228,-5.111492570169212,-2.268270283846533,-0.19814315400586766,-0.08171283856305148,0.3324465752450731,0.2931613799449644,0.20635685175367632,0.2940068733606379,2.008779690831044,0.30146486778012116,0.00038962831862092786,1.0107859056779605,26.11548087988617,-0.800856121017214,263.2968309477879,5.0,136.20299850585468,1.883875396092845,5.07413303332129,Small,wind_gust,0
70,7.931044782286459,-22.355357496543146,562.926358041545,-9.8284975029766,0.4462130189221002,0.12090386085536046,4.484650689870968,-0.380087419060574,-0.15686851897844437,-0.05686419372494933,0.26124339503008315,0.3053177501522121,0.19557091390997744,0.3111163755639737,1.748012308278239,0.21587475619600646,0.00043041935893492424,1.0107859056779605,22.930761695947346,1.6020563781721227,263.2968309477879,5.0,139.8297377274051,1.883875396092845,5.07413303332129,Small,wind_gust,-3
60,11.850777797862698,-60.554520844445804,1163.0388185755667,-10.432884717177881,0.4095596826543579,-0.006299081878590992,-2.9650730930821894,-8.243377925497047,-0.15313363230395965,-0.20998668360049585,0.3005767609305322,0.11889843446706538,-0.08880637488553013,-0.00341707869975301,99.33790429807841,0.17870262273614443,0.010331785358623793,0.9030927139371695,25.438099094407935,-2.8197979286837582,1630.6525379609868,5.0,9882.002768823184,7.05673579700031,23.545125447542947,Heavy,drag_change,0
60,10.994237789465618,-60.37725788210712,1166.00539924107,-10.425086459243937,-0.06917997361264043,0.5172834747507795,3.993652560805823,2.725021297338441,-0.13343445190074532,-0.2541808448669262,0.24801407719703175,0.1091413572783545,-0.0820667197564954,-0.0004881332083614116,95.6780702614981,0.21365727805350326,0.012074402172312803,0.9030927139371695,24.441269317511644,0.5143258883403233,1630.6525379609868,5.0,9596.168427457495,7.05673579700031,23.545125447542947,Heavy,drag_change,1
60,10.646626422861322,-59.85675135677265,1167.3213392102004,-10.003691719047987,-0.27141646089782817,0.26497221813470195,4.4124904730016725,0.901984395473739,-0.11747797600348137,-0.1396802064028176,0.24143084182755709,0.12521915095184788,-0.07856821101945129,-0.012179553467286107,98.15661020880846,0.19456822719972072,0.010877470691946231,0.9030927139371695,20.0440754106843,-0.16494149742595154,1630.6525379609868,5.0,10032.623682906777,7.05673579700031,23.545125447542947,Heavy,wind_gust,0
60,11.729419201158507,-60.087997644765586,1165.7506857518133,-10.599442779094483,-0.003991198142886288,0.023208904102086463,1.3634694944113956,-6.979472981798631,-0.05986593153348452,-0.22051959851564584,0.35292888735478345,0.11238529706186473,-0.0608613157036473,-0.017613141600006734,98.08398233725573,0.14845966944014502,0.009627319499513337,0.9030927139371695,28.377316499368597,1.5058269329118787,1630.6525379609868,5.0,8736.880222539909,7.05673579700031,23.545125447542947,Heavy,drag_change,3
60,11.223836417605304,-60.20982070745096,1169.614832628264,-10.523199136503033,-0.03230632964804764,0.2706417652807481,-4.5841002920107075,-6.679044545250309,-0.17307635982696545,-0.1306714870511209,0.40007052984959385,0.1275923931655058,-0.07148925221175037,0.015505224539012416,83.80705422833503,0.16910822915279836,0.010753735637938093,0.9030927139371695,24.530004146794056,-1.9261829829705657,1630.6525379609868,5.0,8325.172796031638,7.05673579700031,23.54512544754295,Heavy,mass_loss,0
60,11.094268266990593,-60.03832539168523,1165.443683542175,-10.515962201137357,0.12358951336294058,0.05893532431309754,2.7667585542110573,3.9551151934685906,-0.04959128070079814,-0.1916748917489031,0.31990563351418483,0.12310627996948453,-0.08243818001885071,0.001064093621230811,91.31183144232118,0.30542951916785877,0.010933581294552235,0.9030927139371695,25.96808348197293,-0.5279685938344227,1630.6525379609868,5.0,9207.734407049626,7.05673579700031,23.545125447542947,Heavy,wind_gust,1
60,10.84283624524687,-60.43355260521665,1168.77107228262,-10.310488214345074,-0.3435931773953847,-0.010385611023168217,-2.879151533292492,1.0211533419839678,-0.12629738565028167,-0.14605686621540506,0.2891689357508426,0.11208853137268285,-0.07572044951424924,-0.007739039385508818,87.2574307452419,0.19920371051114047,0.011731430953099807,0.9030927139371695,23.99589872781375,-0.8487674236456069,1630.6525379609868,5.0,8587.826007929592,7.05673579700031,23.545125447542947,Heavy,mass_loss,3
60,10.535578104210293,-60.25361366023526,1168.3149548281017,-10.105261364503596,0.1769929722378435,0.0790858513041172,-5.433222682034211,-0.1573816152424695,-0.13326747048558765,-0.1739162661577318,0.2920974018852321,0.10699571398490187,-0.07966407510488119,-0.0031519680532345546,90.52053936960283,0.14417846335225387,0.009583466312010631,0.9030927139371695,27.74967376450531,0.22961190646890314,1630.6525379609868,5.0,10288.825535488775,7.05673579700031,23.545125447542947,Heavy,drag_change,0
60,10.493893967762311,-59.75473594923451,1167.687409556567,-10.254466235752176,-0.962067502042669,-0.05462337475427882,0.030942253539005437,3.0420267311926534,-0.10678182246185672,-0.15222762124922912,0.28329098469390296,0.1030186182075494,-0.07586659436124063,-0.0013847805978239398,90.6389818237871,0.19934379806195573,0.010430869645445536,0.9030927139371695,22.170840062708255,1.3138227567884142,1630.6525379609868,5.0,10316.9250367717,7.05673579700031,23.545125447542947,Heavy,drag_change,0
60,10.50579467883584,-59.78834229897592,1168.8430519130204,-10.546583696269336,-0.25301156236785105,0.32068303109603685,-4.628820198253489,-0.2874287460540168,-0.02256122071724831,-0.10388805959003256,0.292655346164694,0.12402159754951023,-0.07987609674673644,0.010027780117572865,83.16094322789681,0.19303670018125274,0.00856268256642385,0.9030927139371695,25.3877836410138,-0.47235579654539733,1630.6525379609868,5.0,10075.83222948117,7.05673579700031,23.545125447542947,Heavy,wind_gust,0
40,22.629067658159535,-77.26187981078269,1024.5615559054793,-12.697442347503314,0.3672510126846993,-0.7832714576205844,2.763836997919959,-1.4100137466527294,0.1367699255797934,0.015457569364952146,0.03178054215529149,-0.09407095590825836,0.3106036832247927,-0.29269093872400687,0.4421119237956296,0.2216232232922471,0.0001460672183692028,1.1608344048259969,10.359920808032669,1.265636331473848,3488.4021293351075,5.0,100.26596166768378,0.6536653151661357,17.869501221132353,Micro,thrust_var,5
40,23.496811324515956,-78.06860137111867,1028.9863074169218,-13.417475444922278,0.016442362291185866,0.2254648188041438,-5.0851592599570274,-3.547654286037102,0.14966689657171559,-0.06099744122178836,0.16496144466439358,-0.09235664040382441,0.3166025678594631,-0.2913301202805043,0.4119697565839136,0.2864880371748622,0.00012783252526762354,1.1608344048259969,14.998519734095993,3.7288190786465725,3488.4021293351075,5.0,91.571205389588,0.6536653151661357,17.869501221132353,Micro,thrust_var,0
40,24.022556627051028,-77.57723714354782,1023.7253157431288,-12.955148286784155,-0.775695967444344,0.10614602238072343,3.901617951514221,0.6895105805488428,0.10283951052056753,-0.006792658726988292,0.026268498503364886,-0.09790855520121379,0.31913428613170725,-0.3005846810346513,0.464983299196692,0.18854260785135218,0.00012694785491246707,1.1608344048259969,12.550837075081352,4.022982225177842,3488.4021293351075,5.0,87.64148958055638,0.6536653151661357,17.869501221132353,Micro,drag_change,0
40,20.43277552087682,-77.9369386878223,1024.3799173378866,-13.650573515017337,-0.2643419743949786,0.5713166948658972,-6.24659887380726,-2.646624065345783,0.11046572338864533,-0.07922939361832697,0.060775644767210674,-0.1165516277909984,0.31528685603956413,-0.3187372638895627,0.4283215308806328,0.1972113678981701,0.00016087755313542518,1.1608344048259969,11.259077212653093,4.27439392846673,3488.4021293351075,5.0,93.0266773425956,0.6536653151661357,17.869501221132353,Micro,drag_change,0
40,25.15984352569858,-78.20035091273947,1025.58873652729,-13.226577614856811,0.14535032082145022,0.25999156106676813,-3.6758457163141305,9.77565322512527,0.1732348369080087,0.025948964102767536,0.0510911924068482,-0.09845827803800854,0.3251936917567506,-0.31149280802276186,0.4236029816353207,0.29576078173110154,0.0001495205230806017,1.1608344048259969,14.126646065430354,3.753186933577597,3488.4021293351075,5.0,92.43233769359924,0.6536653151661357,17.869501221132353,Micro,drag_change,0
40,23.477967902072972,-76.41582611823755,1023.2539904136995,-12.860051010851494,-0.2042359632446116,-0.28303433381931886,7.177791839705648,-4.503856521924965,0.10589210358188968,-0.05347245366062445,0.18983770735818592,-0.09319606144776338,0.30979107554204055,-0.31623221597073536,0.4811386612282731,0.18928922898694128,0.00014060062242278337,1.1608344048259969,15.448355441166406,2.5470297665658688,3488.4021293351075,5.0,88.0073239901644,0.6536653151661357,17.869501221132353,Micro,thrust_var,10
40,23.646775477545862,-77.42796704541519,1025.7420351564633,-13.120323768010326,0.25183296514690373,-0.09454780715929459,-0.3701850313229838,-5.270756982957234,0.22450812964786998,0.06673165212085967,0.07309044935484943,-0.07110480173984271,0.3271216168635786,-0.31185991095845844,0.4547086241486544,0.21993217358983258,0.0001536359263781038,1.1608344048259969,9.741359774242056,-1.6206283143945395,3488.4021293351075,5.0,98.90045419111128,0.6536653151661357,17.869501221132353,Micro,drag_change,-5
40,24.22417807277028,-77.6455434058006,1027.2094353332732,-12.831792194042482,-0.6417711059015804,-0.2577690582319273,-2.7437934412807556,6.619062874968185,0.10615940135809919,0.051071060282613934,0.062109661734041734,-0.07972592441008601,0.325320958774136,-0.30850877890723144,0.4605433318959765,0.17476992051115078,0.0001704041719051488,1.1608344048259969,9.556407246491013,-0.8610601619375866,3488.4021293351075,5.0,92.51365895588243,0.6536653151661357,17.869501221132353,Micro,thrust_var,10
40,24.96669001247684,-77.27499835874619,1025.1543498520662,-13.79664094116442,0.4418197393568351,0.04288556296609377,1.5467558472967513,1.977118812996523,0.11286880064484012,-0.013066716950298249,0.050701315481557284,-0.08564308369613403,0.3057947584337891,-0.32276801820439316,0.371174911729966,0.26243558594035143,0.00014807063550857823,1.1608344048259969,11.210261405101512,-1.6011973569804399,3488.4021293351075,5.0,81.69332874148074,0.6536653151661357,17.869501221132353,Micro,mass_loss,-9
40,22.87162701597992,-77.7859492436297,1021.9719136469313,-12.982719345754328,0.27431750433506685,-0.3802098946196893,-1.9056541891557488,4.828407667566397,0.06458865820760157,-0.056484752560209794,0.061350809058757345,-0.07975973821951438,0.32998348095436464,-0.29439073078844846,0.4133822986333721,0.1670219520965326,0.00013922935154906513,1.1608344048259969,11.866533565894509,-1.553589242541853,3488.4021293351075,5.0,94.26276747115898,0.6536653151661357,17.869501221132353,Micro,wind_gust,0
33,17.53306970093217,-58.52962261768694,672.3602133970466,-12.175325213186298,0.24152467153135554,-0.11356285612663876,5.466542704653232,1.5368190975521325,0.1854669279358711,-0.042306851555405506,0.21240288551570813,-0.155994327368407,0.4388849657372395,0.11790507760410579,0.2842146178909609,0.2152181279233831,0.0001273859536753529,1.2243449771518082,-8.304861138416236,-1.4204426617298807,2061.8338130591874,5.0,53.029775247528534,1.2230005679583251,12.464350605716742,Micro,drag_change,2
33,17.19337640329807,-58.55612365078286,673.1555507913795,-12.06073754599071,-0.27649760359223763,-0.12399406832867917,4.193024076471142,0.18300216277158082,0.1993438311246586,0.09875359133474637,0.3298192583262326,-0.12360974355372698,0.4398430389051105,0.11095192005573176,0.2805357709724518,0.2872646915617245,0.00015338292788339797,1.2243449771518082,-5.979923761638509,1.4239714732760005,2061.8338130591874,5.0,51.70575793332752,1.2230005679583251,12.464350605716742,Micro,wind_gust,0
33,17.664809290253256,-58.154118720003325,666.2908705194814,-11.857379380405062,-0.4570764709259174,0.06517014110114822,-2.9787879895927247,-1.5082266501362949,0.2884476717727079,0.0735916059409645,0.2593690242722506,-0.13858946199962882,0.42311607661708367,0.12798954767574586,0.3250316277948978,0.259973933896208,0.0001343616292482051,1.2243449771518082,-7.622996499253276,-4.0537098343181555,2061.8338130591874,5.0,51.16615950316759,1.2230005679583251,12.464350605716742,Micro,drag_change,7
33,18.400654892818675,-58.13080525120035,668.0142160196208,-12.184887222915838,-0.17924923794385453,-0.2924258681831962,3.391049917768918,1.2160210662944015,0.22749213990886388,0.11876660705230663,0.2640383704529101,-0.13279178387132293,0.44937760531358706,0.11383999920196139,0.30403636468360784,0.22867841314114903,0.000156929563562497,1.2243449771518082,-7.243674355734084,-0.22405404538817633,2061.8338130591874,5.0,53.09078049595343,1.2230005679583251,12.464350605716742,Micro,wind_gust,2
33,18.618786747365565,-58.453866409228375,673.4804362270995,-12.569627944967323,-0.24741117274036348,-0.03384959649344357,1.826959095648566,-6.036659984199209,0.15586648698014083,0.12991909685944392,0.32019179357285366,-0.166070505988972,0.4387658627034308,0.11311908864074438,0.2715366513001376,0.1659436519932121,0.000143124031739603,1.2243449771518082,-4.975700540057079,-1.0735729423105502,2061.8338130591874,5.0,51.84168886996775,1.2230005679583251,12.464350605716742,Micro,mass_loss,-3
33,18.9016498690212,-57.933721900573985,673.2636906458966,-12.186089379893042,0.20186846785338988,0.051942039281881916,8.608850053818756,0.6581912214631708,0.17450604376863194,0.16454533300801077,0.28167706758612365,-0.14098773397883543,0.4162316243564095,0.13105261540899574,0.3189665338646672,0.157490948629752,0.0001547048606228933,1.2243449771518082,-7.262601612379129,1.056669918289645,2061.8338130591874,5.0,54.51538655517647,1.2230005679583251,12.464350605716742,Micro,wind_gust,-2
33,19.88919716359851,-58.14604120863026,672.967121895694,-11.957816479355323,-0.2855017859968386,0.22769351145728034,-0.4657288469976738,7.028382317899171,0.14231391915082858,0.13537508807700266,0.28499296505153193,-0.14762879200052137,0.4305377856169635,0.11554779725098363,0.31673525614189835,0.3108987071314675,0.00017195049404149346,1.2243449771518082,-3.341083592071836,-8.37229500813935,2061.8338130591874,5.0,51.97783706571649,1.2230005679583251,12.464350605716742,Micro,thrust_var,7
33,18.801794350867752,-58.46660787602606,670.0963104970617,-12.467221514228084,-0.2097807104113701,0.006461027851634739,-1.1775301323220744,-2.347875770070549,0.21102031464825072,0.1418074474644922,0.17429485927123728,-0.15352353721685244,0.4227704619649513,0.10887649411235817,0.29071442614395954,0.1798330800348653,0.00015382299999361712,1.2243449771518082,-8.46525271544009,-1.5291002586669626,2061.8338130591874,5.0,47.54622662002362,1.2230005679583251,12.464350605716742,Micro,thrust_var,7
33,20.85965697028055,-58.267100631186764,669.9572114876235,-12.747103985647001,0.10056247260976363,0.34076228310449197,1.9941536560225461,-0.9717892333788731,0.1724955644353812,0.14629982049307627,0.24271767131028432,-0.12858833591405555,0.4195908582715865,0.12909618064541642,0.2721809369572678,0.20725511431806112,0.00014361199166343437,1.2243449771518082,-9.25004634918343,-4.120038833357475,2061.8338130591874,5.0,48.80174761050444,1.2230005679583251,12.464350605716742,Micro,drag_change,-3
33,17.76250204137226,-57.79579020747895,670.4773976232206,-12.308824865603865,0.2046421786091243,0.05429808010631857,-3.7297373441005406,0.5232888506627761,0.1995724716090908,0.1561980692276936,0.31035118577631937,-0.12285867487557126,0.43263946444303764,0.10592366629198033,0.3050659049469462,0.13310125777691328,0.00017678173941206677,1.2243449771518082,-7.332249202587556,1.9702643876311312,2061.8338130591874,5.0,52.44987290653295,1.2230005679583251,12.464350605716742,Micro,thrust_var,7
59,17.47696413679544,-30.396173280041154,1025.8162291314643,-10.172110022682173,0.05112687356469255,0.05785124089969427,6.981850206554936,0.025385527254971445,-0.01740900552329096,0.18310994773864075,0.01130098464438642,-0.22268442951397002,-0.023886575260523343,0.24701880840437943,5.769060002262497,0.1738346216687972,0.0011855335545142532,1.0770618464497068,27.113999316871094,0.8616502165187786,526.2411926317413,5.0,929.8924164345635,2.947392918444785,5.0,Medium,wind_gust,0
59,17.90035819057066,-31.44763123967172,1025.0009795248689,-10.578686366836596,0.04541750141052936,0.009749679884029422,7.5264185237921675,-1.3603528790683985,-0.06525551396259455,0.24017639424971793,0.027104916153579718,-0.22347028481925577,-0.035228171859600504,0.26077104404522133,5.801874098051362,0.1272985698239833,0.001023002300736105,1.0770618464497068,29.755481341513452,2.1153218690058613,526.2411926317413,5.0,891.2843184598312,2.947392918444785,5.0,Medium,thrust_var,0
59,16.802101284005865,-32.12628430398396,1026.7022766286905,-10.271218013960432,-0.010416638311456485,-0.054516748353711876,-4.707783405898354,-7.614498570694104,0.08776118333475452,0.26338613672139166,0.1602385125420253,-0.20727069355705618,-0.02813577060426195,0.25644514959300146,5.731625258242777,0.292210034446622,0.0010975212630562822,1.0770618464497068,25.912855978463227,0.7032376731094496,526.2411926317413,5.0,977.9610518549446,2.947392918444785,5.0,Medium,wind_gust,0
59,17.60070636549407,-30.96030040982169,1024.3667933124648,-9.847578948224951,0.16409272943965145,-0.06466670955525104,2.148827987712501,0.9952270492917663,-0.006438822082469348,0.25416437978704653,-0.04146325142194808,-0.21028102634325607,-0.02557556911402703,0.2467776899454099,5.58182653316964,0.1901702273206324,0.0008627087701002684,1.0770618464497068,25.75092658671681,-0.22988422200824055,526.2411926317413,5.0,932.1497390344896,2.947392918444785,5.0,Medium,thrust_var,1
59,18.187657543418247,-31.04484400861817,1025.4061014516215,-10.463619415752405,-0.4533902614792865,-0.44064456198882024,-5.459829201429955,8.467094098393904,-0.1137160774772017,0.33972116063188196,0.016360502927650365,-0.23247169134876614,-0.020708416330122735,0.2673078027954156,5.2264358079952595,0.19551741699843742,0.0011337285447603931,1.0770618464497068,29.349179032974945,-3.089800085829226,526.2411926317413,5.0,930.5193293838526,2.947392918444785,5.0,Medium,drag_change,-6
59,18.52522655942208,-29.8368834879446,1025.6496327767002,-9.964447084565183,0.14008420524810308,0.24305054071828835,-0.3544556019476648,2.3235672578525803,-0.03165818005884744,0.3088129292456209,-0.027011158273394217,-0.22130541019033528,-0.00371133548940783,0.27004338129243943,5.774692686126373,0.22961031447372923,0.001066108839390447,1.0770618464497068,28.7886801235696,-1.7530607734982613,526.2411926317413,5.0,908.8710941353906,2.947392918444785,5.0,Medium,wind_gust,-6
59,17.423798018996447,-32.22268643917727,1025.773558551644,-10.09130439184856,-0.12932534294740017,0.2057118079444452,-6.665977843957985,0.06492707429797363,-0.049472982852373795,0.2677040244158893,-0.017539943002825575,-0.22414655027572417,-0.024726425678985586,0.2600470995825823,6.213570926296616,0.24029741943695104,0.0010601585024972533,1.0770618464497068,30.070351055076525,-0.6076448930864681,526.2411926317413,5.0,1013.1986045099941,2.947392918444785,5.0,Medium,drag_change,0
59,17.869750780957187,-30.815193484908104,1025.280044438136,-10.313710168902478,-0.008859371627384427,0.45073617826147705,1.0701229644540204,-2.522250360905996,-0.07947798301663156,0.1897209806589042,0.02806762017425305,-0.2159159814634525,-0.02729889411392781,0.2568576182974932,5.429007902927031,0.25133159194952615,0.001089681483979632,1.0770618464497068,26.402997227429093,-2.8233336333745447,526.2411926317413,5.0,951.9145824584925,2.947392918444785,5.0,Medium,drag_change,-6
59,17.160123127167648,-30.965349749221105,1023.2498259498192,-9.572077337577548,-0.3180613718457168,0.062130724110047594,-2.680007317873259,-0.24949634692515332,-0.03331950516269103,0.24950325593375705,0.03507973825672232,-0.2193921687726299,-0.025613835216281418,0.25787389225838425,5.826210003779293,0.24054982304750436,0.0010703422638399245,1.0770618464497068,27.791849468098302,-0.5130059985305321,526.2411926317413,5.0,868.0935667220691,2.947392918444785,5.0,Medium,drag_change,1
59,18.024989148384652,-31.554064160445368,1025.1901365672713,-9.877872389929466,0.26333949622003566,-0.5286153081121888,-8.646616943980366,0.7053792596875768,0.009704292732319986,0.15351176010295692,0.11805058962901645,-0.19425957428617657,-0.0130606655430728,0.24670466450048412,4.974217364363371,0.2116498509191263,0.0011939962987070865,1.0770618464497068,29.797908418203914,-1.7979522135280028,526.2411926317413,5.0,819.9250456789093,2.947392918444785,5.0,Medium,mass_loss,-9
143,32.89752289930362,-43.804013996744274,669.8247870032961,-11.033418965713503,0.10643998432421665,-0.2192351502134486,0.5069488906494986,1.6470039491923463,0.17617259069718194,0.20325021918762828,0.2327117638261544,-0.008477560901294272,0.20280476360113403,0.21637320727910744,12.293091996462458,0.23733823693801184,0.0025598274566951545,1.0436474742401736,30.090694748612822,0.78411149658046,1019.5221489990695,5.0,4012.138446724076,3.3009547559239563,5.0,Large,mass_loss,-14
143,36.19482771070153,-44.335640283304706,671.2160966618253,-10.25881407503993,0.3067944789961431,0.42673079415978177,7.592727773342526,-3.66776156273819,0.2418000179328353,0.31442866618235754,0.20530417125281802,-0.02436546431619254,0.2088209479822876,0.23520864829815905,14.322894775463245,0.21812360435645614,0.0028385555950393242,1.0436474742401736,26.923564196764627,-0.17980182352170165,1019.5221489990695,5.0,4555.822930928152,3.3009547559239563,5.0,Large,drag_change,0
143,34.25511075850622,-44.020008987281315,670.927441201571,-10.854498935969625,0.044189420539754116,0.012454713004657315,3.3178183076183805,1.5243380240546287,0.18252887346882696,0.3454781772533068,0.21834131293611178,-0.004537550392001141,0.22969031884834842,0.2260289378983051,14.384031188231425,0.1615949768165123,0.0027648330632382,1.0436474742401736,32.11883531096886,6.37018896431969,1019.5221489990695,5.0,4643.725281052017,3.3009547559239563,5.0,Large,drag_change,2
143,32.64035684152855,-45.27599589431916,673.2071782635054,-10.531546487139153,-0.02920222768928889,0.05247002447291171,5.782550928533942,-0.04220567574817777,0.024430158173657734,0.18718259403643434,0.29833451676917505,-0.006990598816993446,0.2281647108917853,0.24642910134183427,13.391475208170544,0.12953563008865243,0.003134560658842069,1.0436474742401736,26.660955531698075,0.3266227919564685,1019.5221489990695,5.0,3646.6245389764613,3.3009547559239563,5.0,Large,mass_loss,-133
143,35.375012019220826,-44.77497465395164,668.7056366043026,-10.580280411740485,-0.28227270318291664,-0.40758474221353314,9.721651579073868,-2.258238181779711,0.28463196155670556,0.23896329984829862,0.14597039336513407,-1.0683125655101822e-05,0.209538789910774,0.232953600849561,13.688374389133308,0.19809434290349784,0.0027603124283886974,1.0436474742401736,28.283332250902184,-0.94786507897696,1019.5221489990695,5.0,4648.272073433829,3.3009547559239563,5.0,Large,thrust_var,-133
143,33.512935204032644,-44.08791539991052,673.3265123362802,-10.636411502838966,0.028135146245995266,-0.21762594397482396,-5.458462254686733,0.6066576462750031,0.1794522764559357,0.33485598250623827,0.19323277986109846,-0.023422133996777353,0.23458110719735303,0.23287681561756599,12.757112677350385,0.1972288866516723,0.002988972705001922,1.0436474742401736,29.147608944687025,-0.8347179969659836,1019.5221489990695,5.0,4552.8353794791155,3.3009547559239563,5.0,Large,mass_loss,-8
143,30.62948754630505,-44.24029184168597,671.4076259351625,-10.696649259907577,-0.6368694808493967,-0.09962217571404113,8.067576997329656,2.7527000475615617,0.11643562443510903,0.33335936622467716,0.1760401494610487,-0.010234592860143511,0.2195782512645148,0.22789435709047232,13.364887528446673,0.2376836836654259,0.00295107587190046,1.0436474742401736,27.850995711414484,-1.713440007817318,1019.5221489990695,5.0,3861.483267905721,3.3009547559239563,5.0,Large,mass_loss,-16
143,32.740031436587365,-43.568289309753965,673.5454904512188,-10.811565269079262,0.44733492715676165,-0.05868792786265241,3.9996366945199346,-0.17284605696382133,0.13707607456438645,0.32879309292158315,0.1862900141836951,-0.014496148568195064,0.21677682023880357,0.22771080600349008,13.68538529730854,0.22533100304351325,0.0034936399550317037,1.0436474742401736,28.7595491608347,-1.5214345184859686,1019.5221489990695,5.0,5093.4187908629265,3.3009547559239563,5.0,Large,drag_change,-2
143,33.852744733894156,-44.56046637046062,673.7849405229222,-10.493130081513167,-0.06498649262465032,-0.025044524422626432,2.219583979274132,-0.3609170726505209,0.1650395985669493,0.3419982432094964,0.16047750532242072,-0.025439111710887957,0.22457498983329585,0.25572344073840914,15.327165201617836,0.29321043980363626,0.0030601505143125936,1.0436474742401736,27.15698468964848,0.9130663464921027,1019.5221489990695,5.0,4814.482071841612,3.3009547559239563,5.0,Large,wind_gust,0
143,31.938929216969267,-44.942612657958044,672.3354846293503,-10.351323343480459,0.3208131097052037,0.08413917316153305,-0.3758178155433947,4.538253607215269,0.08667487299827825,0.27961525195712555,0.1840710621307723,-0.010393000094609497,0.2249623683560676,0.23435376738204985,15.204028928942842,0.26194812505277393,0.00336016229972856,1.0436474742401736,29.913741134463184,3.749192874656586,1019.5221489990695,5.0,5201.890385459133,3.3009547559239563,5.0,Large,drag_change,2
10,22.719965126378675,-21.15388119143983,734.2964746535623,-9.63168953390918,-0.14201344867458882,-0.27170128754421163,-3.419758816596211,7.051677751294703,0.05808933189299715,-0.2190627508213695,-0.18979028570067316,0.0807092683104684,0.19369364884989157,0.35090960332970456,47.91159263644439,0.18373497316265444,0.011004672642594417,0.9566004105122351,10.070651541592296,-4.2557611829991835,206.55383527632043,5.0,9353.242491362758,6.796217043431791,5.0,Heavy,wind_gust,0
10,21.711793597760607,-21.724542249330415,736.7608761010118,-9.70106886197143,-0.3557051373731728,0.2241116780230911,-8.509158346463384,0.10095619116165395,-0.029348360163256988,-0.19518470090884613,-0.056428002701354035,0.07255921656879177,0.20654073154947472,0.35806257716938567,42.12229212955741,0.12793312030923443,0.00869755117072581,0.9566004105122351,11.722137313143126,-0.6098791177507099,206.55383527632043,5.0,9669.57711741806,6.796217043431791,5.0,Heavy,drag_change,2
10,20.769095225296454,-21.186661840439182,736.3277535087041,-9.695539753288799,0.3649094223897567,-0.19404588388601582,3.5880963509872785,0.08120007222273316,-0.10379785840810565,-0.23866023228431418,-0.19160573228650227,0.08682425098442374,0.20725538531909551,0.36391921243413716,44.45354775534439,0.11810440081655331,0.01173172180771112,0.9566004105122351,12.596034124306293,-2.8169972697060297,206.55383527632043,5.0,9089.121042859253,6.796217043431791,5.0,Heavy,wind_gust,4
10,23.269778322185633,-21.195961047278523,734.3899857091724,-10.162466829996744,0.11295539343028431,0.4469482035519066,4.23907959727888,6.424622391376509,-0.16654119645791726,-0.22124599963860161,-0.23594265746443904,0.08307730486911688,0.21033147317435766,0.32602239514418085,45.43749063318891,0.2584040491145727,0.011733182445911176,0.9566004105122351,10.536257634039126,1.238049038339193,206.55383527632043,5.0,8402.712444404224,6.796217043431791,5.0,Heavy,thrust_var,0
10,22.36629013133704,-20.86620585295484,738.00308468821,-9.925918578268702,0.17658807469063356,0.5230828878537157,-9.33432288276527,0.40631119917892733,-0.10626243132010009,-0.21580946737574266,-0.22765736178246956,0.07456966031026178,0.2235465630443055,0.3522385334642964,44.53182844191514,0.24483873402015935,0.008937935884584018,0.9566004105122351,8.610889238312396,0.0006365258277457707,206.55383527632043,5.0,8108.415783758228,6.796217043431791,5.0,Heavy,drag_change,4
10,21.247948062395967,-20.567069651680203,736.8561797157704,-9.756533867922055,0.11267572468721126,0.2490628164119167,-2.7531745757729498,-5.070124470791679,-0.038217866717920324,-0.20396547564733955,-0.17853538613152298,0.0806638703423187,0.224743969232804,0.36388336318473563,42.28417865848011,0.14274888811212216,0.011438077858193648,0.9566004105122351,7.0408444500986445,-0.905005695382102,206.55383527632043,5.0,9198.71874390866,6.796217043431791,5.0,Heavy,thrust_var,0
10,23.056165940068723,-20.38352991461613,737.0782527072588,-9.877754193125279,0.45205689751880035,0.08675780551233521,-6.325707674870499,4.802159931671946,-0.01025102726762573,-0.16916695629425413,-0.04929866164697391,0.07644251410086288,0.1943827818150674,0.3586120424793445,37.12110708259597,0.31133655657750714,0.010118506174414307,0.9566004105122351,9.723528302876545,-2.5105661031141597,206.55383527632043,5.0,8179.774990396634,6.796217043431791,5.0,Heavy,mass_loss,4
10,22.70350680716319,-20.82514307859879,738.6242784212433,-9.796126505987056,-0.1410605775354902,-0.49489275731864385,-9.515106419488195,-0.5950870857030338,-0.08182250509766324,-0.20678534126766124,-0.220284545338887,0.06901024010558152,0.2188732964501983,0.32572606429767526,45.06229180799171,0.18619799520040817,0.011177572893895494,0.9566004105122351,10.738802491079198,-3.4661877059670485,206.55383527632043,5.0,8077.331341024936,6.796217043431791,5.0,Heavy,drag_change,2
10,21.50443958024796,-21.39232265268922,735.4812773266492,-9.88145511551064,0.3851730953062301,0.1684529801759585,1.681112262237028,-4.289101383780466,-0.03229853931614599,-0.2112050375625522,-0.23866799757585866,0.0684993913982116,0.2111243487371116,0.3506180462951956,42.11490316003654,0.18111081966089512,0.010041428747109072,0.9566004105122351,9.584027731756219,-0.0969188687420884,206.55383527632043,5.0,8037.271977584711,6.796217043431791,5.0,Heavy,mass_loss,2
10,22.687756693552515,-21.447338309805364,735.9524571917317,-9.770308475275376,-0.24507172391114732,0.08464912158414972,7.124060931831365,-11.962424157705591,-0.07363669863702657,-0.16649727476700205,-0.26965404902119194,0.07219500703715312,0.2227698803676749,0.34897450526339674,40.5259299635211,0.25654159115811304,0.010204248285051636,0.9566004105122351,10.068451211038093,-0.1967836542160443,206.55383527632043,5.0,9369.385434884898,6.796217043431791,5.0,Heavy,wind_gust,2
60,12.568943427105035,-48.311868711210415,847.7091084247778,-11.027344595590598,0.2545858984878,0.3809250882642053,4.493626215593188,3.955230379170465,-0.2578980597190105,0.19423322834131215,-0.049014386077084096,0.24225527808871314,0.20400177691674293,-0.2956772050161212,3.2946538107508623,0.18225436812131768,0.000991592631486827,0.9443614561646602,16.39724218056997,-0.32314623439779994,1136.1717708262486,5.0,392.5452617364822,3.191660294503344,12.812791866557854,Medium,thrust_var,1
60,13.22349848756994,-49.091562334965325,842.0190673572731,-10.82595862925673,0.26072235206187067,0.40161423003596164,-0.9425373962950647,-2.6025097886776933,-0.17243856052814274,0.10798928290662882,-0.06777119251717764,0.24861591200962005,0.20584777058205217,-0.299870625932135,3.4435956282377456,0.28382274142996416,0.0010212682598725097,0.9443614561646602,16.045515809820813,-0.3812774847371738,1136.1717708262486,5.0,391.5027885036955,3.191660294503344,12.812791866557854,Medium,thrust_var,10
60,12.966928347088036,-48.5735474752702,842.8544315026924,-11.231959894195041,0.2518286757593081,-0.03513096805659904,-8.848554165626432,-1.261449301433989,-0.2326745393848118,0.17307452653259944,-0.06877018115364274,0.23530826481378464,0.21289127424930337,-0.2936704665875171,3.297697228729427,0.13772012802318198,0.001006453119228104,0.9443614561646602,13.661988886831526,1.492994406528777,1136.1717708262486,5.0,374.39691771234095,3.191660294503344,12.812791866557854,Medium,drag_change,0
60,12.637743299692536,-49.506693333572684,837.4094206828138,-10.939251899090705,0.09110669378474799,0.3967034940531532,2.3706033078764297,-13.03799755642629,-0.2043574069372481,0.10393726482393556,-0.041410005188045815,0.21801754878045837,0.21022242548332004,-0.29037470181537656,3.2952911172666144,0.16004953574384007,0.0012285297298632266,0.9443614561646602,12.609771497172755,2.291418129549176,1136.1717708262486,5.0,427.3195157298081,3.191660294503344,12.812791866557854,Medium,drag_change,-5
60,13.836232550830175,-50.20589879716429,842.6398167279926,-11.316429974491635,-0.21104345053796,0.06289421389183808,4.343122200317372,5.10995641646608,-0.17890789632515508,0.18494378679671708,-0.07010898522725872,0.2374238204311637,0.20851584455384248,-0.3074307156716073,3.314811697849043,0.17606481733801121,0.0009286882388347322,0.9443614561646602,16.036041404223617,0.2879937959331466,1136.1717708262486,5.0,432.2638757765018,3.191660294503344,12.812791866557854,Medium,wind_gust,-5
60,13.915954545030548,-48.90018968318456,840.6912196089522,-10.98614996236915,0.016662440438025655,0.21472343998933732,-4.33933205983241,7.86787294348815,-0.18990183562126192,0.10245126446753873,-0.0525690374923245,0.2306077751076382,0.2253558261915433,-0.2935961825383504,3.2906025074708607,0.15073107152181242,0.001078288067039551,0.9443614561646602,17.320933800325925,-0.7650534713599043,1136.1717708262486,5.0,393.31985854397345,3.191660294503344,12.812791866557854,Medium,thrust_var,1
60,13.321697524783882,-49.36032223791441,844.6740745614618,-10.652562864576902,-0.08923925239717778,0.2760776282910316,-1.061522707882998,-4.682155983706718,-0.19054220748183925,0.13969644929070243,-0.15632601536768806,0.25080228607625726,0.2056430021690384,-0.2882502836727881,3.4385038022522667,0.20599741585819442,0.001059936907941081,0.9443614561646602,18.42262814964958,4.339745373672066,1136.1717708262486,5.0,401.8189087711174,3.191660294503344,12.812791866557854,Medium,thrust_var,1
60,12.82815581974228,-49.10735696973499,845.1521039618782,-10.333431810636146,0.07161764248716598,0.4399525533543062,-7.219101974257426,4.023866642932437,-0.1586357258197966,0.11686502238028548,-0.03632450094611155,0.24611029448425467,0.19878947763327923,-0.2912607056907127,3.329507358030795,0.16428127761451,0.0011881240972438985,0.9443614561646602,11.968306805843739,3.286195553343555,1136.1717708262486,5.0,427.2799581622299,3.191660294503344,12.812791866557854,Medium,drag_change,5
60,13.412786159274622,-48.47784923009155,843.5307333217187,-10.873842438359967,-0.05142449453960234,0.19492018370775605,-4.545422526868528,0.6211859112278972,-0.18072592656237216,0.20768809102663494,-0.20976190520283708,0.2430288099165256,0.20727506086361452,-0.31679113402262493,3.4605904934824756,0.19341997131134478,0.0009942010664556577,0.9443614561646602,17.413916808586695,-1.4876323594250975,1136.1717708262486,5.0,425.27509432250247,3.191660294503344,12.812791866557854,Medium,wind_gust,0
60,12.491749346445262,-49.81223925706699,838.6420427468805,-11.315894843079954,-0.5467241767673006,0.30738804372163037,1.2556377993943348,0.19940170814853714,-0.18639492994205212,0.03975038958554897,-0.04772784821487944,0.24680970248466183,0.2052409862863305,-0.305936381708171,3.22154766374817,0.22615591989830824,0.0010146988858170817,0.9443614561646602,17.50269224330927,3.199052624822973,1136.1717708262486,5.0,431.61746788581695,3.191660294503344,12.812791866557854,Medium,thrust_var,10
70,12.665236029334057,-40.93079440696079,930.0026519126944,-10.661980743560807,0.2265931844639136,0.24112721801846237,-2.82725345953233,4.669109262196438,-0.3357908836388346,-0.2188849937374029,-0.11542877377551881,0.2427716967594062,0.33244227317456915,0.37054189311731917,1.5285986155875209,0.14133163459168105,0.0003769967057705881,1.1691598232430558,5.120156820366106,0.3614977168757573,934.0490872944592,5.0,173.8941622466432,1.5676008417863923,9.17057051841005,Small,thrust_var,0
70,11.710198452619775,-40.08642815780546,929.0443570041971,-10.66741771337724,-0.24135478066154756,0.11115106080463513,7.24899572471002,8.296066258934465,-0.26275054070537285,-0.265675045014636,-0.1681248433990454,0.25366956626873816,0.34828675917899393,0.3655777377285374,1.4273041118253322,0.2455988064381915,0.0004675318911184479,1.1691598232430558,4.444609501643969,-3.9405075988381206,934.0490872944592,5.0,158.5397428395776,1.5676008417863923,9.17057051841005,Small,drag_change,-9
70,13.525010619697467,-40.28516240439099,928.4344042222554,-10.370458396096952,-0.26582020245008153,-0.022069220717928443,-6.094233479387413,-9.464874990145049,-0.23606538759588355,-0.27836961760676915,-0.2010608158629962,0.2467931688365629,0.33969705338567535,0.36135119889872247,1.4342368434838357,0.2769354332377056,0.00046660982532162115,1.1691598232430558,5.943115193547329,-5.265097958859545,934.0490872944592,5.0,166.82544007434734,1.5676008417863923,9.17057051841005,Small,wind_gust,-5
70,12.286431637646057,-40.06329623173218,930.0786893520504,-10.580493014379549,0.00396274351943007,0.0053489580018770315,-0.6730428474504655,-3.0433640107620388,-0.2271770502514868,-0.2259592989451139,-0.12429762338051262,0.2376623182914712,0.33413347361245216,0.3773691500322722,1.2780751656846077,0.23114115072809033,0.000354577572965537,1.1691598232430558,0.6789866257166715,-1.1339983353540941,934.0490872944592,5.0,131.1993901403827,1.5676008417863923,9.170570518410052,Small,mass_loss,-19
70,11.883423274261034,-39.711689177577284,933.4979910208108,-10.384696403181469,-0.3733786606672885,-0.1432124394725049,5.251215748792477,-4.015575027049932,-0.17312235163845804,-0.17748057196426925,-0.16755790065073062,0.21742356789933345,0.3480742259907414,0.3681576679975167,1.4959661355914795,0.3337550231393458,0.00034557655641895,1.1691598232430558,7.7732408692737245,-0.3730074764152728,934.0490872944592,5.0,169.24596961263225,1.5676008417863923,9.17057051841005,Small,wind_gust,-7
70,12.375701605924966,-40.65313940294968,925.0607641240827,-10.62362487278674,0.005660752467052196,0.3816668878677147,-1.3462366677127255,-2.692464872247202,-0.28318004212721165,-0.23758248438156693,-0.33107201969135425,0.228361787441711,0.34601481971088566,0.3371851463963724,1.4310973430983054,0.18556472926178616,0.00040857895346637133,1.1691598232430558,4.96343587162571,0.8435130922555165,934.0490872944592,5.0,160.88107527173912,1.5676008417863923,9.17057051841005,Small,drag_change,-9
70,12.146052119092124,-40.133251519481504,927.6266562122089,-10.639901951952954,-0.2138728515020369,-0.023343505017964894,-9.231219261447336,2.6833520267874005,-0.24461347961030638,-0.2175766020171504,-0.09809256724531931,0.24250391031813934,0.33927542949887685,0.3682567512179743,1.4159345075925458,0.2296721687087848,0.0004125663547884695,1.1691598232430558,-0.16410460338650878,3.539845553702665,934.0490872944592,5.0,169.90560508423806,1.5676008417863923,9.17057051841005,Small,thrust_var,1
70,11.751668821592471,-39.57763055512713,929.9035978579203,-10.18295762562569,0.2196042816720571,-0.48346968670125323,-3.381729962370885,-6.840239796088571,-0.23861732411895248,-0.2778741373004943,-0.25403395737519585,0.2341798686367555,0.3159084318508682,0.36430822792913115,1.3695341174848468,0.1579710125959886,0.00029432111154987784,1.1691598232430558,8.030269715596123,-2.9258297739561576,934.0490872944592,5.0,164.07252769177876,1.5676008417863923,9.17057051841005,Small,drag_change,0
70,14.34708852192175,-40.49518132299418,929.6907521892877,-10.577045688640853,-0.07056534782137094,-0.02293151417061771,4.747322368733966,2.5409264831256007,-0.23599283534195098,-0.18272293525605365,-0.1364253647987557,0.2237930808445026,0.3355175018332286,0.3685589003171622,1.417936681794687,0.21785685573112598,0.00042329618545421403,1.1691598232430558,3.342220269139672,2.0364931090334015,934.0490872944592,5.0,166.22900094651882,1.5676008417863923,9.17057051841005,Small,thrust_var,1
70,11.420836640326819,-40.44527542805277,929.0733464280544,-10.278016661997286,-0.2653388922483742,0.10476746839548125,-1.042283579416601,2.517937954619636,-0.2451096949146858,-0.21035445537588096,-0.02735395336555077,0.26585247716134547,0.3353690613194396,0.3525460839360441,1.4012327614310358,0.23019983245583164,0.0004316192212225329,1.1691598232430558,0.24009312444940623,-0.8212851067540344,934.0490872944592,5.0,154.29315618334493,1.5676008417863923,9.170570518410052,Small,mass_loss,-10
90,9.79437840058736,-59.944077177078356,1145.8853501622261,-11.278092412333583,-0.16186388742414506,-0.449633145500537,2.6926807266746824,3.378336061882517,-0.10120488177472418,0.2013136408952952,-0.27521062143175046,0.5013314295662443,-0.3393254724860619,-0.2534050328302534,4.66076644947626,0.17899637071021196,0.0009310324231741061,1.1518783103106371,6.366831542171829,-0.8845854919719175,2041.349271746794,5.0,424.4420926084314,4.207919603156212,25.436692743825073,Medium,thrust_var,13
90,10.20420432877419,-58.836271879282236,1145.3158439752374,-11.014658123902338,0.671439576128136,0.759157406736082,-5.941180432550005,-5.915315032093352,-0.07654540132517379,0.2025980510921522,-0.16862088519905238,0.5004210017400191,-0.34640135047015247,-0.254606534825754,4.620709966383789,0.12554200109272523,0.0009801970820240047,1.1518783103106371,5.219427137216387,-3.301442267114744,2041.349271746794,5.0,412.0701758707527,4.207919603156212,25.436692743825073,Medium,drag_change,0
90,10.350174573398082,-59.88037720181034,1145.2700586271774,-10.604592452674632,-0.14635469317060593,0.06752375511921306,1.2985689867813837,1.3641356791266017,-0.027815201708413152,0.20847673887622925,-0.2993023342613781,0.4900139044100267,-0.32861224785638354,-0.24144381534702183,4.458449014339372,0.24862914834689687,0.0009321450693973647,1.1518783103106371,8.261448406502726,0.39038641541278235,2041.349271746794,5.0,412.8037796741491,4.207919603156212,25.436692743825073,Medium,drag_change,11
90,9.959123096424625,-59.85692629784319,1143.8511245051059,-10.90084253635414,0.6768393312036752,0.32364649816588026,-1.404229605381559,-5.564198431392019,0.08173277569275146,0.21881941591270127,-0.2263606751533133,0.4881718936015531,-0.32748694523762134,-0.2505677886448691,4.386071142207851,0.1830708663232571,0.0010183063908475228,1.1518783103106371,10.662931122627702,-3.149566201801622,2041.349271746794,5.0,405.7587421892268,4.207919603156212,25.436692743825073,Medium,wind_gust,0
90,10.26444494693493,-59.633563937499886,1141.8762590899503,-11.388886693197918,-0.5512719116233349,-0.06140303589448534,2.8024802592044025,2.144281080216005,-0.07943630622838979,0.2163878752440141,-0.3039438577645132,0.48773020466820166,-0.3509360647040513,-0.2538034407915755,4.256579630153212,0.17955697751299537,0.0009522598965417421,1.1518783103106371,8.09502956880348,-3.927144498547876,2041.349271746794,5.0,395.877684092565,4.207919603156212,25.436692743825073,Medium,mass_loss,-5
90,9.360884311120707,-59.61659457895167,1143.1411782518621,-11.463324403790725,0.16247823185194785,-0.1484686333718762,-7.433624436989907,-10.438579450285504,0.05609648701429834,0.2525777437572937,-0.27053515249433224,0.49502716964574894,-0.33925378979439735,-0.2433853934330982,4.43266476636812,0.17284133917615885,0.001023436459715453,1.1518783103106371,10.504016528227693,1.4828301893242095,2041.349271746794,5.0,459.2376983016227,4.207919603156212,25.436692743825073,Medium,thrust_var,10
90,9.985092525666252,-59.48009166487157,1144.9043686393393,-11.267302467771804,0.11009029890871071,-0.058488154026056796,-2.663425895765761,-2.810605369579537,0.012085902316503513,0.29532783462316625,-0.2648634041598309,0.49097881353116446,-0.330449073600138,-0.2471550835914735,4.596314472150168,0.13749899392605283,0.0008990398888329448,1.1518783103106371,8.980040623886051,-0.557846493561099,2041.349271746794,5.0,475.07756776738063,4.207919603156212,25.436692743825073,Medium,wind_gust,1
90,9.453526925581357,-59.674260526630476,1147.3095185181205,-11.340249947406212,-0.3201951786759651,0.3532349547107617,-1.6530266196674237,-5.3636198562842585,-0.05591927376763075,0.11991483974501274,-0.21544246836570358,0.505595034702677,-0.3443812706212255,-0.25017336242092597,4.1999762517865395,0.13345716351589793,0.000859302775000406,1.1518783103106371,7.122251945093923,-0.5578189164293865,2041.349271746794,5.0,376.87301887555793,4.207919603156212,25.436692743825073,Medium,mass_loss,-10
90,8.900718724965357,-60.060509678230524,1145.1416250679404,-11.064917074415922,0.5492214568450955,-0.3228620162257613,3.2823567472377615,-11.150880503453578,-0.07089466484726953,0.1947573912194124,-0.16368912878047812,0.4859870331314747,-0.33784938445724455,-0.23856640231919204,4.460624410918533,0.1735397178110798,0.000837760893637948,1.1518783103106371,8.842893004095943,-2.8659707686188978,2041.349271746794,5.0,455.3111845753628,4.207919603156212,25.436692743825073,Medium,wind_gust,1
90,9.735970090543601,-59.28643870172376,1146.6325116356538,-11.23021098522049,-0.21968169288558045,-0.33632461738001557,-4.923765524792976,3.954873360612349,-0.020954243755347643,0.14830476099414341,-0.1413212838740496,0.48338494986323793,-0.32437383832642025,-0.2332933063489586,4.245935421915205,0.16151380782095848,0.0009056524088528079,1.1518783103106371,7.07211791860913,2.1617415561360667,2041.349271746794,5.0,370.80283938940283,4.207919603156212,25.436692743825073,Medium,mass_loss,-10
120,8.157474554194438,-25.1088252851819,1093.9749543694124,-10.282851074951594,0.08472615616991305,0.055637831435083634,-0.33981193082408645,2.1820433376904607,-0.004603189089747757,-0.034215863017609593,0.13362378743836645,-0.29847269657046077,0.3789201566178205,0.47603346113701084,6.381068166665799,0.30314164594624027,0.000988030687687286,1.1074388583670518,-5.302837970357351,-1.2991441756132307,314.3656373434614,5.0,469.84125308431413,4.2226737224538,5.063936717042898,Medium,wind_gust,0
120,8.179399629232032,-24.496629136888828,1094.1493444177904,-9.888589987290684,0.013303292614427106,0.15155439599205453,-1.6174764211407255,0.035075125069588826,-0.015311835374465128,-0.08650871676757214,0.07721245125823481,-0.29690370448129566,0.3810933218349043,0.4552113028746456,6.044294640315084,0.2554548370339478,0.0009158995206188064,1.1074388583670518,-1.6959956030860117,-3.1188443346511305,314.3656373434614,5.0,462.4872494696501,4.2226737224538,5.063936717042898,Medium,thrust_var,15
120,9.077246907697026,-24.15401181526625,1094.288656447521,-9.93298277438872,-0.4014604440404699,0.15870279612291824,4.318807601891257,2.111032822312397,-0.08865547949831398,-0.08157415569592198,0.007209216875445457,-0.28967820657921617,0.37216227752901,0.4452959637938324,6.812122078931584,0.2750121640222187,0.0008662766449344628,1.1074388583670518,-6.1074749621658855,-0.572643149069871,314.3656373434614,5.0,488.3893618613887,4.2226737224538,5.063936717042898,Medium,drag_change,0
120,8.860549894634909,-23.4963734014304,1092.1996379583468,-9.974671552664358,-0.26090687159150294,0.2178419655430847,1.258916487408154,3.4118326395716303,-0.030593549427542062,0.030475214638747878,-0.01750905751961209,-0.30833543679503456,0.367220598494927,0.4733233112894398,6.007031749307363,0.1516918262447898,0.0009727996862460176,1.1074388583670518,-0.41475710332369875,-1.9525223306197381,314.3656373434614,5.0,505.4189818707238,4.2226737224538,5.063936717042898,Medium,thrust_var,23
120,8.182594409536629,-24.01074889004669,1097.9146897091455,-10.199410194905894,-0.013528334756369172,-0.619037928688993,1.6544539024386682,-6.708526703379749,0.04031825289868749,-0.03411712750181059,-0.028025774999634816,-0.3234328210415648,0.361414700858615,0.4676964726047133,6.304922044986731,0.17507810094133633,0.001061874430015661,1.1074388583670518,-7.5604010644753705,-5.854119685017138,314.3656373434614,5.0,482.6637278290071,4.2226737224538,5.063936717042898,Medium,thrust_var,1
120,8.24195290131571,-23.60420222879983,1092.9532416625516,-9.95558980546831,-0.2328299316852714,0.4996892559488385,0.9403889728226744,4.231398204805933,-0.03670649595578751,0.059323018423107166,0.005842880906445171,-0.3035552436572061,0.36649066760844984,0.4680518715708068,5.961482409324358,0.22952966403593095,0.0009974724156926297,1.1074388583670518,-5.6070920443191135,-2.1310111463142496,314.3656373434614,5.0,474.0160897019954,4.2226737224538,5.063936717042898,Medium,thrust_var,27
120,8.349124984965975,-24.012610022242647,1092.2019859806485,-10.252189741568797,0.0377619990060365,0.23864498740472534,1.7612766445178827,-8.149409221753425,-0.09511887681006277,-0.016505482652682413,0.030130992867155357,-0.3055842055459634,0.3684251683810616,0.4603209678454515,5.72740639138446,0.255061237176576,0.0008811015341757355,1.1074388583670518,-4.383216305781126,0.16538326080243276,314.3656373434614,5.0,399.12872137545077,4.2226737224538,5.063936717042898,Medium,mass_loss,-10
120,7.90031434666876,-23.405282186410208,1095.5995813041814,-10.119581293211603,0.4875064787380701,0.11496753597129433,2.098996527867055,1.805184267603336,0.0020696415610673754,-0.025332693237385805,0.07455472874266263,-0.3057086770118727,0.38693543747093995,0.44537248547504404,5.893841531003591,0.21776725048038192,0.0009641695062941163,1.1074388583670518,-6.294432826243698,0.34997093216190966,314.3656373434614,5.0,447.0371159356232,4.2226737224538,5.063936717042898,Medium,thrust_var,1
120,7.430815210160897,-23.57724958649718,1091.7837988114245,-10.022163570399366,0.20679875605120113,-0.33592827252451185,5.779740037425252,-1.7669294977561636,0.09373380612545362,-0.01613194156135791,0.12734057554709832,-0.2904290112606501,0.36509002492416676,0.4522857564209497,5.223010303730125,0.17086784407389127,0.0011254288570861986,1.1074388583670518,-5.782633622030475,-0.6008079170375481,314.3656373434614,5.0,372.36548681731045,4.2226737224538,5.0639367170429,Medium,mass_loss,-20
120,7.7234579544066975,-23.31338728355657,1095.6771903665885,-9.682805940299742,0.3299676489777757,0.4087739052354865,-8.976229881610116,6.544656094643258,0.009941330170055182,-0.04816837616475485,-0.016953029801022278,-0.30210295217211786,0.39501219060679615,0.4705181310673679,6.024835955412157,0.3184362006225151,0.0010346295618235577,1.1074388583670518,-3.9337399927995014,0.580039534655646,314.3656373434614,5.0,488.1819436363984,4.2226737224538,5.063936717042898,Medium,drag_change,5
33,21.83233984529098,-86.35840509017703,1046.0307262406957,-16.915851434384827,0.02561677557466999,0.10787465093875016,-0.26687540994961617,-7.952981381637736,-0.2667341342225439,-0.26426381465258286,-0.20188766506151276,0.4348214623145174,0.11109588750092546,-0.061950256007609485,0.6306986104029152,0.18080188271129008,0.0004181870459854001,1.0771720788404242,26.895733988640583,-0.04200494943170435,4050.974367700469,5.0,125.11588331790685,1.5521354934798284,24.738368770545488,Small,mass_loss,-7
33,20.661357369506764,-88.9593781355388,1043.50901941459,-15.81827751883433,-0.26982389597331985,0.055537847081314706,9.492777244359884,7.1306640979750044,-0.24231910753913327,-0.26460142092875855,-0.21971543846068495,0.4366623336607503,0.10581905247924822,-0.07329043791099539,0.6511245857983949,0.1642734808887054,0.00039707938050268535,1.0771720788404242,21.685953517582234,0.5314141972049147,4050.974367700469,5.0,138.4921962465587,1.5521354934798284,24.738368770545495,Small,wind_gust,0
33,19.62082730700867,-86.66925358655867,1046.9804371568482,-15.873017866493512,-0.09517576329639331,-0.1614195511786449,-2.606793727323515,1.1221845944784405,-0.3820356997212476,-0.2887423941061222,-0.17409426475708242,0.43653995515669625,0.09620684414037063,-0.08016725246823019,0.7084979535522891,0.2310590542932483,0.00035564423329271263,1.0771720788404242,23.635868215228125,0.6777084828091314,4050.974367700469,5.0,127.86619086936597,1.5521354934798284,24.738368770545495,Small,wind_gust,-2
33,18.74969535772184,-86.47595677091486,1044.5691586167607,-16.144201013648658,-0.00857786788160071,-0.17499669931998416,6.4759630384094224,-3.352517375012166,-0.19785761315248535,-0.25276760036377943,-0.21472624388281036,0.4265151837919705,0.10849743302007747,-0.07656925337288886,0.6732036275922989,0.2315462125196427,0.00040593026610311923,1.0771720788404242,25.94244219802584,-0.320546425640172,4050.974367700469,5.0,143.10130112439788,1.5521354934798284,24.738368770545495,Small,thrust_var,7
33,19.951977967876378,-86.71600422963155,1041.625847327896,-15.687375881293182,-0.16826584696131583,-0.15540570849795518,-4.673212959771689,0.7002192807837794,-0.30945378784555266,-0.22989928804088605,-0.24747508001014068,0.43046647706588853,0.10982141431632861,-0.06591875085578444,0.7294040682975875,0.15465118817957124,0.00037182243294303977,1.0771720788404242,23.679798081210354,-2.0954051170965498,4050.974367700469,5.0,135.5128320264182,1.5521354934798284,24.738368770545495,Small,wind_gust,-2
33,19.989059307652273,-87.3816693234473,1044.7684324834088,-16.057328376403234,-0.24043255459597374,-0.425026991932363,1.248315259655525,-1.8849675291144692,-0.25601014106634673,-0.23852401730411124,-0.18350880406168224,0.4556792230885174,0.11380216108990139,-0.08649314241121807,0.7220630918594456,0.19729906285157556,0.0003197678845897135,1.0771720788404242,21.044821438926125,0.9064058345591379,4050.974367700469,5.0,140.4261266483788,1.5521354934798284,24.738368770545495,Small,wind_gust,2
33,19.190034446294096,-86.31976734340986,1044.387815649666,-15.845416757096949,0.1987387143268195,-0.1369062192263065,-6.838491777563275,5.000032453260981,-0.24933075845325342,-0.25777307900189006,-0.15373616979870552,0.432366413011854,0.1050167370195585,-0.07589312400323285,0.6299949742762851,0.21337917957850905,0.00033179344836530467,1.0771720788404242,24.76754444508887,-0.5824919941347784,4050.974367700469,5.0,123.97042882348195,1.5521354934798284,24.738368770545495,Small,thrust_var,7
33,19.56990017400562,-86.92753246716146,1050.2451779456844,-14.101137480115273,0.19985156092245918,0.11077104577839263,-7.828861692857579,-0.9342790399907415,-0.23664890037509084,-0.28349084991765167,-0.1769538854788881,0.41905083812291943,0.0946871152301127,-0.05107520139070611,0.781017130058922,0.19572316918375166,0.00034057484952358707,1.0771720788404242,22.003671040735753,0.8032426453839228,4050.974367700469,5.0,148.81979710797822,1.5521354934798284,24.738368770545495,Small,drag_change,7
33,21.424043503941817,-86.51399615855726,1042.0122820445672,-15.750523847006765,0.33488898860348165,-0.40976344699733785,0.10874757771030828,5.0407228469347265,-0.23909833479690376,-0.2293804214583453,-0.19276228941071966,0.43994144036429733,0.10717771382807341,-0.06836230515847824,0.7179885577382971,0.14684252295798939,0.0003352754311997954,1.0771720788404242,20.984088752613804,-0.7647388805674867,4050.974367700469,5.0,141.20161274382355,1.5521354934798284,24.738368770545495,Small,thrust_var,7
33,19.907037998726427,-86.32371856138602,1045.6081884704922,-15.934662739780757,-0.17670926367184236,0.022914896906182255,-1.5151838199349423,3.9218978495835732,-0.22070526500870435,-0.32974144837898645,-0.25627301419210735,0.4425653823844629,0.1072232953808855,-0.0852039886726075,0.7405751362474475,0.21708425499444164,0.00045068081770562794,1.0771720788404242,23.417483844548325,2.2174079941374254,4050.974367700469,5.0,125.86362322084025,1.5521354934798284,24.738368770545495,Small,thrust_var,0
10,11.218738596132262,-72.40640548007393,587.2647326163329,-10.617170073652556,-0.09288445482949446,-0.5082122835928317,2.350445140732547,1.9131206201452962,-0.014712553717047036,0.22757463947172213,0.07587595445155114,0.19028996910875226,0.3314601699836214,-0.2987698842670761,72.45104995565666,0.22751594347125706,0.011565584197427464,1.0123054677546814,11.637251312066791,-2.9910142212809965,2611.381725257607,5.0,7276.637926793612,8.94518274269263,33.445269240103976,Heavy,thrust_var,0
10,11.05630015957344,-71.40826848312346,587.1393784701046,-10.833557022811833,-0.16829451223838623,0.6533076978325091,-6.654001901709055,-3.564746502294378,-0.013781586595625117,0.23424976005809395,0.10127336642587997,0.17460373503780474,0.3219984634411167,-0.29602674142810825,65.2780779156773,0.13933626819412406,0.010475257184333953,1.0123054677546814,18.831851946175753,0.7343778257985059,2611.381725257607,5.0,7124.8579650175725,8.94518274269263,33.445269240103976,Heavy,thrust_var,0
10,10.436052029277564,-71.60744015395754,591.5225626034903,-11.079093046861862,0.3249813597109459,-0.36854619535571315,-7.597095731688404,10.086852361978355,-0.06595456282536928,0.2789992858458608,0.11139280943551888,0.18254637997354348,0.3397746858198246,-0.295271051087889,65.78064775474634,0.27564926557063435,0.011977474431105459,1.0123054677546814,13.628867443312577,0.40057288292358956,2611.381725257607,5.0,7116.644351516613,8.94518274269263,33.445269240103976,Heavy,wind_gust,0
10,11.325306477473664,-72.14237181067195,587.0002090752084,-11.213374052510368,0.18200675626368185,0.2634777451089452,0.14308617007199254,5.373855947514027,-0.06972292643902649,0.2396586907960242,0.09605797886428655,0.18889810187656078,0.3339034553966846,-0.3118817563998568,68.07474003851615,0.2203803910892903,0.009657989750674861,1.0123054677546814,16.253292773612134,-3.7946953786532482,2611.381725257607,5.0,7885.713252373945,8.94518274269263,33.445269240103976,Heavy,drag_change,0
10,10.629291945333287,-71.55536271282,586.090124729426,-11.213695496343743,0.11892792653528994,0.1348783426644797,-5.23188529637978,2.943816844286694,0.04149081535293077,0.22358952724254078,-0.007631869042829004,0.18837897802358122,0.3177060268580931,-0.30459386172926506,68.55799921209274,0.23461360299624076,0.008732615307234,1.0123054677546814,13.03857585008982,0.7635304724459162,2611.381725257607,5.0,7395.10356337616,8.94518274269263,33.445269240103976,Heavy,wind_gust,0
10,12.696453500586726,-72.84273835481949,589.0588389721983,-10.844496704664788,-0.13244546931192233,0.0996046426882109,3.0522834546707163,0.678330807569454,-0.1696234560659841,0.26752136300654883,0.10234865773521065,0.20846072189931553,0.31773796082565636,-0.30372948590324056,70.2343300922889,0.19501870414768874,0.008820374202312267,1.0123054677546814,18.400238690235064,1.9935631213853382,2611.381725257607,5.0,7335.406904584596,8.94518274269263,33.445269240103976,Heavy,wind_gust,0
10,10.732599080368615,-71.34473469496749,588.9550762958384,-11.267423261232535,-0.3787547427805514,0.3470555886680731,12.551140737638558,-7.8593309414837655,-0.011164356015714208,0.22375073165492534,0.03711826174134255,0.1905209229469064,0.31946828943079797,-0.30237787716042097,55.45917977490637,0.22380412448891024,0.01295930843932067,1.0123054677546814,14.91723894306071,-0.33748667658342335,2611.381725257607,5.0,6137.6979295620995,8.94518274269263,33.445269240103976,Heavy,mass_loss,4
10,11.921398248243772,-71.4451171014978,587.7327617137257,-11.14212576075172,-0.18822348551212584,0.11014392019247268,-2.908089118655583,1.247414574462663,-0.11513454313073881,0.2572912101548231,0.13076729044768579,0.19336950283412052,0.32683791712845406,-0.2984989383311798,71.30652522053273,0.21033575571780824,0.010999861459744457,1.0123054677546814,18.011026757753147,2.149535708859942,2611.381725257607,5.0,7200.621916716206,8.94518274269263,33.445269240103976,Heavy,wind_gust,0
10,10.668341931405571,-70.83414063911444,588.0556308005754,-11.09689262789626,-0.0684345838574382,0.37425684741285087,2.4264623357572384,7.56556076949567,-0.02863050619950608,0.22790583692314287,0.09027012209431061,0.19596571949186292,0.3409708038251407,-0.2979924290880436,60.74267456702522,0.1985396956457439,0.010710802003236954,1.0123054677546814,16.33829079733101,2.294772169776949,2611.381725257607,5.0,6451.38274062535,8.94518274269263,33.445269240103976,Heavy,mass_loss,2
10,11.016564547767121,-72.30382360526552,590.7230702367799,-10.905901344783356,0.23804510691432784,-0.08787471522906509,-1.3266039301012533,2.2184408426334907,-0.21655163152659707,0.2244007929273304,-0.03723106642940455,0.19009770754486166,0.31995733040133295,-0.3032157977135095,67.21353469285307,0.27137491891837745,0.012988323331067683,1.0123054677546814,18.030102952637673,1.9459168360832035,2611.381725257607,5.0,7184.490307186697,8.94518274269263,33.445269240103976,Heavy,thrust_var,0
50,16.732315306900865,-48.013459109577575,847.215469896083,-10.647612927336565,-0.32206202063301054,-0.3800444947181162,0.9541108876783682,-1.8974757381412815,0.15861918909485617,-0.29475149580704546,0.3059692437094744,0.1326558912391209,0.06923125734899616,0.19196451159039113,1.2336851763128054,0.19274060410808852,0.0004075776315343772,1.1006681848287532,-0.09780301309198358,2.6083272689174053,1306.1545772831696,5.0,179.14714403770546,1.0817822334272238,9.498840867970326,Small,mass_loss,-10
50,16.83861458278258,-48.92463321480092,849.3108390217116,-10.72493109984101,-0.2849860574381289,0.1269593480333951,11.883083285877563,-3.9341635553330905,0.19188385458342433,-0.2847748990191548,0.21939790631950873,0.13868718041702294,0.07104810659786925,0.19058553784634533,1.4476730302543315,0.2571970895021634,0.00046671219113097453,1.1006681848287532,-0.12555241855005073,-0.1869172269008654,1306.1545772831696,5.0,213.4381670914412,1.0817822334272238,9.498840867970326,Small,thrust_var,3
50,16.31211237484651,-49.59805871354443,846.0094950512032,-10.695427181486167,0.5226823152115889,0.15507128514989088,-1.899320049184494,3.587190804217091,0.25835786992496945,-0.20632411211822282,0.22346060682555946,0.1330858983503585,0.05716745656100029,0.20844300926617584,1.193248444559391,0.1555685657046717,0.00031878680147468354,1.1006681848287532,-3.8303793966654984,0.804736336880112,1306.1545772831696,5.0,188.0491106371874,1.0817822334272238,9.498840867970326,Small,mass_loss,-7
50,17.579674084885692,-49.10308945740108,845.71005223608,-10.817537738001208,0.3695288128257644,-0.11150165553268909,2.84970206178683,-2.4251603744082755,0.16927380202215397,-0.24604061928261917,0.1979800879739587,0.13066102878911653,0.07524894326834512,0.1853415858073912,1.3796312008909055,0.2646197319267237,0.00042789955182188265,1.1006681848287532,-2.2752736765717567,0.11869358936681852,1306.1545772831696,5.0,225.6811920633846,1.0817822334272238,9.498840867970326,Small,drag_change,0
50,16.483942264023977,-48.95310381972272,848.117913740109,-10.601597349419448,-0.3773985955658362,-0.1655273495376832,0.7008919289078507,2.4840132653915488,0.23434164088766568,-0.26405736529145063,0.19440528838027485,0.12481186283876956,0.08601024600668687,0.19110076225426323,1.2606995471260074,0.1270899926174461,0.0003771510605378889,1.1006681848287532,-2.9201103722937995,-0.753116463401168,1306.1545772831696,5.0,212.59767261547682,1.0817822334272238,9.498840867970326,Small,thrust_var,3
50,16.819417434528706,-48.99073912217354,849.5661174331159,-10.674576889265323,-0.11614081695094144,-0.3985910209160474,4.577883699240429,5.182580698545477,0.23542736820104793,-0.3369495000338209,0.19671143654961606,0.13944070955289106,0.071964505420222,0.2037621361312122,1.321260390962202,0.2152047163568926,0.0004565802353895072,1.1006681848287532,-2.514974949196069,-3.1361441477261627,1306.1545772831696,5.0,207.49747254185868,1.0817822334272238,9.498840867970326,Small,wind_gust,0
50,19.26162582952214,-48.5537615617689,844.7545103352068,-10.460747990399954,0.20017794995472898,0.8061131275497068,0.3729261626452255,-2.125758027198204,0.1774375884384199,-0.23753487491073771,0.17218875680361312,0.13046876401782528,0.06719685655384737,0.2169472039535862,1.283146864348296,0.23502239691279173,0.0004160850895519794,1.1006681848287532,-5.977388519858321,4.426491715225544,1306.1545772831696,5.0,189.87949233444002,1.0817822334272238,9.498840867970326,Small,thrust_var,3
50,16.61872608073063,-49.14717532867012,847.7528021028364,-10.2116508611104,0.09282159745190165,0.08469949943724499,1.7622082699984047,2.338290093451806,0.22165426631457852,-0.24706181150997686,0.14859784948896582,0.1395400968384461,0.08079983611227032,0.20193779731550104,1.359351924126122,0.22324328201150725,0.00044436991109253514,1.1006681848287532,-6.074529726341741,1.7074919151303232,1306.1545772831696,5.0,229.93579012910322,1.0817822334272238,9.498840867970326,Small,drag_change,0
50,15.090070935457163,-48.50313779129116,849.321401393706,-10.61278876909594,-0.03637085853230287,0.5265258375642516,4.687205533990638,7.258107967214996,0.2500319963493315,-0.27859776204962167,0.21116390614149066,0.12676968028633753,0.08051271742929783,0.19040642856445048,1.1501737018874039,0.13418727358088833,0.00043771103894416357,1.1006681848287532,2.497084138931706,2.73614649626458,1306.1545772831696,5.0,197.81722985968142,1.0817822334272238,9.498840867970326,Small,mass_loss,-5
50,16.923478397716853,-48.41179299316661,846.4951386577428,-10.594871537659117,0.06561492533823024,0.46079496829119315,0.2791988900411869,0.5021447041802235,0.19709602718697877,-0.18682155822527474,0.21981066359348983,0.12191883892346911,0.08721042830966577,0.20211433161984715,1.325479977709493,0.23301566072577146,0.0004428740961155658,1.1006681848287532,-3.0373388115792594,-0.7792582005964693,1306.1545772831696,5.0,208.86393537517463,1.0817822334272238,9.498840867970326,Small,drag_change,0
10,25.683683348503788,-29.484189112746876,1014.7686318266842,-10.15124995171328,-0.06499479639130953,0.02020538933423421,-6.7132054189937085,-2.0147553780855882,0.07046903996031695,-0.20814093381959864,-0.024318829499136434,-0.29655203572397765,-0.22858215054797032,0.13023933830079978,44.59644580227131,0.23081855344364222,0.009095053504898223,1.140655681313375,-7.671510256074168,3.116197570667879,501.9943684829008,5.0,11156.510824136723,11.531172507867714,5.0,Heavy,thrust_var,0
10,24.209318230349812,-29.788052591350517,1013.3090160985618,-10.115913237083447,0.06967946389879119,0.2837393333119421,2.110752433565956,4.659456465005364,0.007175586557688754,-0.06178462088530651,-0.0017062557770980702,-0.27576058311498275,-0.2185058696950087,0.10391909828274416,51.35286408222116,0.2554532631629055,0.007836936386845971,1.140655681313375,-6.220016389360628,3.0880183489886615,501.9943684829008,5.0,12074.526602573713,11.531172507867714,5.0,Heavy,wind_gust,4
10,23.122541038776554,-29.326372190631375,1016.0458069388302,-10.477349524817097,0.15983298275341418,-0.2455330698586381,3.4547302647097453,1.6945196538805058,0.18020598815127736,-0.10886389663921635,-0.11013809331136057,-0.2741063336266212,-0.20965525328700413,0.1308078138167316,50.742484331822155,0.2298260740791906,0.008472392419645819,1.140655681313375,-7.147836516638004,-0.43315544399392636,501.9943684829008,5.0,11614.036171286618,11.531172507867714,5.0,Heavy,drag_change,4
10,26.376880006156927,-29.467064850707217,1012.771207718252,-10.212656524409288,-0.07087477438866747,-0.9943875737239353,-4.716023147516991,-5.3254194059866835,0.0316288406877793,-0.2130358918281891,-0.051521223039053106,-0.2923998872739162,-0.20454057919073507,0.12490856512684137,50.08292780332854,0.23227696163713418,0.007823660179496018,1.140655681313375,-11.48682080602338,2.4364152910489136,501.9943684829008,5.0,12567.583630378538,11.531172507867714,5.0,Heavy,thrust_var,0
10,25.429050408821414,-29.273329671532935,1016.4345993763412,-9.905928939709444,-0.2547951013873536,0.07377016544049624,-1.323583841136309,10.32238158398975,0.14879757642709307,-0.09234338542420033,-0.07573311426904619,-0.2707319977402451,-0.23077130053972564,0.10299731899303524,48.58768098867849,0.27561875687478526,0.008510170470628138,1.140655681313375,-8.025378913047557,2.3776857364117725,501.9943684829008,5.0,11705.439310773236,11.531172507867714,5.0,Heavy,thrust_var,0
10,23.696038200942624,-28.55518081513849,1010.1695330244858,-10.502726655924189,-0.13989939994194175,0.10957976208291986,-2.704658124033614,-1.7777061152927844,-0.00982620710867528,-0.25640893610326776,-0.10364430542802916,-0.2733755039845794,-0.23113475431395988,0.1124202106213486,42.31359378825429,0.14606767584162303,0.009708733010315317,1.140655681313375,-7.091910353360761,2.923763611056383,501.9943684829008,5.0,9678.72150460923,11.531172507867714,5.0,Heavy,mass_loss,0
10,24.277201649819098,-30.10865918862139,1011.6228210228585,-9.96722957777222,-0.4524430676826746,-0.12151445226360924,-8.072292250090811,-5.2050735745061685,0.055661793526030026,-0.2074775221510689,-0.020065585320625048,-0.2747310920433683,-0.20329153440719838,0.1349507037440424,52.50933622368665,0.18102902564379034,0.009668891194537572,1.140655681313375,-9.116317621411666,0.5012893623166534,501.9943684829008,5.0,11139.946913745425,11.531172507867714,5.0,Heavy,drag_change,0
10,27.57502897989874,-29.504336472804894,1012.4196955645652,-10.382726876521724,0.3989190037131356,-0.8176520905104457,-0.1831375673673673,4.578950687195698,-0.038766798783923,-0.2946542319242702,-0.11160707634961586,-0.26801979347588273,-0.2234909926150037,0.12788406685565779,48.18868710450345,0.11697072173222367,0.00908006683297608,1.140655681313375,-8.447814208020306,1.0220989212050873,501.9943684829008,5.0,10649.69140205044,11.531172507867714,5.0,Heavy,mass_loss,2
10,23.07765497456756,-30.036931333654216,1014.3340222431287,-9.759530595441303,-0.37418246538881733,0.11855153551103259,-1.5884569510022204,6.984842833578815,0.09296870935621616,-0.19431472189229804,-0.07497185346529384,-0.29706654491666884,-0.20951662588187045,0.1224484280819295,50.50709277370922,0.17003364486707012,0.009310270491052007,1.140655681313375,-6.409613247173904,1.9642252594622245,501.9943684829008,5.0,10568.449187524855,11.531172507867714,5.0,Heavy,thrust_var,0
10,22.863896694373146,-29.1875408821689,1008.5303914892062,-9.972624408313882,0.015284125223235717,0.019957861032895832,-0.24732071091430188,-4.322839176966066,0.08447456442000344,-0.17565959118627336,-0.017127430042156364,-0.28274800326236826,-0.21825767549991815,0.11771313075048487,45.069415294276105,0.11176461789740866,0.008956234533854758,1.140655681313375,-10.069352498272487,-0.3240095456865401,501.9943684829008,5.0,9868.315301425584,11.531172507867714,5.0,Heavy,mass_loss,4
14,19.32144879283971,-86.1649387127179,1031.337327423159,-11.587517959071391,0.40945906830751655,-0.11147474519746348,4.7976580486615,9.809615071337152,0.11833997872395421,-0.060161250371952676,0.11555551901706786,0.09272443362501435,0.18028431095222283,-0.4608301372481803,13.005927062506641,0.1725365543565687,0.0029260448800117397,0.8594437460656356,26.46067074601519,-0.5008824505209902,3221.079597874188,5.0,2188.583891402485,7.134028232469374,26.875587461335638,Large,drag_change,0
14,19.48041416461329,-87.8766074861452,1029.698763283387,-11.965762509484653,0.23822789466721256,-0.6576896724542832,-3.1418798795464022,-0.20487919053997516,0.11629649714292599,-0.06194876123278151,0.18151925020096868,0.07092393514573395,0.1816133680511739,-0.4525293162737442,12.852866058273243,0.21462437397924986,0.0029581850349202996,0.8594437460656356,23.00511288546091,-1.8122624667127447,3221.079597874188,5.0,2135.383498289478,7.134028232469374,26.875587461335638,Large,thrust_var,0
14,19.075159593450557,-87.39369345065099,1031.0000691727978,-11.900173822620342,-0.36047599494764904,-0.05615769727699228,-3.895037200988574,-4.619278432823676,0.12994114359272718,-0.137704756486983,0.12327290335015068,0.0735790767495117,0.18102302526450353,-0.4484611575988879,12.330394976700097,0.1461044097793277,0.0035134255046185944,0.8594437460656356,28.2293402333999,2.68374424514383,3221.079597874188,5.0,2429.429438914166,7.134028232469374,26.875587461335638,Large,thrust_var,0
14,19.322404881243827,-86.75386726058883,1032.7653117351313,-11.814754431445659,-0.23106785953310516,0.009596850698577153,-5.1795743923040325,-4.3823203838077065,0.20120980408692524,0.006339051472123096,0.14415161235458593,0.07727189784243886,0.21180310724147178,-0.46251703805146127,12.143381817973712,0.22678768092505508,0.0035193721812161907,0.8594437460656356,29.96771664810739,2.2883678740131304,3221.079597874188,5.0,2360.567563201633,7.134028232469374,26.875587461335638,Large,wind_gust,2
14,19.737147884360343,-86.69993627768258,1030.113455453421,-11.852225772957324,0.025706194067608084,-0.05752548609981145,-6.068862965122283,5.454302974774886,0.18781122887174273,-0.10663253437277292,0.09532498539834458,0.06522255319087526,0.20408955607324267,-0.4532619906963903,12.831027072121975,0.12092045796968147,0.0033963603036396583,0.8594437460656356,28.43839797534801,-0.6898617480896537,3221.079597874188,5.0,2397.3153220216996,7.134028232469374,26.875587461335638,Large,drag_change,0
14,20.794770033385213,-87.04075608996757,1024.5719581785843,-11.693051517653842,0.3603019586286222,0.06596898787530926,2.5110177560400593,3.7619669056344667,0.15993160996120398,-0.01535916005095812,0.16327812759982627,0.051582849318511655,0.19205784503811757,-0.4776611452634171,12.66934720751846,0.1752359525580283,0.0035839348318981172,0.8594437460656356,28.58915174920501,0.9463856921764578,3221.079597874188,5.0,2227.1775780257303,7.134028232469374,26.875587461335638,Large,thrust_var,0
14,18.789524439805145,-85.85597976146515,1028.7537347800028,-11.955015786709406,0.07869967164114237,-0.0577560177802907,-1.2767688047443562,4.400589606632933,0.13622004307785351,-0.08983581501329357,0.11678024049995425,0.06377329185066494,0.1834107339251411,-0.45214665013061733,12.044732910025878,0.20592824823564745,0.003140171821853178,0.8594437460656356,27.880403928939323,-4.073336711899491,3221.079597874188,5.0,2321.0910377355444,7.134028232469374,26.875587461335638,Large,wind_gust,0
14,18.60616271058674,-86.91297059625329,1028.9305615166104,-11.891606028983295,-0.08359716014341116,0.12358780383127016,-2.70411092108291,7.795784013513778,0.13415351654562746,-0.07323308820403611,0.07780524515014298,0.08374141358151785,0.1779850692333065,-0.45735964116903216,12.672721927311652,0.05417789076356008,0.002822997556846617,0.8594437460656356,27.344634334289424,3.789061488158731,3221.079597874188,5.0,2128.697852115677,7.134028232469374,26.875587461335638,Large,mass_loss,-4
14,18.217976336294676,-86.33077525752104,1024.1787223681026,-12.198634001719324,-0.19289487305210767,0.2712729986246759,-3.9615383302974836,-1.109760241297242,0.1579373054356002,-0.04435388896696849,0.1341101845661753,0.0717857487665105,0.1909137607269331,-0.43816808155369835,11.555818774883475,0.16044026993926114,0.00323278924735204,0.8594437460656356,30.32618923488946,1.9075826838884788,3221.079597874188,5.0,2365.3591309063813,7.134028232469374,26.875587461335638,Large,drag_change,-2
14,19.90050573280027,-86.97079942869821,1034.3245885557822,-12.063128820882719,-0.25550721790227027,0.07019040909070896,11.234365591882744,-2.8129534584031246,0.10109874066094435,-0.015712467301937115,0.12386781228123973,0.07782145224045085,0.19021137060181545,-0.47050498235512167,14.184355378035104,0.052280470045964034,0.003839307791349314,0.8594437460656356,29.96685003925287,-1.4911785830544293,3221.079597874188,5.0,2459.229241932333,7.134028232469374,26.875587461335638,Large,thrust_var,0
24,25.09801834635779,-21.484309342567414,659.8131682253935,-10.04018698118989,0.31336925434711627,0.3126157254209557,-1.2059392637847135,-10.87901321915112,-0.11736096495358263,-0.23043144695696216,0.18803711260159128,0.1391366155149079,-0.1344823692429565,-0.4851823677135765,0.7547773789010815,0.27341078362343946,0.00043275021979456734,1.0605088586187155,25.341106459830588,0.336173561375814,237.9421862174015,5.0,162.16301162638038,1.270882156623069,5.0,Small,mass_loss,0
24,24.275073735033363,-21.554021359540357,663.4298026587143,-10.167624940701684,-0.42693402355204574,0.1337568556300188,1.033305324929143,0.622521617275916,-0.1768970261960076,-0.26451151901067776,0.2481211469362911,0.11959662075180899,-0.12647223767953114,-0.501370602011804,0.9578445923078502,0.14234255877005914,0.00032657289816819793,1.0605088586187155,25.220749421402967,-0.38096821659023605,237.9421862174015,5.0,175.71168926420833,1.270882156623069,5.0,Small,thrust_var,0
24,24.421653880300095,-20.7036323043229,665.0328848673137,-10.491770308352498,-0.13718254544349628,-0.38291568350664046,-4.03138518989082,8.510058505733145,-0.11059297317134875,-0.25445766530780045,0.25158087326598516,0.10922192941549078,-0.10711178388389797,-0.4766266835651717,0.8075241034131455,0.22445621808799676,0.0003626673357645648,1.0605088586187155,27.405349635971753,2.692027645852698,237.9421862174015,5.0,187.87937676761769,1.270882156623069,5.0,Small,drag_change,0
24,24.26344743790477,-21.179666991704966,661.2286518404981,-9.892094701827832,0.2075073303444468,0.1340208098378427,5.114026541164609,1.740742694387609,-0.13370511494381243,-0.37433278844628404,0.3469444500637753,0.13255703422382725,-0.1259859751044134,-0.4818291363369332,0.8132305347629711,0.15283606379599687,0.00047107640752927174,1.0605088586187155,26.322295859144752,-2.295932729129316,237.9421862174015,5.0,172.94197615905972,1.270882156623069,5.0,Small,wind_gust,-2
24,26.847722711869793,-21.419521255879353,664.7549683360387,-9.970059744064917,0.2600337361752009,0.17577016527481734,9.016090769605274,-1.0010213177980933,-0.08743695184309132,-0.20162474080681786,0.20261054398202782,0.11917591489655607,-0.10814516745537445,-0.4977395086402529,0.759110633662886,0.30149849453799393,0.00038015925602058595,1.0605088586187155,25.25877379159023,0.43184059137258507,237.9421862174015,5.0,188.101474181029,1.270882156623069,5.0,Small,wind_gust,-2
24,25.481012295708233,-20.756341177192166,665.6897829805345,-9.99209108531668,0.7054217298372254,0.3582755773937846,-1.2287324537801247,-7.5694951861331905,-0.06156549721769002,-0.3584909510559203,0.2615384012828608,0.128552073912686,-0.12462134213419851,-0.4954506355841378,0.7526184793542713,0.30323251425944275,0.00044414600812955316,1.0605088586187155,24.5444140043577,-3.0803567476285147,237.9421862174015,5.0,176.12774657251322,1.270882156623069,5.0,Small,wind_gust,2
24,25.3116394390318,-21.727756416822256,660.8720872387604,-10.05913050490089,-0.3367767827883323,-0.37569591987318196,-5.961002766828627,2.579021939069079,-0.14008894826368523,-0.2347767638054118,0.20895480941684258,0.09675345319330773,-0.11519999204411718,-0.4726768869756617,0.7962838865671436,0.13139533784335655,0.0003465524771144361,1.0605088586187155,28.38742619752028,-1.6148735428838228,237.9421862174015,5.0,198.35046811997023,1.270882156623069,5.0,Small,thrust_var,0
24,22.849943354081894,-20.056947429652364,659.9591203734882,-10.38042061402388,0.18638639548441904,0.05140607639209819,-7.664422775569761,-4.286891376315836,-0.1419906148711836,-0.3310623987739095,0.26359151141497067,0.1306368134882782,-0.09191043947754976,-0.5044587939902617,0.7358391753425084,0.2042289709129426,0.00041670281788707173,1.0605088586187155,26.390422135824192,0.16608034505871794,237.9421862174015,5.0,180.96743665332346,1.270882156623069,5.0,Small,mass_loss,-2
24,25.180863102708592,-21.83163719319114,660.2696493713266,-10.0575095613115,-0.22488982703814447,0.34718947794165383,3.5321885346638933,-3.4875450039678397,-0.1330401623542915,-0.34907979734734385,0.2774247308479216,0.1370087628096514,-0.12584418579750178,-0.48726834967570726,0.7515241100488397,0.1374981105095618,0.0003720347944291356,1.0605088586187155,22.374958571167422,1.12170176555503,237.9421862174015,5.0,168.25089038402785,1.270882156623069,5.0,Small,mass_loss,-2
24,27.021511924245477,-21.101309966445733,661.9001934670646,-10.09147455172719,0.38618359757908466,-0.04773656592037431,-5.7334305440641256,1.7988788755043412,-0.07536343508017543,-0.2739188439831366,0.2757201699246143,0.12094190079965023,-0.11624202288669315,-0.476444670235325,0.7240102844349209,0.20458345687987586,0.00037311470883177774,1.0605088586187155,25.926152556473614,0.5279016613397066,237.9421862174015,5.0,188.81205918417427,1.270882156623069,5.0,Small,drag_change,-4
14,28.27082249856541,-21.486098689530184,1172.5467651273066,-9.909891388674913,-0.37062919024325436,-0.2673557279969059,8.821460343637584,9.82611322200827,0.005935911402233349,-0.13547631049202974,-0.21950372528784562,-0.3265973420790087,0.14037897860836057,0.3096141257388672,10.30630614109152,0.18523291719288862,0.003540197082297382,1.1492353848266816,-2.1288764347877027,-2.9097314340747236,257.326385457284,5.0,3012.1703638131894,7.268246121201188,5.0,Large,mass_loss,0
14,31.536421264718847,-21.295794772396423,1170.6342961082644,-9.864264077580735,0.10708456385363173,-0.2957541778680675,-7.664608955358605,1.775714321364735,-0.06761609751544775,-0.24742867133783178,-0.20521153949286772,-0.3326555133927752,0.1393777309053489,0.32959970042714704,9.999309567710391,0.22938118873101312,0.00335511368996823,1.1492353848266816,1.295234058412205,-1.6964444848327065,257.326385457284,5.0,3097.731352773016,7.268246121201188,5.0,Large,mass_loss,0
14,32.709765953151845,-21.272343857422783,1176.357595263107,-10.001625500644982,0.3572384124776227,0.08356673410994805,10.656048790036657,5.291817519620943,-0.017625891498015408,-0.16801698190186748,-0.21279926922566855,-0.3358394958998489,0.1213142030532756,0.31094750568058127,12.469487427027323,0.13979843143607104,0.0031907714629152047,1.1492353848266816,-1.2461418536097386,-0.12081858950514081,257.326385457284,5.0,3397.47091099816,7.268246121201188,5.0,Large,mass_loss,0
14,32.03004732529543,-21.433920239448234,1175.2735650633863,-9.995256160314502,0.1180853468368172,-0.28801865733110804,-11.674617525680995,-5.894183582423053,0.07165929840635601,-0.16724836880837768,-0.22136051667467072,-0.32740676748109643,0.13857684626464106,0.30102108954678475,12.267445853769729,0.10459475547980276,0.0031999029413843183,1.1492353848266816,-3.0189655277777243,0.4021406244670268,257.326385457284,5.0,3506.5994151321015,7.268246121201188,5.0,Large,wind_gust,-2
14,32.437887109029184,-20.68312582705363,1175.1744742561375,-10.198910945696404,-0.41299857901399206,0.012776438185389373,2.733031542734355,-4.176672593172257,-0.006567154607354044,-0.10833180411522247,-0.2665708051088072,-0.333071375396056,0.14473582259404463,0.31705234546290995,12.010317450471513,0.24550568869513323,0.003311578123182384,1.1492353848266816,-3.181040076790247,-0.20171207791644963,257.326385457284,5.0,3280.065780218644,7.268246121201188,5.0,Large,wind_gust,0
14,32.809569699017004,-20.968863944076237,1171.2213308162316,-9.956244300410267,0.5100671747364778,0.014887449408303052,-1.7751845279074818,1.9030313947096966,0.004410114932611082,-0.21793756049127028,-0.3449760941359281,-0.3420405032879871,0.12130429433013956,0.3187951379851794,12.459503542339455,0.224375393869022,0.0032445973130602267,1.1492353848266816,-0.5345355803106575,-0.039600665700941784,257.326385457284,5.0,3560.3058760058293,7.268246121201188,5.0,Large,drag_change,-2
14,31.722673551321137,-21.74646772185587,1172.95743866228,-10.340598837006924,0.18867511826225253,-0.09273240493592746,-0.4101624977271504,2.1359273525557114,-0.009514934402840609,-0.2265214964337971,-0.1480778345667984,-0.32516117186990723,0.1166054694113888,0.3167276949905266,11.131791694045909,0.13659709504022888,0.00359732222263727,1.1492353848266816,-1.897227061022014,-0.2855432978928202,257.326385457284,5.0,3353.8038763429777,7.268246121201188,5.0,Large,thrust_var,0
14,35.97007663084991,-22.395897636867584,1174.5305319145712,-10.137509289324086,0.9065354031925147,0.1317808691200728,5.334186307139702,2.489602909930016,-0.1420141309593503,-0.1938402438834086,-0.18172926300815212,-0.3283958927335112,0.14617896512045664,0.32130193478489855,12.24086706792382,0.161960931623153,0.0028120021894986816,1.1492353848266816,-2.906109477184284,-1.4851605769022782,257.326385457284,5.0,3309.9462320337966,7.268246121201188,5.0,Large,wind_gust,0
14,32.01700229405034,-20.65355805443986,1171.2179875311351,-10.03823723305038,-0.5692157798299239,0.4011314531423988,11.469448612829321,-1.4406392034953286,-0.001162945413221761,-0.19379662495259065,-0.2643613376002595,-0.32065583702281025,0.13160238887360973,0.29854699722117517,10.512773500765272,0.13028071567833613,0.003456328208934393,1.1492353848266816,-0.8262599200650066,2.3723279954381136,257.326385457284,5.0,3509.2595510127576,7.268246121201188,5.0,Large,mass_loss,0
14,33.44714554559919,-20.660294237010547,1174.429094343891,-9.71365119597629,-0.2435486697288891,-0.15694755650729286,-3.2948279694197073,-2.5551306342429365,-0.04439573681026788,-0.20624815985420486,-0.21902518150453015,-0.34400670711975206,0.14228609885203147,0.3102732910413252,12.693724307167429,0.24033962295581857,0.003012302398351511,1.1492353848266816,-1.0985101336858274,-2.8316366325556537,257.326385457284,5.0,3691.0642656698137,7.268246121201188,5.0,Large,wind_gust,-4
