rocket_class,ascent_twr,descent_velocity,current_altitude,inferred_mass,inferred_drag_coeff,wind_speed,baseline_ignition_altitude,fault_type,TARGET_correction
Large,7.218167115469537,-78.32972260691518,1179.3810543165255,27.045562519181672,0.621146615781978,12.923337818168829,10,mass_loss,6
Large,6.988596788183789,-78.08313584685668,1177.7356191335584,27.71534825188821,0.575571950289692,16.697198555641904,10,mass_loss,6
Large,7.278841888512501,-78.08320253910917,1176.5505800544179,27.550310119759427,0.5850623529510772,30.191075319073757,10,wind_gust,0
Large,7.496411621345303,-77.83010433655521,1176.9187258276659,23.55104948738814,0.65980487146984,11.91635886329811,10,thrust_var,0
Large,6.855504754675055,-77.91023362485019,1177.2500566666774,27.21324619737107,0.6097554847611815,12.442040366131243,10,thrust_var,0
Large,7.797608660112607,-77.80534479647142,1177.2584614669508,27.690712201690577,0.6327090671490607,14.943732440868747,10,mass_loss,0
Large,7.959983181572959,-78.83293402329953,1180.8369073044105,25.025832374275375,0.6404636524229865,9.624067429892266,10,thrust_var,0
Large,7.776090808433021,-77.87318712408154,1181.927765019163,28.601127314180335,0.8189485385258021,17.945774265563802,10,wind_gust,0
Large,6.903422826923792,-78.41138800179289,1178.8172619860727,29.477227689139156,0.7223074389131316,20.81738358226155,10,wind_gust,0
Large,7.9633025727148805,-78.53011996516634,1177.3199093076096,27.419940961761366,0.6684829921629346,13.650144405943397,10,mass_loss,0
Large,16.401390284393013,-41.24739916464611,747.3133002153638,13.059360701497672,0.48027311275859697,23.397442852599205,14,wind_gust,-4
Large,14.65683560280842,-41.376770613652624,749.2722315797912,12.173227942161844,0.6143959606175908,17.551569017093282,14,mass_loss,-2
Large,15.56290082433347,-41.90958435980921,745.2475272220044,13.575802104634604,0.5466538432530433,16.370458061051668,14,thrust_var,0
Large,15.900693152950522,-41.52941708321377,745.912594744107,13.356045743758477,0.9149532969944839,13.764368235075445,14,drag_change,-4
Large,13.825833835144023,-41.30040658365902,744.673592006466,13.41854922963856,0.5396650070000703,30.565689581045017,14,wind_gust,-2
Large,15.864090627587286,-40.89802958651732,747.2094997019316,11.767326449179006,0.5332294563955748,15.084907893276746,14,thrust_var,0
Large,16.009981933812824,-40.06510671292737,746.1492175182605,12.97322650211811,0.6055515560961023,15.983881135413592,14,drag_change,-2
Large,15.069360729674958,-41.281806247548154,748.6395328653444,12.959557491459051,0.6331181567834936,31.3131690037033,14,wind_gust,-2
Large,15.207519629340034,-41.69186378007522,750.5297484562078,10.759647986949059,0.5235070311031668,14.915533840453971,14,thrust_var,0
Large,13.991142322119554,-41.347331883847595,749.4845358585119,12.626724971022329,0.5372598227784265,15.81228306008661,14,mass_loss,-2
Large,25.602073547031424,-80.13472930798717,969.1933170133168,19.14595022569051,0.4622584476916493,10.56178736640658,10,thrust_var,0
Large,22.89046420257978,-80.62573873095465,970.4395013432519,19.069372960869874,0.537098200060282,20.45820292904969,10,wind_gust,0
Large,27.260268040497092,-80.4660491252934,969.9917360794907,20.428558023606097,0.4565913576304299,23.456751252670056,10,wind_gust,0
Large,23.882924491462386,-80.74697616482202,966.7809394940823,19.58406526728786,0.4769469972600505,13.336012158850538,10,mass_loss,0
Large,24.89088648915669,-80.61013885840322,967.2761146685116,19.47402756223187,0.6219192245366801,19.92687878336785,10,wind_gust,2
Large,25.357013329424092,-80.19390772913106,964.2637661911069,19.807762361055314,0.4776873342772752,15.145127824629517,10,mass_loss,0
Large,28.984130993517685,-79.57002267587295,970.9737127460731,20.198312165477503,0.543082231910749,14.475629849511773,10,drag_change,0
Large,24.198177246732122,-81.4870293298219,966.5317439928475,16.333357517851585,0.5949829117060412,12.236650480348796,10,thrust_var,0
Large,25.276512299764825,-80.81839417132008,971.7777502447319,19.787355178505962,0.4413459167243595,15.427205709887863,10,mass_loss,0
Large,24.871757050615834,-79.52991734896058,965.8796954282807,19.616671482877216,0.492771215459821,11.960939942734463,10,drag_change,0
Large,38.89153890383619,-63.03541599796558,781.2981856429459,8.742887099940429,0.4858171831718904,10.99215178479281,149,mass_loss,-39
Large,39.11670723563861,-63.074020655835284,779.8319683583683,8.47039934518238,0.42997571839093707,7.789434649323924,149,mass_loss,-69
Large,35.69077892527294,-62.468546673498054,778.8964711629633,7.785695898331767,0.376986381517792,10.02718146339058,149,drag_change,2
Large,39.35498603066253,-62.794692442693346,777.2953240563172,8.278059085990678,0.48573528467130944,26.75705886052521,149,wind_gust,-69
Large,37.12254552150196,-63.38336860513482,781.0406653688989,8.614106948970209,0.3826268678113759,8.100377333427103,149,mass_loss,-30
Large,37.046621132675625,-62.978695335668924,778.9776070963078,8.91302071435902,0.4283145225458019,25.535590119186942,149,wind_gust,-69
Large,37.04023890426349,-62.61749509137361,779.1604502470461,8.630568463909961,0.39129331516593296,7.145820381253813,149,wind_gust,-40
Large,35.915671585654344,-63.716601170049024,781.2695358251615,8.853714771341535,0.4653154191232079,8.630929145281044,149,drag_change,-16
Large,41.24740453616835,-62.90721541609639,779.1334592521247,8.551830112170148,0.44028109848846236,9.74120276703449,149,mass_loss,-26
Large,38.87516531132893,-62.67323606793992,781.2620227549793,8.313317520173864,0.31377904824583636,10.094460859248828,149,drag_change,-29
Medium,6.529538459498253,-65.14517448520988,581.9322311655623,5.370035277196721,0.39721707423413877,0.6047176272974153,110,thrust_var,7
Medium,7.057868965666285,-64.51473764488098,584.6691958408002,6.509098371555631,0.41226633033876076,16.56390249650243,110,wind_gust,-3
Medium,7.380560113538874,-65.9651462247644,579.5634716341534,5.8006346293851285,0.3457874876792269,0.0,110,drag_change,-5
Medium,7.336928870906893,-64.5066357285165,584.1692204203455,5.795119913389524,0.4901286594398262,1.1541430145242975,110,drag_change,-9
Medium,7.16937541051442,-65.12027452749767,583.8289230728134,4.901486486160259,0.365541237695091,0.5494745118324638,110,thrust_var,19
Medium,7.3202370127288585,-65.99339408240778,582.9502171410912,5.941463687750678,0.39662944458313837,0.7277507414526083,110,drag_change,-1
Medium,7.292538554099453,-65.68690899410909,585.5460927167213,4.871998298223747,0.42382927997775544,1.7854159347221445,110,thrust_var,19
Medium,7.051332207379086,-65.1332961819507,580.1331318852082,5.924765549156834,0.42190599911649507,1.1991823396287842,110,mass_loss,-23
Medium,5.959146174059689,-65.5788526790992,581.2325482323621,6.081806159871094,0.39340923909970005,5.248820253933071,110,thrust_var,-1
Medium,7.750736766886807,-65.00580856388439,581.4010720904297,5.865114224837977,0.3447324437879808,19.38604109057919,110,wind_gust,-3
Medium,29.44270747819253,-73.58040525461618,1090.9587265763203,3.03640199761663,0.7702499348219121,13.35326404678781,30,wind_gust,1
Medium,32.118211984062725,-74.08860388482768,1086.903408256626,2.6513238645680888,0.6421900756072002,6.876753969449007,30,thrust_var,0
Medium,30.295827646269135,-74.42318083837225,1093.3934407789295,3.086618526777142,0.5942331638474049,8.281993961693612,30,mass_loss,0
Medium,31.435877641517312,-73.8064241621526,1091.063372958267,2.5705226783221247,0.6880587249084537,6.293347432109738,30,thrust_var,10
Medium,32.484783077961595,-74.31820981497609,1089.5212316322322,2.883164467440877,0.5768192570940707,8.012999043860244,30,thrust_var,10
Medium,29.801036537777076,-73.93761660572693,1087.9218174320877,2.7604862315894287,0.7149500034577867,8.300706457617878,30,thrust_var,10
Medium,33.78679709283706,-73.3834220136031,1089.4480452304633,2.8640978614448684,0.6438849152092573,6.13146573756864,30,thrust_var,10
Medium,33.46320543297934,-72.83117368896438,1086.417838035336,2.6491377520375052,0.6533814371717782,9.533529016020596,30,thrust_var,10
Medium,31.20150830067218,-73.76055915280925,1088.7411448342427,3.0444437294791125,0.6096709883560513,16.94349916818406,30,wind_gust,3
Medium,31.429393434636392,-73.37030591845661,1089.44640940049,3.150729938776897,0.8365332913110457,8.98754599406282,30,drag_change,0
Small,9.052211289926664,-40.08930749470133,926.2688678778729,1.2359274566715572,0.4693347237415367,4.333909540268143,80,thrust_var,10
Small,10.014524906682402,-40.305661419839396,928.1763214558854,1.1475943878827355,0.4768162174397756,6.070192108462093,80,thrust_var,11
Small,10.015610848664027,-39.95549283790251,928.959724290739,1.1204013663058328,0.4518081273196517,7.2989669223642775,80,thrust_var,20
Small,8.659023935671803,-40.02374951448119,926.8936230717877,1.404625965993771,0.4608990510976205,23.961609756013853,80,wind_gust,0
Small,10.07820855449994,-39.09991346388481,931.4301287937169,1.2103851698465231,0.41549975550000484,3.154725268144668,80,thrust_var,0
Small,9.84834308504561,-39.81870612987442,924.4768572175831,1.2883496624989639,0.4887244207312263,5.550970751444649,80,thrust_var,10
Small,9.967077530687293,-39.41262332983963,929.3741852649703,1.3894151275966597,0.4560771771356107,5.530904110922562,80,mass_loss,-9
Small,9.564537743082091,-39.789569384525265,930.007979636842,1.2489733035431072,0.4525183666777073,5.276255032552241,80,thrust_var,10
Small,9.746942614552188,-40.27168888077537,930.8463576559383,1.3757523409459318,0.614827230058776,7.097890269968948,80,drag_change,0
Small,8.867999235806673,-39.45611657107331,928.7427610218509,1.312870213902824,0.48595767837104104,4.130568484649499,80,thrust_var,0
Small,15.585974467426716,-49.213205482152745,922.5912586902671,0.9518106730497229,0.37517950365955666,16.668456322681134,50,thrust_var,11
Small,15.156005314497476,-50.51657532709991,926.3468736359231,1.1841689197098166,0.3882601948533367,11.247333173532203,50,mass_loss,-5
Small,15.609877394543078,-49.647819011444504,924.3187094852225,1.17876351117516,0.39252570976369255,14.391853876376928,50,thrust_var,0
Small,16.826275439939568,-50.61159961131507,922.6661481269084,1.2103231847857954,0.4101404231915771,13.508419401560042,50,mass_loss,-10
Small,15.117569209790478,-50.2481195693505,921.9751252609193,1.0670946987338064,0.42047975035247004,16.09526820375325,50,mass_loss,0
Small,15.937716508099626,-49.96085937673391,923.2748409026449,0.9941336184554571,0.43439580475613465,16.84547669482481,50,thrust_var,11
Small,15.51386551299487,-51.473249640846966,923.987468288111,1.0827386020842746,0.420454971936984,13.39444652429,50,thrust_var,10
Small,16.62893340302222,-50.3524164992219,923.9767505255332,1.1757384766859416,0.4673952418654859,22.891796177308787,50,wind_gust,3
Small,14.668772940002455,-49.51865281502845,924.7516751408181,1.0966145747163158,0.3696031780391004,15.85818072354259,50,mass_loss,0
Small,14.988366080577059,-49.332647776080826,924.219881671683,1.157732233476429,0.47745358619542144,14.726017340631515,50,mass_loss,0
Medium,7.362013027749109,-64.12739236200555,1109.3469942969382,7.8814694984804134,0.6682482226052339,18.326140012266762,139,wind_gust,2
Medium,7.931026509306582,-65.49277935714356,1113.471073653724,7.061054642618513,0.650230868127501,6.8131985066518395,139,thrust_var,12
Medium,8.71318927053474,-64.66866081079084,1112.2651441065032,7.1133186812305995,0.5701174807806858,9.700246468172512,139,mass_loss,-10
Medium,7.913026948845689,-64.3487434781229,1113.4943799785815,7.758942128362079,0.6447071632260253,23.38788563691975,139,wind_gust,1
Medium,7.96627003912497,-64.51344396102498,1116.8418020016309,7.373754557299522,0.5339645447123982,6.939457690193004,139,thrust_var,0
Medium,8.011718965149166,-65.06398840327084,1113.060841305965,6.813370885437924,0.6695223976947393,10.363229086045948,139,thrust_var,14
Medium,8.684116170934205,-65.15706627224135,1113.7014947266011,7.330250632686568,0.7218587973863412,6.460251657692053,139,drag_change,1
Medium,7.676756828455816,-63.85555502213031,1110.9748100894196,6.782387186917377,0.7627465734050988,25.786171102202985,139,wind_gust,0
Medium,8.143922870610794,-65.28602284094487,1114.7756685908168,7.61850439510183,0.6679498981933789,6.358162183883495,139,drag_change,1
Medium,8.126612807271517,-64.49971872278341,1111.7736387341745,7.2814756467814075,0.7385032066664604,20.595632382235515,139,wind_gust,2
Heavy,9.30959506068335,-61.11241138460805,629.0984531517915,81.53410313390609,0.6668609935951642,27.067181658278116,10,wind_gust,0
Heavy,8.263792612788736,-59.11720272406498,625.8806870826398,77.08393745101503,0.6369083504840828,10.301520902670884,10,mass_loss,0
Heavy,8.781559668760954,-58.89937914327296,628.4230155875844,75.8158093575688,0.5447492070509893,9.41765876576821,10,mass_loss,4
Heavy,8.754091924889552,-59.22342595115139,625.3681646889328,65.91878319086379,0.752289839904536,13.43521297441988,10,thrust_var,0
Heavy,8.366865794492194,-59.85656207170443,626.9766895060413,68.58420712800678,0.42962381721282483,13.561412942080793,10,drag_change,2
Heavy,7.875311442721882,-60.359864054507256,624.2615854297792,68.03675982832245,0.6015357274744295,12.509720409264276,10,thrust_var,0
Heavy,9.080702191824443,-59.65235979457003,626.1043632696161,74.04269670570474,0.7168191779229216,15.355502178229813,10,drag_change,0
Heavy,8.440225431628955,-60.02166461618497,625.1564605362839,74.44060208109576,0.5726853306931886,29.22925082276193,10,wind_gust,0
Heavy,8.760308573649928,-60.506084594345836,627.6656341762014,85.96135481032287,0.6183195258742233,10.74335481694004,10,mass_loss,2
Heavy,8.868010596443556,-59.9444424641952,624.9923201164739,69.3822561922313,0.7558667934192858,16.036566698432487,10,thrust_var,0
Heavy,26.16814369475276,-48.076488204731,561.1934708871279,45.69618551633165,0.6290659612145854,16.965689347355593,10,mass_loss,2
Heavy,26.425018402743483,-48.438947754760285,562.7567252232882,44.730009282780216,0.6207706281706618,14.36192828658404,10,mass_loss,2
Heavy,24.899716628289077,-48.29454051048733,562.9711437944344,43.59884454653009,0.6102715671913668,21.20732201828683,10,wind_gust,2
Heavy,26.149177665916,-47.95249898364526,561.2729300740269,42.309551288209484,0.5154473036165151,14.424421391036201,10,thrust_var,0
Heavy,25.8228575761549,-48.496864473169886,563.2635067624177,43.2886965249878,0.37096003426980045,12.134129274474658,10,drag_change,4
Heavy,26.340838483723417,-48.3874687407602,560.5179871492609,42.9200373469841,0.574919557642194,13.281192797717415,10,mass_loss,2
Heavy,25.345862041273264,-47.63632262071952,563.0980658230387,42.575536963861786,0.5590438843606312,12.594802510856237,10,thrust_var,0
Heavy,28.155569621781122,-48.62460004548541,559.7803328846007,47.92671919485025,0.5101880532920094,8.534302345741596,10,mass_loss,4
Heavy,25.403233572888603,-48.15317392555576,561.818179652768,45.07198813309924,0.5676800357663795,25.128027336292703,10,wind_gust,2
Heavy,25.82127071023988,-49.165204229315634,560.6615513373712,45.19344267384368,0.5233576390665964,35.5151415996344,10,wind_gust,4
Micro,27.022689085560035,-30.901499396038762,878.2015290473677,0.3286625677686997,0.5901547717017969,11.507043168561346,30,mass_loss,0
Micro,24.704257148321766,-31.37939721785538,877.6100544640638,0.3485031888733538,0.5031889521019883,16.95249721926539,30,drag_change,0
Micro,24.858874909970602,-32.35914134286299,877.0951584059992,0.34200959062115294,0.5970392791468973,13.872757325927894,30,drag_change,0
Micro,26.629282878113585,-30.72419490721288,879.6162516283982,0.32417776897091105,0.48506511543980624,12.842450948742913,30,thrust_var,0
Micro,24.319656825761538,-31.128371562964542,879.7245917896079,0.3280633720835066,0.5586424361456878,11.55808803109753,30,mass_loss,-6
Micro,26.23793894389071,-31.63658500347914,880.9667461887835,0.3301751284704413,0.6656218351030029,15.788132204102514,30,thrust_var,0
Micro,26.32200773221814,-30.95045898683764,882.0533504930262,0.33994632463671326,0.6285262772481411,25.070816808752888,30,wind_gust,-4
Micro,28.17572141569465,-30.561082056169315,880.0613180726002,0.3541699663164692,0.6647089898887176,27.013553088459034,30,wind_gust,0
Micro,24.122215184019392,-31.411850798321623,881.5003371486665,0.34808705513238175,0.6255781775903988,12.828584389111523,30,drag_change,0
Micro,26.077545322363118,-32.14590735127827,878.5762177438919,0.3064259414898192,0.4909132174309587,12.073493569498158,30,thrust_var,0
Micro,22.808609444593635,-60.47404078923182,858.5459820630884,0.43674015688784634,0.5786969303505798,25.43685694053454,40,wind_gust,0
Micro,21.485433865139616,-62.32642610254878,858.3897124820422,0.4252232178580756,0.5021608233494455,25.239351527407738,40,wind_gust,0
Micro,18.867472238917983,-61.046486551878196,857.4859713698961,0.4351003271707851,0.5720932679045826,10.856564925725907,40,mass_loss,-7
Micro,21.258419939161584,-61.21096919106688,856.5601917987469,0.448265507069985,0.5091595624935761,9.509955935470447,40,thrust_var,0
Micro,21.322074316672037,-61.805582578399836,861.7896411050018,0.3402932345351287,0.4656152164779445,10.174024158054465,40,thrust_var,1
Micro,20.452444539659172,-61.81641416420926,862.6061942141292,0.3938848423049264,0.5792365556515603,25.95124631333465,40,wind_gust,0
Micro,21.625636707758353,-60.51471721433365,859.1904905422356,0.43639588887114117,0.5334275107224051,9.928358251055435,40,mass_loss,-10
Micro,19.9264006018922,-60.849461980358754,860.1789829676542,0.33734908144581155,0.5028645055417135,14.262171486663778,40,thrust_var,1
Micro,22.21364992586076,-60.99084222835655,861.7931276858268,0.3636914908738051,0.6666176111946363,10.751075223675942,40,thrust_var,0
Micro,21.308304544284766,-61.10379149936019,859.0082637719504,0.41911515437864266,0.39679921235500565,11.99803911447007,40,drag_change,0
Heavy,9.051918988755522,-75.52134481359649,579.8195877845017,81.36476564688283,0.7657879722061065,4.569277959363574,14,thrust_var,0
Heavy,9.490357546872445,-75.75515731234556,578.4484683866252,88.75708270395587,0.6959556336329447,5.558563007060217,14,drag_change,-4
Heavy,8.500752354242096,-76.50759637654225,577.4065463556013,83.77967972982886,0.5569985217940605,3.0551373851812187,14,thrust_var,0
Heavy,9.099970130006612,-75.80192557199847,580.0790639467671,81.05068839736316,0.6595661154978852,6.903068646543762,14,mass_loss,-2
Heavy,7.946180831214265,-74.54025473245285,576.3977284200739,78.50000581711106,0.7268091709939535,8.54171416901416,14,mass_loss,0
Heavy,9.818595151762375,-75.52315919443234,579.5357069792636,93.32435844783402,0.6415397633997575,17.101330039479084,14,wind_gust,0
Heavy,8.966308680576116,-75.4896837538978,578.7990799780322,87.90255639536656,0.7153102351550279,1.7615129901321447,14,drag_change,-4
Heavy,9.318246382845203,-75.58230409274996,584.0884257527262,89.72372879234648,0.6855126081387483,2.703385638699424,14,drag_change,0
Heavy,8.634940715086113,-75.79804259374674,580.2769775516501,69.55461884571734,0.6663309288435604,0.9941583664992053,14,thrust_var,0
Heavy,8.823686622816082,-75.42156330164309,578.8891818117771,88.94241231019485,0.6908354484794859,8.53755829844105,14,wind_gust,0
Medium,32.21661594327759,-37.74023949153555,890.9134943175662,2.3421040715071464,0.6593203118210917,2.3619602429438054,24,thrust_var,0
Medium,33.05104069957191,-38.2166489583895,886.9930991819841,2.674203900778701,0.5634890886631858,2.9487483135879673,24,drag_change,0
Medium,34.96031330508767,-38.2813018593123,886.7747028992752,2.3306864332403205,0.737357615723777,4.829699915377365,24,mass_loss,-4
Medium,34.91821745731652,-37.29311583720662,891.008532904543,2.5419715699340557,0.6214764567234096,14.474158295439826,24,wind_gust,-2
Medium,33.25426185310365,-38.402528211995495,888.34738546557,2.4194927398084296,0.6740569474881875,1.081655180293374,24,mass_loss,-2
Medium,34.58634297920572,-38.19609345224968,890.9085231222224,2.2195779081409763,0.5981897672582049,4.08755200093362,24,thrust_var,0
Medium,35.440599991799125,-36.92187842789168,889.1249434318246,2.4262479672225292,0.6782454336297664,1.259827078332494,24,thrust_var,0
Medium,36.49587599562509,-37.54794668717638,888.9922679695778,2.423897027941364,0.9650036007476245,2.0214137199358895,24,drag_change,-4
Medium,36.1192926363576,-37.590580786195474,887.4613150263569,2.5364377577587542,0.6843683743033859,2.905035469690467,24,drag_change,6
Medium,35.64318885259093,-38.23830938447362,890.2420449759164,2.7063192143944765,0.5885916011248346,2.671306318899946,24,mass_loss,2
Heavy,17.545816239420578,-55.555767488383694,923.9644583607081,32.210157289074886,0.5003351203318646,7.406831343305197,29,thrust_var,0
Heavy,15.36930430803709,-56.274067967117624,918.3428815197195,30.45940556335799,0.5217177412882781,8.648028080766506,29,thrust_var,0
Heavy,14.731042838381892,-56.20668552062626,918.3691947317309,35.548422184346805,0.5339881797524597,8.075789380770734,29,mass_loss,0
Heavy,15.841852348164764,-56.19104559024756,920.5293332022263,29.810438137539872,0.5154349026439479,9.280036898338048,29,thrust_var,0
Heavy,16.03440469494985,-55.7812492888627,920.5141401709808,34.616146859535036,0.4509747598722137,5.1817240401534885,29,mass_loss,-2
Heavy,15.777183797725293,-56.128888416856064,919.2887352975795,34.30056188676012,0.5000320496933984,6.89352009624929,29,mass_loss,-4
Heavy,17.10554962249201,-55.33689485808876,917.8672958596734,36.11636758026293,0.4810576205080045,14.570185608406216,29,wind_gust,-5
Heavy,14.253287917083654,-55.630399983135206,917.6822759556013,34.6265390953332,0.4583545367529079,4.7030727355256055,29,mass_loss,-5
Heavy,16.681489282059154,-56.14846780976963,919.2816485148068,28.68538375699648,0.590181376870185,7.538969254925364,29,thrust_var,0
Heavy,16.42874417018459,-56.65687565285425,918.4278208863477,34.96593014265751,0.417343739795398,12.428150843917749,29,mass_loss,-4
Large,18.25490327510287,-28.859475490973537,1172.1766694642743,11.203214492461091,0.676062535802583,13.75928742680229,110,thrust_var,20
Large,19.26264857596287,-29.385407832415282,1168.1468553111372,13.027126443600672,0.7297792255443577,31.651891916111406,110,wind_gust,30
Large,17.100857028428514,-29.80595731172211,1171.7563612701526,12.647198083141804,0.5889964817465241,18.41522155337188,110,wind_gust,-1
Large,19.48665476620229,-29.22594228831807,1169.1036555083701,12.607581631921132,0.659828656602485,21.6462931184249,110,wind_gust,30
Large,18.8925099794555,-28.664570849307733,1166.8503554295328,12.748170982359529,0.6763675172521577,10.30904722024526,110,mass_loss,17
Large,18.310996653029896,-29.032996072047542,1168.7384342509163,11.008023136483896,0.65306258441515,10.026255746958242,110,thrust_var,13
Large,19.737187219278912,-29.066232414321973,1170.432125612363,12.680890845169289,0.6338604399870769,10.48186958511598,110,thrust_var,10
Large,18.117209146595084,-29.709657213983633,1165.0242429974555,13.713705172103822,0.6611261870859244,10.63948877112738,110,drag_change,31
Large,18.528853654007012,-29.402431827971082,1166.6744270942563,13.673649935700837,0.5239317740707908,12.69208587942169,110,drag_change,17
Large,20.287702426630524,-28.97581128062407,1170.1005248738438,14.122260537390076,0.731866649502689,10.561500767471122,110,mass_loss,23
Micro,19.016424781381993,-61.92690922821624,880.7593315113612,0.4545333871872982,0.6040519201367588,4.42315924586957,43,drag_change,2
Micro,18.275981934532656,-61.030049129903794,882.9058528529965,0.44632971835865703,0.5742141105799441,15.114290569019683,43,wind_gust,2
Micro,20.364755487654314,-60.01179516230327,880.0279107259537,0.44286654546678017,0.7061483845804287,4.798275840758912,43,mass_loss,-3
Micro,18.394876793139225,-61.73451024437945,877.9316729110758,0.39186343773825316,0.6189141304822163,3.8801115003993494,43,drag_change,0
Micro,18.451539694502852,-61.53025140927356,876.6769289572442,0.40133600322292157,0.6541053705834884,12.42064226076732,43,wind_gust,2
Micro,20.273626392926005,-60.321291888034544,883.6890509975666,0.4641371209487702,0.7190013834254934,10.36052831030697,43,wind_gust,2
Micro,19.84839678227096,-62.034830612650495,880.476229318113,0.41980343768030537,0.6882959567089069,7.559142778959798,43,wind_gust,2
Micro,18.415951930200773,-61.76735955927994,877.8795226357063,0.4347327403969542,0.6835209178849672,12.074731419608076,43,wind_gust,2
Micro,17.968610692065468,-60.7960106902277,880.4774231816283,0.4140198203775018,0.5656158293560599,19.669858933710593,43,wind_gust,-3
Micro,18.47203210900454,-60.77996402226201,883.3352164561629,0.4714657846999483,0.6203276158577917,12.112008973526379,43,wind_gust,2
Small,23.48858244956825,-52.54984508115989,762.6354911947367,0.9844705733886493,0.5903424512362284,24.7892301827385,31,wind_gust,-1
Small,21.34126213670565,-52.33045538258818,765.6125757075835,0.9286099064349386,0.6514553433295097,31.068630644643772,31,wind_gust,2
Small,21.116723512068234,-52.328306721995546,764.0432038908393,0.9075262170185874,0.5402086070094126,21.43154526505671,31,wind_gust,4
Small,22.06810418639467,-51.476350224553606,766.1594978060389,0.9437961581127822,0.6913941844568597,22.79920747458627,31,wind_gust,2
Small,22.548449079885913,-52.94844166445138,764.4270311797935,0.8966778553082843,0.6864077427199906,11.667446133175101,31,mass_loss,-1
Small,21.028600290857458,-51.50663528455774,764.3677041763683,0.9335245455349382,0.8711610011625982,11.809024860619086,31,drag_change,-1
Small,21.366708168752027,-52.24513919607844,764.5988794297913,1.0490508313144453,0.650398212098704,10.080695258453343,31,mass_loss,-1
Small,22.12554093463736,-52.763304680146355,763.438212358879,0.9551092801038331,0.6477401519141074,13.977254987320595,31,mass_loss,-1
Small,21.7097288320478,-52.68529842348132,763.4741224332506,1.0280506581005893,0.6134548861364668,23.321823125573143,31,wind_gust,-1
Small,22.549721654439995,-51.91682050334725,761.8918428692245,0.9840243872039856,0.7800478565412353,12.49846479918823,31,drag_change,-1
Micro,35.4294942412694,-86.98167834827136,1040.4706948106248,0.1697172368265489,0.5453897594005578,18.81773533495516,16,wind_gust,-2
Micro,39.97745413496091,-87.77122430802332,1043.524260120484,0.1743198865462095,0.633728806657657,8.409293887909314,16,wind_gust,-4
Micro,39.33457407567569,-86.94217320106975,1042.9101224982767,0.16937673040298964,0.6703960776749632,0.34966439253624304,16,thrust_var,0
Micro,40.71595509820157,-87.02050077521689,1045.3030677508586,0.15803491959939278,0.6841118230192392,2.2336981325137915,16,thrust_var,0
Micro,42.09470771491246,-87.63107358401344,1043.500265529174,0.1439212068845986,0.5607624634779649,3.7484626934619714,16,thrust_var,0
Micro,40.07639341856207,-87.01702150360042,1044.019929996853,0.16087881668225554,0.6079593703197864,0.7606881811446252,16,drag_change,-2
Micro,42.01987711212587,-88.1203294633831,1046.8160494339463,0.1543040665147241,0.6980835758787839,2.819433374310757,16,mass_loss,-2
Micro,39.24340983349722,-87.35118613219602,1040.5702160654096,0.17715985920450292,0.6165873558307756,1.9844248110951375,16,thrust_var,0
Micro,42.883990601509325,-87.70240882354848,1041.7380920594196,0.15775029624502182,0.740906845688535,8.057757603733354,16,wind_gust,-4
Micro,42.58758098419169,-87.17963538223717,1040.5041158638526,0.17493558780314028,0.8122111920792224,2.882869076791996,16,drag_change,-4
Medium,26.624404383338305,-83.23693254357502,1019.0716034291961,3.1527593520984483,0.6263148910937713,18.83457473250906,43,drag_change,-3
Medium,24.198256522690237,-84.21942628111628,1014.162484432809,2.793909736510811,0.4961816849537557,16.210472996287105,43,drag_change,-3
Medium,24.521588895408627,-84.19098320582293,1015.5366764103228,2.6553903482393344,0.5920112711699257,30.835118370340016,43,wind_gust,-2
Medium,25.44149696066784,-83.68441950263644,1016.0781782684701,2.8697190235325962,0.41672058230508197,15.654193267539581,43,drag_change,7
Medium,23.932409622698565,-84.32032751162563,1015.9596065675721,2.7694760958584497,0.7669063618702183,14.108955976677125,43,drag_change,-3
Medium,24.128797534038828,-84.25027786767298,1017.419708676487,2.495218455493275,0.5491116844723797,23.500185288494446,43,wind_gust,-3
Medium,26.50226079059428,-84.37310775510048,1019.5460128902132,2.5630919470214275,0.5170106810401478,11.466399328954918,43,thrust_var,0
Medium,23.56999941460232,-84.30691144025488,1014.9234437887892,2.943692131486725,0.5311071622519504,11.73690192873003,43,mass_loss,-3
Medium,24.737935296217433,-83.877635918559,1013.1641711861387,2.5548021373276315,0.50082922361728,11.966196131120673,43,thrust_var,0
Medium,24.36501663546603,-84.36252442665071,1016.1604438496324,2.8347862115929696,0.5322188664304488,10.327566485824303,43,thrust_var,0
Micro,37.508768411808454,-67.52993613671359,679.3047010086151,0.2253753777926849,0.609356859516735,1.4297820559457595,20,thrust_var,0
Micro,39.34682617755725,-66.12300061385679,680.31085198482,0.22210886860435003,0.7400839419988466,4.223275296143634,20,thrust_var,0
Micro,35.20876153524104,-66.517083514262,680.52410166925,0.24319411391092774,0.7117509907927527,6.314517556650165,20,thrust_var,0
Micro,38.07995006069867,-67.7599992327897,681.1411021131022,0.2821578121759282,0.701817740910356,7.683175707451403,20,mass_loss,0
Micro,42.22554277485789,-67.46537529218047,676.8024974816369,0.2697457607015103,0.6328065146428067,8.422734074427442,20,drag_change,0
Micro,36.6879372783494,-66.68074666422004,680.8834036752057,0.24974002626251296,0.6360294003690198,7.950473316095243,20,drag_change,0
Micro,37.7765653955577,-67.09238878474952,680.4526604508774,0.27076266090188494,0.8458572141293655,2.3510213476468,20,drag_change,-4
Micro,37.093295645972205,-67.39535446148348,683.515436935285,0.2625348009062185,0.6945070011405347,3.7888159294674093,20,thrust_var,0
Micro,35.44335779615129,-67.43762802193105,680.8204349747879,0.25811430096627175,0.5707806661359223,8.274718112494446,20,mass_loss,0
Micro,35.62748818103192,-67.1183720561555,680.9355983893829,0.27578325323888564,0.6827483660600474,25.04011087909196,20,wind_gust,0
Micro,49.12369145709313,-47.228437384135574,786.8258239912121,0.19132240121475752,0.43275829469906407,0.0,20,drag_change,0
Micro,45.46455012121658,-47.61873422230873,791.218119453429,0.2016100342435952,0.5118044720141122,1.101967018309117,20,mass_loss,0
Micro,48.134109038024526,-47.91644404835257,785.9465574090073,0.21441068426973678,0.4130277759268135,2.515329434181356,20,mass_loss,0
Micro,47.27549924489978,-47.397991684662536,791.325822022236,0.21551848148280567,0.4141482862479994,6.89259774875641,20,wind_gust,-4
Micro,47.455074691267164,-48.31831480278897,789.8448684907171,0.2008149952599697,0.42051429315847605,2.5186857005379943,20,drag_change,-4
Micro,44.443885132276066,-47.10931874537757,788.8142650318794,0.20617500044292544,0.504443092081772,5.294854912657593,20,drag_change,0
Micro,50.050836432142795,-47.86520392752582,790.6593578175632,0.20637931110321578,0.5147569744184736,1.9340482587820844,20,mass_loss,-6
Micro,56.44160174469388,-48.30262795942292,786.2754109410104,0.22669252867933218,0.49699237410314484,11.94838764134663,20,wind_gust,-4
Micro,51.44007662386143,-47.84884767229575,790.7345540872205,0.2220993411268679,0.516596311704811,15.287111185085577,20,wind_gust,0
Micro,45.86685639692602,-48.105358532348326,791.350549048804,0.19777009213709637,0.4780727746701306,2.956976918653933,20,drag_change,0
Heavy,20.008136820491796,-71.49430688443347,513.099908062945,55.7627601935609,0.7109209682226482,30.978830855466313,14,wind_gust,-4
Heavy,19.829347255424203,-71.80484706412662,506.2334650330344,58.389864584825716,0.6486189698290894,19.323283235196918,14,wind_gust,0
Heavy,19.443664866060676,-71.6865891278565,511.98332262293957,52.046500551491135,0.6762007833610737,14.289222228810194,14,thrust_var,0
Heavy,20.487478889154833,-71.30049815674064,509.46391202532004,59.603308127069404,0.5486140761637371,31.75452062559915,14,wind_gust,-4
Heavy,22.176606157809534,-71.89015502161783,511.2168097598478,55.32011363059383,0.6396698365162495,17.14698390813054,14,mass_loss,-4
Heavy,20.86386482894189,-71.89668439212312,511.6349395602166,54.96145640645746,0.7303040136494184,15.978253153562928,14,drag_change,-4
Heavy,19.929436328820113,-70.872317028995,511.133129524937,54.86901522068428,0.6059374578649909,11.890572837293467,14,thrust_var,0
Heavy,20.000958159830695,-71.64317680862105,511.93088712582494,54.790090785724786,0.5928668095983171,17.21848837731036,14,mass_loss,0
Heavy,20.83830477181162,-72.17734883850726,510.43599303775017,60.83556173649404,0.526643616411546,29.989887002587253,14,wind_gust,-4
Heavy,20.921370918692276,-71.94224562811289,505.1430600503891,57.38583559871739,0.9470886727999478,16.819743639712858,14,drag_change,-4
Small,18.66122882067384,-90.03652753450288,943.131320979797,0.8095303012366697,0.45729271934288285,10.742572190437825,40,drag_change,1
Small,19.52345553861646,-89.64784030689717,946.3366646698455,0.7763476980555574,0.473376212714967,9.812790590293405,40,drag_change,0
Small,20.177073124853774,-90.64698964687398,947.1338173056911,0.7259875127105468,0.5600719167488181,9.845177716032627,40,drag_change,-5
Small,20.10709711193281,-89.70403895782464,944.4975622140909,0.8105649682047916,0.359297108757207,8.871809631731336,40,drag_change,5
Small,18.928856703576145,-90.4598120623984,938.9131504802524,0.7475113637516914,0.5966625189715694,11.710832047012214,40,mass_loss,-7
Small,20.499425465335804,-90.23809296637157,940.6454596624518,0.7423223941828785,0.5214309956519452,9.469475498916095,40,drag_change,-7
Small,18.92014907974926,-89.86651999299653,945.999524696118,0.7267112145777931,0.29213375293467525,10.652770778640905,40,drag_change,5
Small,20.94986142518926,-89.56948102015393,946.0931731474451,0.6944345712992118,0.5056798143373475,14.028829567582509,40,thrust_var,3
Small,18.93402434702001,-89.21770565579311,940.8360098408899,0.7234558240795048,0.5565621399901558,6.855245848907833,40,drag_change,-5
Small,19.96061731603899,-89.07624178687578,948.2906889757894,0.771058795103708,0.5210688762370564,20.000529135409888,40,wind_gust,0
Micro,27.231185005385356,-63.95255467516481,611.5013945921014,0.2626599631813628,0.671133116022263,4.1571595637472925,22,thrust_var,8
Micro,26.559911067375594,-64.90149359014481,619.294611625764,0.2954038855901398,0.5549639955236383,6.390038524274937,22,mass_loss,-2
Micro,29.05419557054409,-64.81177701035524,614.8126395383007,0.3256535602213019,0.5345252214291627,0.908833974410161,22,mass_loss,-2
Micro,27.249246419772465,-64.33884461766885,613.0434607877563,0.3456968429462058,0.6167875307168571,11.149430735914077,22,wind_gust,2
Micro,29.440530596882375,-65.64396051494778,612.8038438927015,0.3094328178072714,0.6410198766045728,4.854786572198616,22,thrust_var,0
Micro,29.07633494423623,-64.72406272052618,616.505872004825,0.26369666941819864,0.5308315383521501,5.08077146762648,22,thrust_var,0
Micro,28.199262448369122,-65.43378887438199,614.6772184592683,0.3125449306729816,0.5137389333673339,20.754468879294993,22,wind_gust,2
Micro,33.38509604681287,-65.72902701522554,619.2302194392058,0.31541446552154145,0.5534594205575557,2.799003330252099,22,mass_loss,0
Micro,27.44504777481319,-64.60201123643081,610.7765090109139,0.29160913930499666,0.4905744135109943,5.605088112760345,22,thrust_var,8
Micro,29.110040437235412,-64.66856182926965,615.5995596453193,0.29896687253233234,0.5378311662621672,1.2204475201256653,22,thrust_var,0
Medium,8.110714849303319,-82.12264560685584,1077.0860585996684,4.027159965983217,0.5845781171154595,11.414256217329035,113,thrust_var,26
Medium,9.35437607383839,-81.56692732916909,1075.0035982786414,4.836131732671747,0.4917456108639034,13.19734265114411,113,drag_change,8
Medium,9.646739128048921,-83.50130387188263,1074.7495546884088,4.599942383272862,0.4666968272401327,18.976302653053203,113,wind_gust,0
Medium,9.048064350248287,-82.7049983880572,1077.836462152992,5.172250857039579,0.597425588993421,18.3727306156678,113,wind_gust,0
Medium,9.881667688731767,-82.71270244582392,1075.2837729715827,4.2684780215786,0.5610409682581105,13.053285804538142,113,thrust_var,20
Medium,9.653792687881785,-82.5976827087173,1073.869241780067,4.302116763884199,0.45316680178186863,9.957435713676354,113,thrust_var,18
Medium,9.548859114408716,-82.50681153032815,1077.3495419467506,4.590165472084081,0.437637493951383,15.142233283613347,113,thrust_var,7
Medium,10.004104130439602,-82.06621258851546,1074.5177221119654,4.978568718016494,0.5177535969240419,14.453589783263457,113,mass_loss,-3
Medium,9.175409032869464,-81.32451400229792,1076.6727230145843,4.667725085867477,0.5549294041228603,14.399536797856044,113,thrust_var,7
Medium,9.624162906917075,-82.77904623005465,1077.687327766723,5.1245715547192985,0.6053037174137179,9.269628928352414,113,mass_loss,2
Micro,20.521321930000074,-36.59961611870885,807.5230362006388,0.303200983336204,0.5201064909482601,26.848763299463357,31,wind_gust,-1
Micro,19.446104913946055,-36.062090955229046,808.5860870180064,0.29580961965907615,0.6153722331071352,11.305430860881895,31,thrust_var,4
Micro,19.730391637296616,-37.088201003183286,806.1384347698391,0.26234730412776464,0.6272825919360868,14.481202793971452,31,thrust_var,4
Micro,19.560255720384067,-37.30181732851317,804.1298808238452,0.3064440309917823,0.704005872752039,11.48838532278896,31,drag_change,-1
Micro,20.80308623414409,-36.02056166697568,806.8906077122402,0.2834102161087236,0.8251562680211799,15.256271710059286,31,drag_change,-4
Micro,19.58912333198294,-37.28236412567222,803.7062998008123,0.2897286003754537,0.6098247500371089,11.358238290733595,31,drag_change,9
Micro,20.195437231273573,-37.170083138448646,806.7102829960195,0.2552183917356293,0.7153434684731631,12.823446574361942,31,thrust_var,4
Micro,20.306991609385257,-36.413466181198565,804.9194545970679,0.2496693820391666,0.5777017708536751,12.041649695118055,31,thrust_var,4
Micro,20.213888575572877,-36.88608813857475,809.111996613125,0.30239574556366056,0.6557458510121418,8.572699509565371,31,drag_change,2
Micro,18.515949297737322,-35.98510716081071,807.6741325588415,0.26643776234234456,0.5979765485959387,13.138546814420739,31,mass_loss,-1
Large,15.756730367611024,-66.9236711856923,626.3385621604689,23.877743240678143,0.6218514733952375,24.94121399199509,14,wind_gust,-4
Large,15.83317280830242,-66.78826399021445,630.5812143532837,20.92299782606424,0.6083219870354797,6.152207067709497,14,thrust_var,0
Large,14.217180304610702,-66.43474030210199,633.5147831534015,20.977035947455686,0.5127440523345751,1.9391252781754709,14,thrust_var,0
Large,15.928880171021076,-67.69106607291566,633.7167361532544,24.231391940602226,0.4800418077345984,19.993498854744026,14,wind_gust,-4
Large,16.01862869483068,-67.36514269138088,633.685196911134,20.145957667562257,0.571646819204943,6.279659710372199,14,thrust_var,0
Large,14.297581552802095,-68.09000028316095,633.0550720692696,23.415790302322605,0.4948138042730216,18.788717478496423,14,wind_gust,-4
Large,14.259285447330198,-66.25916346236045,631.0320838832037,23.166579379324958,0.48432084639545514,4.950250518741714,14,mass_loss,-4
Large,14.576663742206412,-66.66563226837802,631.4204981638121,22.877493507548778,0.5607870601526983,18.578982081921026,14,wind_gust,0
Large,16.6110423624929,-67.19179670900348,635.7176546854848,20.89847286752446,0.5642744015021266,5.020574474815091,14,mass_loss,0
Large,15.034285872063792,-66.56946724876472,629.6873475884779,20.879053272100855,0.5564872099943662,6.77189006516797,14,thrust_var,0
Micro,14.637865652894327,-20.055252758644396,789.5992060772114,0.3892145343372395,0.46418384481699165,11.341498491844773,43,mass_loss,-2
Micro,14.069085791647959,-21.437774627189857,789.1444666292384,0.3685254722104353,0.35452880957172334,9.465748871212156,43,drag_change,2
Micro,15.299650898305218,-19.883350958838776,786.9892787472787,0.34252113119831273,0.5976252539388,12.696512859469168,43,thrust_var,0
Micro,14.10656352792361,-21.458462872253765,794.6338446134511,0.4074987167519979,0.5013098625495138,32.08408226816777,43,wind_gust,2
Micro,14.871773894111177,-21.33060612464864,789.2155425270553,0.3566405777724447,0.4967847114409473,12.27079409133146,43,mass_loss,-3
Micro,14.947339836434187,-20.260397182299087,790.9989748665726,0.3975783961178418,0.550625923541352,11.470583422959889,43,mass_loss,-3
Micro,14.76052515781031,-20.04826210317617,790.9054563169683,0.3885322040048352,0.500760149475615,29.69389670918275,43,wind_gust,0
Micro,15.31625072293555,-19.366623896560714,789.437725595114,0.4042754078761793,0.48702692855747093,21.17894625279303,43,wind_gust,-2
Micro,14.355614300992823,-20.457224273362396,791.1535751829505,0.3351948264556738,0.5130771737494565,10.797799557536397,43,thrust_var,7
Micro,14.769269827059508,-20.923573895465104,790.0272310878676,0.3702284494462665,0.5110369046037153,11.350749487048427,43,mass_loss,-3
Medium,10.221892867808956,-26.647366981887597,944.5405707452217,5.613298822047544,0.605661669292142,6.746060661332774,80,thrust_var,0
Medium,10.246305825718126,-26.851924245282717,943.6706153530462,5.031211639686095,0.7485804635713007,4.972510394904106,80,mass_loss,-10
Medium,10.282466949008983,-26.4770486341407,946.0106889767985,4.917674711606553,0.5973727839771996,4.384220280520614,80,thrust_var,3
Medium,11.40271056579477,-26.53333973889248,943.1900429349134,5.607201908977671,0.6774532248518865,16.687138088890972,80,wind_gust,-7
Medium,11.468826324009461,-26.88648160196025,944.6087516506066,5.2514618013531775,0.7131769753147837,3.491296376093945,80,thrust_var,0
Medium,10.401466579211235,-26.30901754540482,944.9869191199117,5.4602714480047085,0.5375017124566389,19.65212974067743,80,wind_gust,-5
Medium,11.30201304583664,-27.29227381649836,943.4966761526914,5.599065398079675,0.6072195184781707,20.782000180788526,80,wind_gust,-5
Medium,10.494467445908565,-26.448505128423058,942.0132859958379,5.025503879484007,0.7171942218788139,2.5610186870158844,80,drag_change,-7
Medium,10.55053333360998,-26.64255429699542,939.9213886430402,5.74539246882152,0.5892458081345612,5.103878533903195,80,drag_change,0
Medium,10.969034301999285,-26.86735137789004,943.5760456475814,5.672191090894764,0.7612662174324616,7.772102345202793,80,drag_change,-5
Medium,6.689793257921183,-35.91141202178856,954.7346698134961,6.093900553849396,0.5808848410257467,9.28122312428218,139,wind_gust,1
Medium,6.45742473041492,-35.475088759277696,959.0391320923845,6.1188127402448,0.5908048570122069,12.840756473586076,139,wind_gust,1
Medium,6.631603551696342,-37.7057483039673,957.7974802241303,6.949075601781429,0.5702252073478002,18.876408710610416,139,wind_gust,1
Medium,7.133393614059923,-35.65571230609979,959.1559871944154,6.526368092727514,0.5544640556727924,2.852856502860118,139,drag_change,1
Medium,7.274406517251255,-36.06378849423792,957.3293065561594,6.999637469315004,0.4945865088939241,9.878969708714264,139,mass_loss,-29
Medium,7.256150506133149,-35.81428463334064,958.8691348456275,5.613726010721749,0.5723339090683894,6.522681436159304,139,thrust_var,12
Medium,6.805180096659372,-35.75676093480736,958.9286425897066,6.921536659271263,0.7373532100375555,4.805638926082749,139,drag_change,-9
Medium,6.461125583522087,-36.315775221298686,959.9025463822659,6.665068404728912,0.5375204810212115,7.0047600469330895,139,drag_change,2
Medium,7.141239497276901,-36.49299040119735,956.8329880526685,6.369734065507312,0.6192218142258468,21.145319748123953,139,wind_gust,1
Medium,6.559091894153108,-36.3395059133308,957.627684983143,6.333531577564165,0.5597806573069811,2.309165809394798,139,mass_loss,-24
Small,17.54448622813923,-21.626577809017867,649.9585540729727,0.7519994183642181,0.4135204744915479,0.6949670207990076,31,drag_change,4
Small,16.21130062196269,-20.932456057430244,654.0276297553071,0.7538582284199867,0.4766504844959252,0.0552723188872723,31,mass_loss,2
Small,16.7060037178132,-21.754235951754968,657.272455977687,0.719032426131522,0.5468793621908695,1.7588957301746868,31,thrust_var,6
Small,16.950274213056833,-21.955993814248654,653.8278520717985,0.7443486313474889,0.6146332437447892,0.0,31,drag_change,2
Small,16.447486930877954,-20.918544411843982,653.2485085691665,0.7976324175840951,0.4334449295543005,0.0,31,drag_change,4
Small,16.84018299972764,-20.764118971001697,653.9833704318382,0.8231304871275738,0.44999205943871395,2.1358940319138093,31,mass_loss,2
Small,18.045039597204564,-22.02034680668673,654.2283044015055,0.7161154730188857,0.4487092981004272,0.0,31,drag_change,2
Small,17.515864605709844,-21.53462080906545,656.5583210688842,0.8286440881308804,0.3656824082549752,1.995172376070712,31,drag_change,4
Small,16.356859366302185,-20.83888744113605,654.0270994421334,0.6349023557981587,0.48074129796311144,1.0672233758164302,31,thrust_var,6
Small,18.887307850057866,-20.302866933503655,656.7826296735769,0.7758999254759478,0.5245452550039577,3.4534742333949455,31,thrust_var,6
Micro,12.56679738390029,-36.58591262605113,648.2017077565455,0.38908869778889094,0.49539366809829455,6.727757238149289,50,thrust_var,0
Micro,12.431943519997773,-37.73554899650234,646.815069777256,0.38310338261433324,0.4329593051205857,15.144432691096515,50,thrust_var,5
Micro,12.7910086742316,-36.8971365630179,646.5771129246026,0.4678078666324681,0.38533414401348787,19.439734311238798,50,wind_gust,1
Micro,12.498556759501138,-37.11701237354254,643.6494657576516,0.43842754491290453,0.5246385747400932,6.3176412329324485,50,drag_change,0
Micro,13.52516549868001,-36.2381886498633,645.8358937281243,0.3395048973071594,0.4203413566177772,7.721837618101726,50,thrust_var,5
Micro,12.405285269674273,-36.02232986566723,643.8409905687749,0.4675286756596052,0.3766831199316313,7.163580924006865,50,drag_change,3
Micro,12.41879236937184,-36.87084785940433,648.6776442493351,0.4750334287103546,0.38693063757821083,14.864960187358692,50,wind_gust,1
Micro,12.549270846429485,-36.40356533097996,643.3532812797765,0.42410047041769694,0.4528593505008484,9.368712587754159,50,thrust_var,0
Micro,11.934770070251512,-36.229465883609635,644.4216553343483,0.43224771539225926,0.412806952188204,19.28603062940722,50,wind_gust,1
Micro,12.740082570559823,-36.76551730959764,645.9267694004355,0.4248731077535296,0.33717639400349375,1.3096853364224144,50,drag_change,1
Small,26.014152335486408,-80.85167721968399,822.6158684226505,0.5015918281775807,0.8537316558338398,3.8962922488170517,22,drag_change,-2
Small,25.73511965735471,-80.5664527020763,824.3126263059696,0.4448716033219518,0.7107864002865486,3.125909018131132,22,thrust_var,0
Small,27.299371658321036,-81.05171435864756,823.1191917256465,0.5485041199822904,0.7406176624425403,6.916913893185244,22,mass_loss,-2
Small,27.22336130913757,-80.00892094541771,822.191037285518,0.4709767942572781,0.727823942183372,4.595939003107533,22,thrust_var,0
Small,26.966246496909594,-80.50069617092582,821.4134163894306,0.5934250842182323,0.9399389185289416,5.618237690341682,22,drag_change,-2
Small,26.63929437697946,-80.3087070381959,824.2598002554485,0.5395663956620428,0.7590188358610869,7.595007738686393,22,drag_change,0
Small,27.043214301834443,-80.32205458039681,822.812394437858,0.5257003416267404,0.6912977592212805,3.810733282486194,22,mass_loss,-6
Small,27.173370032053903,-80.44886894162549,824.5057770812141,0.5084381926179745,0.7011046221544921,13.574296459794118,22,wind_gust,-2
Small,25.386505544449427,-81.24594145062063,822.5066251860865,0.4988326854953406,0.57877060010107,0.0,22,thrust_var,0
Small,26.723310379280903,-80.68023927686987,826.6623263312912,0.4941181550625931,0.6336971233750077,6.207949926797664,22,thrust_var,0
Medium,29.082183628822747,-85.99209912497379,734.794996445599,2.6452086521624767,0.6216178004267071,13.223571626343308,37,wind_gust,-6
Medium,27.988972206101163,-84.70218190824316,732.892770177048,2.9113648045730884,0.491226896299707,5.276846931071056,37,mass_loss,-7
Medium,27.549560941836937,-85.14193598070283,730.077128871328,2.651127561200985,0.6053767227027854,17.6422362811014,37,wind_gust,-6
Medium,29.334107341659706,-85.21548389765026,732.3762823669622,2.249057895724182,0.5057651912727915,2.684961798931202,37,thrust_var,0
Medium,28.362969021651324,-84.1512000361405,731.0107823246392,2.9350118913763614,0.6051561833419149,5.783112226041246,37,drag_change,0
Medium,27.521902078079464,-85.1000163339122,732.4824693470595,2.90282366158804,0.5027737753642612,3.8480526025913906,37,mass_loss,-8
Medium,29.023686011845996,-85.84942644032357,732.0255349092511,2.418585683147472,0.686140402687553,3.292727630182749,37,thrust_var,0
Medium,27.74391950929436,-84.32384607459974,731.8561155593031,2.5600999239425484,0.546532884088995,9.041745056721933,37,mass_loss,-7
Medium,30.394691727285885,-84.43182320569547,731.0176433760724,2.2053656800670858,0.519144734382116,5.821812676687881,37,thrust_var,10
Medium,28.341173604270836,-85.4946737398475,735.2578934588894,2.6540976070610527,0.6524650650702009,19.35116279166585,37,wind_gust,-4
Micro,24.12051648273692,-22.01281629845486,694.5970175004097,0.18488311682274608,0.3504667789174687,14.07503586921376,26,drag_change,4
Micro,27.997377667390523,-21.864956156950313,693.2838973213105,0.15702250611927157,0.4122010090003376,14.344658646702817,26,thrust_var,0
Micro,25.504752843688333,-22.280090659334007,692.9881093559467,0.1829075391189309,0.4530366104666201,12.430488612220772,26,drag_change,-2
Micro,23.70743032045306,-23.001573196013734,696.829306604043,0.17779063541141224,0.49676405685711306,15.26286572639998,26,mass_loss,-6
Micro,25.805419789601213,-23.700238993051016,694.9076958465419,0.17841356272116068,0.5085207002712471,15.652410938598495,26,mass_loss,-6
Micro,23.921638843488214,-21.87791870935225,692.424133227585,0.18734817593939448,0.5120365223723996,13.447974649483072,26,drag_change,-2
Micro,23.784640914075563,-22.210989657175624,691.7690973056975,0.17305905481743333,0.43131299322360145,12.718902592145119,26,thrust_var,0
Micro,25.315178551003946,-22.33409268008858,694.6900489107825,0.17895832859002178,0.5017802370766874,33.10788784239649,26,wind_gust,-2
Micro,24.494957152919348,-22.618270154827773,695.6138085476272,0.18707397077260143,0.5298208036259634,14.671269705999801,26,thrust_var,0
Micro,24.50728091785047,-21.766224482397096,698.6320245750509,0.18061979886498095,0.47978827960470577,38.20885522884392,26,wind_gust,-4
Heavy,17.648888391772157,-75.25337538071453,959.7995915402578,60.71559071531052,0.5879574820086537,25.07066793892195,16,wind_gust,-6
Heavy,17.232465609208322,-74.69207862808324,958.7861303919435,46.267263875677855,0.4790918948375201,5.335380737597973,16,thrust_var,0
Heavy,17.556736960761175,-74.50163651730944,955.8928060437795,41.68379251709399,0.5362222423745673,4.8707319085945935,16,thrust_var,0
Heavy,17.658658668534375,-74.42525381607545,956.3409246573151,59.88511025940517,0.4195787532715983,6.017037323381723,16,drag_change,-2
Heavy,17.502213747623145,-75.29181628102748,956.8345642667176,59.06443414722984,0.44130908658457607,9.540567866279074,16,drag_change,-2
Heavy,16.97639844176174,-74.5087469980506,956.7313571220834,50.964455311503556,0.46047281859928274,5.5521155894221845,16,thrust_var,0
Heavy,16.56651241907956,-74.5380599833368,957.7704361315097,53.20929942100067,0.6140805728549826,7.2734255373999925,16,mass_loss,-2
Heavy,17.18978370917831,-74.51937872665141,956.8697214299281,55.73822174046496,0.5436253769172905,11.033961408851539,16,wind_gust,0
Heavy,16.483186355440857,-75.1008354922532,958.2279583750026,58.452912033401894,0.542198804842722,6.514647357156529,16,drag_change,0
Heavy,16.765433453395964,-74.20218780553044,955.5776722874346,59.78943225975179,0.5180816748228053,8.335360117350563,16,wind_gust,0
Micro,24.27310068327535,-41.89845960918629,730.420347891301,0.25088454314486497,0.5815905051993473,27.76083221864158,26,wind_gust,-2
Micro,23.49269847137526,-42.271132841083066,730.9492190654189,0.26350128865546907,0.5577971805806752,12.623972306443248,26,mass_loss,-4
Micro,22.865003292023815,-41.931337046331656,730.7015453970217,0.22546356815908714,0.6333508620812682,14.034970278111523,26,thrust_var,0
Micro,22.182942735720655,-41.273089030699786,731.0664717223052,0.26512502174411595,0.5746761585815301,25.709549885568805,26,wind_gust,-4
Micro,26.077026660078666,-40.85736605906535,726.6514412931739,0.2607285049018461,0.5946198804791986,14.60236582011031,26,drag_change,4
Micro,23.595333784334038,-41.479859868571296,730.391109054021,0.2720557160510214,0.59042836682119,10.754595314292358,26,drag_change,-2
Micro,22.614267255599664,-40.8583986084524,730.4949716081691,0.2316914683091654,0.5372099646455035,34.14863600132324,26,wind_gust,0
Micro,23.33128010689788,-41.48489272646919,729.015871095111,0.23140810470889295,0.6011504948164441,30.6846626658873,26,wind_gust,0
Micro,23.881281570516233,-40.87187906869343,731.8854060399517,0.2781558330650808,0.4446467676500121,11.23394427137166,26,mass_loss,-2
Micro,24.252617694953525,-41.146645526736215,733.7478825408377,0.251950454431541,0.5602942289654868,16.085036871444196,26,drag_change,-2
Large,26.966752253389657,-38.37297200624846,580.0218479220788,13.837110715887174,0.5703109811460931,3.858041940221738,12,mass_loss,-2
Large,25.37116364429711,-38.30380708344543,582.7260703745347,11.237042731848236,0.45904348824781116,0.0,12,thrust_var,0
Large,27.863444643091274,-39.06440924375036,582.8986337514613,13.805302219734136,0.3604689814853277,7.317472362239903,12,drag_change,0
Large,25.16089789856523,-37.221813925229085,582.2555252012249,12.708375299604981,0.569670200611677,0.022940847285048083,12,mass_loss,2
Large,27.448504574582365,-38.09306989313672,581.0658249492518,14.272608745063819,0.49415652041863334,11.039186187798077,12,wind_gust,2
Large,25.395633075542687,-37.932787589082075,581.5867497172076,12.528699950416854,0.5061868557161759,12.644356340798634,12,wind_gust,2
Large,27.981076687052873,-37.847243824361975,586.0793642122297,14.328576043236136,0.5383025693931369,14.649584035990515,12,wind_gust,2
Large,27.860945207238267,-37.58471933679669,580.156577948419,14.346449942777165,0.5170919108840284,5.688175883480326,12,mass_loss,-2
Large,25.610613409756187,-37.90336965503647,580.5001286037239,10.887961350771302,0.48169234750504303,2.952038538024299,12,thrust_var,0
Large,26.138811777889988,-38.109136979259965,581.0715247993355,13.710512518240762,0.5115515258886484,20.18661976487346,12,wind_gust,-2
Heavy,13.641368955649732,-61.179512623310536,730.6064738242537,69.91313350227333,0.5134662684512841,12.53923650434748,14,thrust_var,0
Heavy,13.32039681970105,-61.45425851960848,730.3327088424759,93.00849401304563,0.48963773991760673,15.995874384109044,14,drag_change,0
Heavy,14.454403243133418,-60.91255942319901,729.4249033371754,79.79320358251279,0.4347617091458585,11.908173113151836,14,drag_change,0
Heavy,13.698365868455294,-61.91820796109377,730.6211237878301,77.07081393182321,0.5394396921169806,15.229157591695119,14,thrust_var,0
Heavy,13.76459924712307,-61.41916973114061,730.281926940852,89.30315312355367,0.4723278437716795,19.179885675464014,14,wind_gust,2
Heavy,13.021156237731939,-60.83215982287629,729.7310922754885,92.77768304099818,0.5150922010966661,26.596237122252315,14,wind_gust,-4
Heavy,12.892997933171584,-61.032826035419376,733.8330689054518,62.60600065200572,0.5854965106007364,7.3485450311925575,14,thrust_var,0
Heavy,14.28777096548139,-60.92847553699719,732.2911633206481,76.14258423540855,0.49946775346400685,11.966610592961706,14,thrust_var,0
Heavy,14.345578808812053,-61.82939351859645,726.0199008523152,84.4596214649699,0.6211720877930628,8.869998623144005,14,mass_loss,-4
Heavy,12.684164687852899,-60.95861250158675,729.1474066082081,83.62344133708923,0.5472411327553829,17.652515431312715,14,wind_gust,2
Large,9.698179135838512,-68.61213902938228,544.3552968110941,24.271144537239152,0.5238839870519623,10.708315561345557,14,wind_gust,0
Large,10.128332470496986,-69.47571369380044,543.1059645445238,19.376480992981516,0.5456809777576105,0.0,14,thrust_var,0
Large,10.313301251164882,-68.484193015599,540.1099830270798,22.259267261114275,0.453993930957731,12.126103391831826,14,wind_gust,0
Large,11.171546004730873,-69.26578725607668,541.2724404158547,22.101039791552424,0.4759427274365152,13.527354540730304,14,wind_gust,0
Large,9.394715931913039,-68.5341568535073,541.2120918691411,20.229359263019788,0.5613948260601748,11.900141754048216,14,wind_gust,0
Large,9.711626696580113,-69.18625434745255,546.192883153282,22.483371383346654,0.547903939620678,3.082304977794953,14,mass_loss,-4
Large,9.656480732671548,-68.07765231916537,543.3223951305564,21.69482171289386,0.454391046455546,15.705348559097784,14,wind_gust,0
Large,9.951137734817816,-69.26267469407692,544.0481458216717,21.677228661698905,0.4959524940883869,0.8010352197667436,14,mass_loss,-4
Large,10.434556392920372,-68.48744959519496,544.6588584740301,18.679920090283154,0.5328320700046237,4.066392619000419,14,thrust_var,0
Large,10.112452557055454,-68.33844433975086,545.428431300245,19.767967774849456,0.44595589135787167,1.207640238666011,14,thrust_var,0
Medium,9.646448748032265,-79.6081471568764,1133.7382076868596,5.342242368685287,0.5643417809922903,13.516104453963816,121,drag_change,-6
Medium,9.631004816987298,-79.04662458908886,1127.9110594889037,4.703233595008964,0.5192717933922142,16.17587037873206,121,thrust_var,9
Medium,9.55275081381505,-79.29375605196114,1128.3959715066658,5.438707949868714,0.491007996696892,22.725754803546128,121,wind_gust,2
Medium,9.751721433084025,-79.58967640067877,1129.5877547548582,5.752425746749201,0.5393503885626251,11.015987126347945,121,thrust_var,0
Medium,9.530190669027803,-79.24978958734647,1128.906127286389,4.7060971743667,0.5671186971517186,14.59873284347719,121,thrust_var,14
Medium,10.747484534136712,-79.09630708162722,1130.4474840310859,5.555278375130443,0.5383280282612621,29.23550528777107,121,wind_gust,-4
Medium,10.444775585423633,-79.36922855608688,1126.334792171356,4.824073000040153,0.4317253765538237,13.546324097367888,121,thrust_var,19
Medium,9.594372931267902,-79.1350469622046,1125.1258460188587,4.710752089360085,0.5619990058601179,10.291479052295323,121,thrust_var,20
Medium,9.649876865143911,-80.06578758652316,1127.1573084431457,5.495555012849302,0.5090066917201623,11.6689296426999,121,drag_change,2
Medium,9.472882835615538,-79.28186323838186,1129.887865583092,6.074437264020617,0.42934417144565834,8.178057369228203,121,drag_change,0
Heavy,6.982661969287047,-78.93510660690706,718.7435747903132,67.70386626130686,0.5387058400241522,0.32793963095832723,100,thrust_var,10
Heavy,7.28760682975568,-79.30733214515067,716.1490765757143,87.17306453081933,0.5200081932122389,1.0288039379713698,100,drag_change,0
Heavy,7.20287116677043,-79.422642801996,716.9523576916255,74.92527401931034,0.7121703050971419,0.0,100,thrust_var,10
Heavy,7.496389755187682,-78.6351891194394,718.1748400568845,79.81776561543879,0.6369616604655908,0.0,100,thrust_var,0
Heavy,7.323169164163062,-79.18693993344714,716.1494856530037,75.95601555749715,0.6380047066245265,0.0,100,thrust_var,10
Heavy,6.756555257491666,-79.1158748758886,716.7451835637926,83.45415133534493,0.6973893569940001,0.0,100,drag_change,0
Heavy,7.235663984485924,-78.73774139951841,716.6556799402524,82.61075666955259,0.5350458392706662,0.0,100,mass_loss,-10
Heavy,6.88522376980501,-78.70034751523785,717.9155349815765,73.38554465833751,0.5601400990702693,1.5302664448537926,100,thrust_var,0
Heavy,7.244280569678305,-79.35855208548821,717.7715472957894,84.8097939851283,0.5388129118798122,16.4683315333775,100,wind_gust,0
Heavy,7.118837263268529,-78.40577650544223,721.3842661376501,86.25506667042622,0.5841733715601065,0.0,100,thrust_var,0
Large,15.44394179004857,-86.67369946334324,1164.2879314028482,22.221950945170438,0.43764663986735386,25.698695560873468,16,wind_gust,0
Large,13.993963719576946,-86.32337414646885,1166.4558366804235,23.82331795031586,0.3541927497806847,8.300816046346597,16,mass_loss,-6
Large,14.155838477422831,-85.82076399367266,1168.0856656614433,23.30916337170291,0.4149243991394348,23.46163856156115,16,wind_gust,0
Large,14.911613870160174,-86.34016770298595,1171.13635042775,24.636734386559965,0.4057667223948197,17.436070080494975,16,wind_gust,0
Large,14.031241581287652,-87.9267677396192,1166.3242916016861,22.131078873265377,0.38222515914419813,5.3648346448555255,16,thrust_var,0
Large,13.89998806159542,-87.04315780215535,1167.7462918799108,20.26489955149742,0.3898561715964451,5.132372127960959,16,thrust_var,0
Large,12.810121435966789,-87.04426934764868,1167.8792779241558,26.567945226006863,0.4190826050913964,3.747892736819496,16,mass_loss,-6
Large,14.021934320996271,-85.92747391383212,1169.2344015522208,22.271063758237513,0.3546741527479054,5.9759705305373005,16,thrust_var,0
Large,12.910751328140421,-86.53960743036703,1168.9560473296744,24.999267510859333,0.4235288765343268,9.179842036618384,16,drag_change,-6
Large,13.635595524414539,-87.58921638141513,1170.4424304403033,24.170450346344083,0.29631893528083064,7.234509325692988,16,drag_change,-6
Small,23.19512885492165,-78.59013114344387,1056.3017884559658,1.0005526026884006,0.4570289918876094,7.071750518036802,40,thrust_var,10
Small,22.00843247187371,-77.97708742792678,1057.8697472233723,0.9897907260615433,0.46501242235992274,4.458219925793968,40,drag_change,0
Small,23.238299136805637,-78.03145764852903,1059.3096535333216,1.0345399784857459,0.4855393267360397,4.936949553586492,40,drag_change,1
Small,23.500774857244956,-77.26094613738037,1056.153792093,1.0324183278990868,0.5455061265466844,4.283636532481949,40,drag_change,0
Small,23.552166763770433,-77.69813070666015,1058.3583325890152,1.0002356141965694,0.5686302455488567,5.805265088360889,40,mass_loss,0
Small,21.327811443003526,-78.67528385698463,1057.463120058478,1.0445988606564307,0.42807122524380314,4.465789684965348,40,thrust_var,0
Small,23.782815732024993,-77.69050637448088,1056.2165158171504,0.7907928128403722,0.4733079762071871,6.315427528550721,40,thrust_var,10
Small,23.067213944695027,-78.64367282993433,1055.0967657303152,1.0855525807796165,0.52025737608219,23.731723915572562,40,wind_gust,0
Small,21.97780550190403,-78.04534093344006,1058.6707619434483,0.9402562254263449,0.5139237886002779,6.24905022248347,40,mass_loss,-7
Small,24.388481858237405,-78.84332885072861,1060.039054411628,1.0444536633765038,0.500032508521788,13.729787696747762,40,wind_gust,1
Medium,19.974668180053673,-42.7335462449671,628.3955041473264,3.87219764575205,0.330068342486814,12.605211193217848,39,drag_change,4
Medium,20.25795216030967,-42.5561676416763,630.6670696863118,3.8466608216792313,0.44312570998668527,9.025299843471075,39,mass_loss,-2
Medium,22.195154906137883,-42.806661027444484,626.9222783656008,3.4974215828510875,0.4372107720377727,9.685552890005555,39,thrust_var,4
Medium,18.941542872482458,-44.304968906956944,630.0522593117687,4.199274859904846,0.48849159504565054,8.442213565978378,39,mass_loss,-4
Medium,22.12543291946805,-42.97258956629314,628.8856895583347,3.2744605979558052,0.48781540508684845,8.315134942341606,39,thrust_var,4
Medium,22.133624983574144,-43.71101668748394,627.8763551140189,3.4625861691562503,0.38042488341515107,11.374857813873913,39,thrust_var,10
Medium,19.708809236409312,-43.116885043546134,631.8463417997234,4.200995430064385,0.36216502383558236,5.907838086733452,39,drag_change,2
Medium,19.84504212594405,-43.39914647919382,626.7489940697637,3.998880860448895,0.44441366764715523,6.202092088912584,39,mass_loss,-4
Medium,19.71985733412152,-43.602054095041424,629.034386044596,3.8828042988387494,0.39538048314359586,8.809541675837234,39,thrust_var,4
Medium,21.669869305536842,-42.935507764667925,630.7827032356394,3.9739949270563293,0.42445869401061287,24.709963462014304,39,wind_gust,1
Large,16.54403545706193,-40.91287596201025,781.0810606265146,22.879488621072994,0.5207801054321017,17.57856774707136,14,wind_gust,0
Large,16.246133072544286,-41.31016706714021,781.6740638801225,22.65146407663373,0.7530761481598622,2.286582048288171,14,drag_change,-2
Large,16.609633563483005,-40.150227859927355,781.434174213963,23.55892960828044,0.7305384266897471,2.6793163542610814,14,drag_change,-2
Large,16.90364185042123,-41.392979416117456,778.7966381952875,22.647747374045323,0.6124118376969793,1.3246074478678604,14,drag_change,0
Large,18.50200893992996,-40.95392291875321,780.3086530892425,21.15289923193617,0.5109659993791269,7.5797044042625314,14,thrust_var,0
Large,16.865507119497778,-41.35945764707447,779.8962174092628,21.642287966324727,0.49993270262146955,5.422097948071749,14,mass_loss,-2
Large,18.416710676501324,-40.75667832786257,782.2764888125296,22.024480881639406,0.4950808562876994,14.201554530476677,14,wind_gust,0
Large,16.22614745630778,-40.591721312052826,781.738142796997,24.979144675376634,0.49820517212115456,6.920619955685343,14,mass_loss,-2
Large,17.800204516611835,-40.61876005759787,784.337186310985,23.730399750044782,0.5357990333794174,19.48229175988952,14,wind_gust,0
Large,18.997757324851563,-40.937787074336335,783.2431952256431,23.780097824998915,0.5058662738601616,5.5016581521168915,14,drag_change,0
Small,9.95385384089682,-41.10102233977923,590.2067984274879,1.5796852757120994,0.45355173860899595,4.486030985572961,60,mass_loss,-5
Small,11.201409755689735,-41.10476456861436,588.6571534118431,1.5844526267607604,0.3416464139948329,7.760054224933122,60,drag_change,0
Small,11.008219138823105,-40.48785938909356,591.3799821043216,1.4898401202078964,0.5038523367594258,16.47168954390196,60,wind_gust,-5
Small,10.104119105295116,-39.531310443332835,592.1363621083512,1.428562670992319,0.47642377520209334,8.510298886444863,60,thrust_var,3
Small,11.084398320909335,-41.16618826625832,589.7260688853992,1.6740711000400117,0.3927597998599187,6.406525498511222,60,mass_loss,-10
Small,11.108712575955908,-41.16331552540629,591.338000689568,1.399222385132629,0.449359158386028,4.788994708016771,60,mass_loss,-10
Small,12.054919986422549,-40.969108263199374,587.4279543430523,1.579269951217729,0.5473907867319568,5.859076282784658,60,mass_loss,-10
Small,10.870636793667417,-40.83777611826689,589.6713989170977,1.49813887259603,0.545136918145697,8.847980354814478,60,mass_loss,-10
Small,11.005458458071942,-40.92391766962381,589.7291352844544,1.5831272518528159,0.50450467953395,23.756132355070466,60,wind_gust,-5
Small,10.710227558514914,-40.59791625912328,587.2238042384745,1.342703361988752,0.5620013122380633,6.346498051923185,60,thrust_var,3
Large,9.134214673412705,-50.38920594854536,856.980631620821,23.50075647163446,0.46872454052545603,8.787661395934943,12,thrust_var,0
Large,10.037282777891365,-51.33212633065055,857.6460227436188,25.211163126915228,0.5305016570205555,3.5764802999190595,12,drag_change,-2
Large,9.52245825295808,-51.40158366460984,858.5909362768103,20.363520974676725,0.40615419799057106,10.757450763633177,12,thrust_var,0
Large,9.810103595300449,-51.163311292079,859.3237347659389,20.657194433992668,0.4333301835430527,10.626152249796307,12,thrust_var,0
Large,9.668119702171525,-51.31083493349326,860.9787698032553,23.49979982119558,0.38932923238347705,22.5434635031922,12,wind_gust,0
Large,10.253453607368098,-51.94983094281611,855.6554962943252,24.75932019497783,0.3015500306289847,5.9824969665921115,12,drag_change,0
Large,9.117857249721219,-51.17178358249051,854.8986230861016,20.959039134569608,0.446370960623464,5.599094897700899,12,thrust_var,0
Large,10.411232750330011,-51.169893136386904,857.9690458215732,24.73396097613215,0.4588913163032079,14.47903337768858,12,wind_gust,0
Large,9.331852409871928,-50.831966857092965,858.2132497637944,24.360448384852866,0.3009377291445429,7.229757214046695,12,drag_change,0
Large,10.491737223276926,-51.3871445279921,859.1283996838292,23.18471429550309,0.43312119104382896,17.375143240370075,12,wind_gust,0
Micro,15.036078121391036,-21.537742984558093,811.6934294974631,0.32831099518830764,0.5845158776519673,12.193682201058076,40,drag_change,3
Micro,14.737799488120816,-22.179725801691944,809.6789346950005,0.34842137550321584,0.529540442251127,12.346277677186745,40,mass_loss,0
Micro,14.646110556304665,-22.298159066955645,812.0317593405017,0.2816261401980108,0.5868207874045667,9.289819039743612,40,thrust_var,5
Micro,14.87932251588672,-22.342442599380234,817.4246430966587,0.26105494018019865,0.4956475799509287,12.572343693400274,40,thrust_var,5
Micro,14.853998637143732,-21.80758444565223,809.9056631058302,0.33702079173858945,0.5297990059005037,10.024517494724648,40,mass_loss,0
Micro,15.599542485183065,-22.10187155430374,811.1451403084712,0.34172845001035673,0.720092444314916,11.369791359683745,40,mass_loss,0
Micro,13.70863326343166,-21.284646719805483,811.8811135621024,0.3309725194237068,0.5251959534152058,11.855894768429403,40,drag_change,1
Micro,15.292605519865385,-21.716234476930147,817.1655774523467,0.3516667032318103,0.6111876684859403,19.522400125848236,40,wind_gust,0
Micro,14.653299484759355,-22.088150801108615,812.3211775768552,0.3483380576854997,0.5263653822027675,22.2980500494727,40,wind_gust,0
Micro,14.226558626375402,-22.66059581100521,810.8381649098715,0.3058885309397611,0.6226670712612453,11.894246628440557,40,thrust_var,5
Heavy,8.927463910904088,-52.45387892987775,811.9316368342652,70.59863841110125,0.6455216143258559,11.004365138418093,14,wind_gust,0
Heavy,8.055520785021447,-51.56178397529683,815.5199495515769,66.13137438744819,0.49163543346732846,0.0,14,drag_change,-2
Heavy,8.043932327979743,-52.00786172614306,815.4750732471226,73.1095840571155,0.5971033438242151,0.06469610741745246,14,mass_loss,-4
Heavy,8.658093271640727,-52.006894173410245,812.0121990215467,55.61039007135841,0.5583679609440293,1.9210605795517346,14,thrust_var,0
Heavy,8.429549134558663,-52.40128390040244,816.2886746349983,69.04377723046454,0.6820778009699023,1.9264574539409247,14,thrust_var,0
Heavy,8.297983742416141,-52.55363784822453,812.0336316455376,75.28947850682849,0.7843152498255563,3.0834255709937155,14,mass_loss,-2
Heavy,8.57657747852155,-51.87440821228674,814.2603504348267,66.07533496414425,0.654422046184783,1.038790526322575,14,thrust_var,0
Heavy,7.655738308461257,-52.0083565315178,812.6361243421209,75.61179897783501,0.6586666175369089,0.0,14,mass_loss,-2
Heavy,8.412724028887652,-52.533744051604465,815.2305397751417,65.0457986900976,0.5367176515900617,2.458875481810783,14,thrust_var,0
Heavy,7.935331413887084,-53.080964837888295,814.7847259279714,73.41138177453435,0.5927880443612802,0.0,14,mass_loss,-4
Small,28.22103624250106,-68.05534847182776,879.6809465585133,0.9184205373905242,0.6627630665881029,18.2569828927936,30,wind_gust,3
Small,26.081389995227003,-68.49754068857723,879.6721938416256,0.7576584458401326,0.47606282039761344,12.45117396005834,30,thrust_var,10
Small,27.40695337010253,-68.19705286509789,882.4014317159729,0.8263540039232777,0.5713208700776572,15.741985941382023,30,thrust_var,0
Small,25.255947819204415,-67.79731500093978,883.3452815854243,0.8906580975550028,0.5525364071525666,18.79592200269965,30,drag_change,0
Small,26.73363668138411,-67.51787305164079,880.0501129909754,0.7966061504158453,0.6687916190021844,11.35725525377865,30,thrust_var,10
Small,27.507827624479095,-67.79928029266942,885.4297685697843,0.856872689235595,0.5718088848117063,13.94314371076564,30,mass_loss,0
Small,25.637907731660686,-68.02784998027361,883.5859040168298,0.8325005470748391,0.5403346022738915,13.766426796133526,30,thrust_var,0
Small,27.053327764929218,-69.20001722195893,883.0384020965938,0.7976308336454829,0.6578623706146851,15.963079100408908,30,thrust_var,0
Small,28.048414676718792,-67.8840892720043,885.5202400388044,0.8736021341608808,0.539154436215132,34.235556658937334,30,wind_gust,1
Small,24.990140997467602,-67.878209583134,878.5818958463824,0.9253100089403895,0.5898270391503888,13.533423909481112,30,mass_loss,0
Heavy,19.03516127546842,-38.88184683938297,949.4764991027988,53.96296797287161,0.5191599958099501,35.97485290211263,14,wind_gust,-2
Heavy,20.09466349892781,-38.97673584236952,948.2936862465834,51.75537789502631,0.4435406031349787,9.692381365367627,14,drag_change,-4
Heavy,17.801173707241567,-39.669757138366826,951.3766297351582,55.07972518887667,0.5480902772182729,7.824737844865785,14,mass_loss,-4
Heavy,19.541110843853986,-39.136347123257394,944.8015868638273,43.66724907526831,0.5645733564358435,12.24337399603646,14,thrust_var,0
Heavy,20.977993139544886,-39.59547058833929,950.1368395122923,57.45493128636898,0.5785585397518171,10.904507015909171,14,thrust_var,0
Heavy,19.15614117359587,-38.7682240501843,952.0947545070316,52.805614062878256,0.6339673379295979,14.190487245331324,14,mass_loss,0
Heavy,19.528736265909455,-39.801244644704965,953.5677859643351,52.11667242596789,0.5134388448748617,12.710618382197431,14,drag_change,0
Heavy,19.00702420307856,-39.86845137104046,953.261023370305,47.64050197620917,0.555513066258374,17.041123958694655,14,thrust_var,0
Heavy,18.077920638052497,-39.034304080055975,952.4664036194532,54.7999242208419,0.6487487134075101,16.781050114298733,14,mass_loss,0
Heavy,18.858305445738115,-39.39577954248073,947.8422077049082,42.35661493040635,0.5969639224552529,13.673652767349408,14,thrust_var,0
Small,16.82928798654509,-67.21268905058227,504.80910735885465,0.8319565370037892,0.4747619791878803,27.735379202506202,33,wind_gust,2
Small,16.115052672300333,-67.32128302946731,505.7835411794277,0.8436829628678868,0.6273783437631942,13.11510968867427,33,drag_change,0
Small,16.93753360513706,-67.66799087089922,503.6061825769425,0.7653745970879638,0.5038258363335262,27.416463764891994,33,wind_gust,2
Small,16.651879358898405,-67.75429867402617,505.36162065711983,0.8503367545195811,0.40031870123912006,24.561524561930476,33,wind_gust,2
Small,15.945083437445,-67.4359054881842,503.51757860457275,0.8563570452662355,0.5518467874044517,29.37613405136588,33,wind_gust,4
Small,16.86239687914803,-67.13862836757205,503.3825053586705,0.8302978791898558,0.4338827136032929,14.593885415957361,33,mass_loss,0
Small,17.132713174501696,-67.53080469651265,506.29931316746433,0.7943444233166391,0.5056499069097719,22.202976993448424,33,wind_gust,2
Small,16.483388544115854,-68.03080576874922,506.13363550589554,0.8135446477690724,0.536645852834088,11.869174327654223,33,drag_change,2
Small,16.12956529284422,-67.47343361795355,503.117324108376,0.7808545723775971,0.5756357128192165,14.426396208282501,33,drag_change,0
Small,15.794210266577185,-67.49277408832715,502.5981565725909,0.7965768470079334,0.5541961510869436,14.784299706249417,33,thrust_var,7
Micro,26.734516846183837,-24.035059606888264,735.2588542327227,0.19716046936420376,0.40395850410359413,7.994569495740797,20,drag_change,0
Micro,27.23518287726708,-23.54513487443537,736.5532097712497,0.19744696994823324,0.49243526444318036,11.176592288451483,20,drag_change,0
Micro,27.387413096263515,-24.678256210173423,735.5498030627963,0.20903220457956653,0.4907179989586214,7.92706931852476,20,drag_change,2
Micro,26.272518141556574,-22.690804719185323,738.136475000758,0.21217073537886982,0.5253396235658219,7.860977703869057,20,mass_loss,0
Micro,27.712033869952226,-24.54456049039393,738.3882912906485,0.2004170000938102,0.4165069831343628,19.21925445815243,20,wind_gust,0
Micro,27.000216278360078,-23.907534707096804,737.4569292329012,0.19782152031369138,0.4913592261406853,8.433401036401104,20,thrust_var,0
Micro,28.56770933456397,-23.570439833534934,733.2052265955177,0.20337074217283366,0.47875787921129287,27.240318523866208,20,wind_gust,2
Micro,27.474384223689896,-23.755626430323066,738.9838614271858,0.18711444637534222,0.57246165506797,10.704702397739853,20,mass_loss,0
Micro,27.53503099645159,-23.17854155990928,735.4031365902678,0.1850556351619473,0.517157144594687,9.551866329077514,20,thrust_var,0
Micro,27.646583018070974,-24.06655516582144,735.0823788315791,0.20763407269980894,0.5044282345840698,18.76951454436776,20,wind_gust,0
Medium,32.38595685379451,-48.02627404934589,844.7009156863819,2.707735963351974,0.4878492240067141,20.015833399710647,30,wind_gust,0
Medium,30.996585596079143,-48.03463868281538,844.2532129359773,3.0149823947080847,0.46807616961677684,5.468365026344403,30,thrust_var,0
Medium,32.17576080614799,-48.03274691320228,843.9984836778256,2.728967909566096,0.5101389330461448,6.10582655487927,30,mass_loss,-8
Medium,32.081664997270295,-48.84725859168342,841.7573398015768,2.3780620581990255,0.5735522356791483,3.1946483171041056,30,thrust_var,3
Medium,36.41036623499813,-48.10497153889537,839.9196808039857,2.591980825288618,0.4878948918928966,6.901370817577712,30,mass_loss,0
Medium,31.25832264357435,-47.855913649609455,843.919879364048,2.860559623406693,0.4466090353396792,19.36352589629736,30,wind_gust,0
Medium,31.399416593458984,-49.021374688023954,838.588422953925,2.631170650688858,0.4545527964486498,5.819478121042319,30,thrust_var,0
Medium,33.47813451251616,-48.11357328815172,839.9895318696059,2.6263814175103746,0.5450966134819253,6.281861349111395,30,thrust_var,3
Medium,31.57178635253544,-48.2213017914532,840.7542385335034,2.790086171838633,0.5063177086644154,4.310020442691707,30,drag_change,0
Medium,31.352166253225406,-48.246856280892075,842.2719439607291,3.012686310268731,0.6171017693719978,1.7174923585943636,30,drag_change,-4
Small,12.334969264564842,-72.83518345280895,896.2826032381312,1.4004066680905372,0.4546244321807291,5.423730802014222,73,thrust_var,12
Small,14.033509478950796,-73.39364876594661,891.841898566825,1.3860680406698398,0.3775395451692881,2.7208267630006464,73,drag_change,7
Small,14.186200377346461,-73.41544965274826,891.6376835339856,1.4475225739006903,0.49957500137426397,2.774077452660915,73,drag_change,-3
Small,13.091820329297917,-73.52072941021545,899.888219450524,1.4834981135640886,0.4278217128239958,5.019250565615011,73,thrust_var,7
Small,13.779202817720053,-73.92862106559103,893.1489035715057,1.481204960259817,0.45583110585374903,5.956022455824072,73,thrust_var,7
Small,13.563713743574196,-73.77715858260099,893.0112766678742,1.5123782271455017,0.3781205574387789,4.808316029395092,73,drag_change,0
Small,13.769860700239459,-72.63909539502411,894.8401203451393,1.583149932627131,0.34148074970594683,7.527922203868284,73,drag_change,7
Small,12.674928969752186,-73.34219291249462,895.4334410432126,1.557483114524632,0.487037383751616,6.456856841359556,73,drag_change,-3
Small,12.375605039491317,-73.68234736659188,898.2046955306413,1.6014966592437767,0.49462700466696385,4.194339400297254,73,mass_loss,-13
Small,13.876627407563426,-73.34587128395441,891.3865244398587,1.6445121796425926,0.4919979543516017,14.009423069069792,73,wind_gust,0
Small,8.077014197167706,-25.765013128868514,898.2852074139296,1.7389752745400548,0.6323602730657485,9.61130036841392,85,drag_change,5
Small,7.629690198310567,-26.730722111067962,896.8855303856419,1.7207064108629742,0.7573626838834643,8.579778416608812,85,drag_change,-2
Small,7.970346838742451,-26.544279388613106,896.0048698952547,1.7514920064327921,0.5485816179428099,10.733058665829404,85,drag_change,8
Small,7.842419752700811,-26.19718660708573,894.5924104628356,1.575621991655097,0.5746855021252599,11.206640963591568,85,thrust_var,0
Small,7.75951287939958,-25.745164405086506,893.8496003589677,1.4361548420066228,0.7190624476841938,11.62461574568179,85,thrust_var,25
Small,8.158166400936913,-26.70458428423299,897.379415360914,1.9188435564789859,0.6217316742365069,17.15873005287393,85,wind_gust,5
Small,7.902035515823938,-26.106957563607967,900.531600557208,1.7172378703437345,0.6306700007026455,18.249605798984504,85,wind_gust,5
Small,7.60541809844233,-26.585065396801586,896.0930488938791,1.7301932143144878,0.6730104934463887,13.84277193921652,85,wind_gust,5
Small,7.5909827759968715,-26.564150094289953,894.9307035137471,1.5450486764402271,0.6367415058961721,12.249568915900753,85,thrust_var,5
Small,7.705489244933733,-26.146917426538874,893.3194480388958,1.72600312294227,0.5928564854535099,33.376200890552944,85,wind_gust,0
Medium,14.062521425012072,-47.21436772344123,667.0458007479689,4.814113611323261,0.4380403484362172,10.343765013163878,57,wind_gust,2
Medium,15.218899942275957,-46.85121668647234,667.1168549015593,4.4432074175937375,0.4509742848451681,13.32786299930513,57,wind_gust,2
Medium,13.954755030678845,-46.67822135290863,667.1298687570661,5.0777700282312965,0.4532371877934797,0.10179129780579155,57,mass_loss,-6
Medium,14.853732286434274,-46.480375498526804,666.860982067315,4.900020714373902,0.4299556639344133,0.0,57,mass_loss,-4
Medium,14.355574568791036,-45.74814576943649,666.3783132015649,4.519964403711476,0.43119880259785104,0.0,57,mass_loss,-4
Medium,14.571202636791424,-48.08243641469029,667.2152913106319,5.019298920136444,0.31334068842941476,5.771475369334235,57,drag_change,3
Medium,15.233331009455776,-47.70673566324646,662.6257187581132,4.198055336362495,0.4849586044955065,0.0,57,thrust_var,6
Medium,14.57310665619545,-47.7417959291756,666.4220626027931,4.652503766808771,0.4079739809288751,4.06069662777556,57,drag_change,3
Medium,13.994647709306768,-47.100328149996,664.9106526237099,5.205354718440404,0.3930688049987661,21.501133390837655,57,wind_gust,-4
Medium,13.490256404680016,-47.446933403819536,668.5651992856298,4.382730005671939,0.31798411185694575,1.6982256487910035,57,thrust_var,6
Large,21.73680581103224,-84.64965771484896,874.5351045439182,13.759577932755889,0.528279964558717,12.798278620383819,14,thrust_var,0
Large,23.07095097111488,-85.35199684681572,877.0018284833213,16.253519497201097,0.513659746210682,26.231326575287213,14,wind_gust,-4
Large,24.46767392486778,-85.51653316216925,880.2677902451352,14.82241375777494,0.41008517961117175,26.361180808256318,14,wind_gust,-4
Large,23.544952335745947,-84.83175102896895,875.2007488602243,15.131251617554476,0.47319125604987655,11.713043407038725,14,thrust_var,0
Large,23.381509048478105,-85.09019575522495,875.2422059783431,12.111206162317496,0.370337983460331,8.288586297676751,14,thrust_var,0
Large,22.612583421662556,-86.12683044336192,874.976444528057,14.937731209720104,0.3463179211066017,16.151785765931653,14,drag_change,-4
Large,22.816360630855865,-85.06866809538846,878.3935694499917,13.29448823143732,0.47332610000449094,9.449515948559895,14,thrust_var,0
Large,24.002072594378568,-85.07586393307048,876.5233747169069,14.261102425257809,0.44680088514322364,12.856943332909628,14,drag_change,-4
Large,23.59209660967502,-85.74769999511298,870.9899770660802,16.0672628925642,0.4803298628584388,9.784367592479018,14,mass_loss,-4
Large,22.820765137165388,-85.23038809300203,877.8551917883486,15.975604573897526,0.505445578275827,19.029302490361324,14,wind_gust,2
Medium,8.942508276534396,-37.54366209606815,685.4977424137862,3.944021114088214,0.6375251874824155,17.102171376976443,69,wind_gust,0
Medium,9.508954510666863,-37.039390435020564,686.6842449542461,4.145166598354157,0.65341450462469,3.0565839596294424,69,mass_loss,-9
Medium,9.295123836032912,-37.07125161894212,687.3660337102109,3.946812951308802,0.5183311259635816,5.671272070559114,69,drag_change,8
Medium,9.711502841345482,-37.32873659861656,687.1120661374833,3.9365093095359067,0.5759450676140971,4.058028569596829,69,mass_loss,-9
Medium,9.115861520865217,-36.521175505937386,685.4722021823993,4.043709703021686,0.6029788953096198,1.8050599872709836,69,drag_change,6
Medium,9.413474292148267,-35.7541511576962,684.0916167780578,4.289380650992651,0.6618212245822489,0.0,69,mass_loss,-9
Medium,8.887182145157801,-37.71980007429983,689.0151134181237,3.9607274482857497,0.7273884840469663,3.3584498320725578,69,drag_change,2
Medium,9.68060706242048,-38.18464892973036,683.9330600554387,3.548203336602553,0.7447698516863595,2.428329707200703,69,thrust_var,18
Medium,9.07598873822388,-36.53670121014812,685.9365013701187,4.163631755197711,0.548419627922166,1.5982195016039342,69,thrust_var,8
Medium,8.83414358730967,-37.2817992700897,687.3649931728709,3.9648513047865377,0.47994331327220896,6.147485492200637,69,drag_change,6
Heavy,11.59536260960168,-28.776627915471092,834.0593950707591,59.625369829767315,0.4346257246636537,27.256080096324705,14,wind_gust,-4
Heavy,11.853413390682611,-29.676750831361733,831.8460268521019,62.9914136142251,0.38950523683133176,21.683535581827698,14,wind_gust,-4
Heavy,12.73889421149798,-29.30965553774618,830.0480135018565,58.172318879235426,0.4409959491206252,14.83753173948244,14,drag_change,0
Heavy,11.241950297705369,-28.76010232744331,834.4817182288125,55.46513076728235,0.32740795775214,12.232908027005715,14,thrust_var,0
Heavy,11.590465521396792,-29.39407680070946,833.0159573592866,56.861246749450295,0.3689777704078551,14.06620150798321,14,mass_loss,-2
Heavy,11.288454384158452,-29.303543450976957,835.176057948304,58.019480247428824,0.4393115838659278,10.069274178974833,14,thrust_var,0
Heavy,12.795996197833626,-29.103398524129346,838.2445103953994,61.12028664159232,0.27737211784048654,14.525288710122542,14,mass_loss,-4
Heavy,12.678246291723847,-29.171729074635145,832.460062593236,56.34187246744541,0.34986359593240174,10.37550181611421,14,drag_change,-2
Heavy,12.559466190442654,-28.78143433229007,831.3355155379791,59.203021147460376,0.413525721037007,14.038767916347487,14,drag_change,-2
Heavy,11.673414379583772,-29.638706925802612,833.1721126300071,51.530418107751785,0.41253810871534957,13.143029018085677,14,thrust_var,0
Large,14.417495156725519,-55.686633901415924,957.2009405740051,21.300367523397536,0.710036504772554,6.497028138142389,10,thrust_var,0
Large,13.73471766950167,-55.43407235525099,959.853202779214,20.284003677253036,0.5489768297914277,9.321458462991027,10,thrust_var,0
Large,14.238148947431828,-55.51237722814414,958.9118364257411,24.41352818085628,0.5318816357215742,7.668105750340744,10,mass_loss,0
Large,13.542490089289561,-55.915013883386834,958.1290327466197,22.169398237274592,0.6770467550416029,6.532972879099818,10,thrust_var,0
Large,14.7084980571111,-55.54473908630879,958.1850943896227,22.86011861674882,0.5642597200645904,7.417121349785397,10,drag_change,4
Large,13.849660293163604,-55.222994248674595,958.5436261076817,25.053637064709676,0.6985098295905688,9.26510682335562,10,wind_gust,0
Large,15.487225719384474,-55.38189534692851,957.3501351372033,25.019264216283798,0.5906813943489724,5.955006668590364,10,thrust_var,0
Large,15.236275380270936,-56.310902564838656,954.6880374302094,23.132014574929865,0.545972031174712,18.217051587264553,10,wind_gust,2
Large,13.600561366500626,-56.11715961360572,960.0915517373317,24.57304636033355,0.6055424164897723,5.513548802815269,10,mass_loss,2
Large,14.741966465007351,-56.23619439405064,959.4661171261096,24.032219151831825,0.5678792602422714,27.37228561396525,10,wind_gust,4
Medium,15.243718807462457,-31.48335345206289,1197.9165516205378,6.143545169019421,0.6571035584704472,21.838117355414212,70,wind_gust,0
Medium,15.204906006999137,-30.263821934885904,1193.526119925104,5.532698602471874,0.6372663425189566,9.487675281667773,70,thrust_var,3
Medium,14.950584612252356,-30.589207973333842,1196.908049281435,5.864536140249756,0.5787935287947468,24.681241383956444,70,wind_gust,0
Medium,15.15877344095814,-30.745244156839938,1196.6022084290573,5.3961922255646115,0.5373366465739218,21.63918184211198,70,wind_gust,0
Medium,16.199274471534853,-29.98772751659733,1196.6590443845032,5.763291490871829,0.6093473045357437,15.582687878864329,70,wind_gust,0
Medium,15.988789597393508,-31.000025987605685,1195.196011473046,6.0949300993179465,0.5492107408299157,7.591084960568959,70,drag_change,5
Medium,15.664060666212299,-30.920538968669057,1201.0050253436823,5.6569859462556025,0.6478923039936619,16.502171298565713,70,wind_gust,0
Medium,14.779283211621657,-30.24713855767298,1196.4502377822273,5.937171424587302,0.6559747841227015,20.02901485725103,70,wind_gust,0
Medium,14.901617474378545,-32.03466430453523,1197.428629030252,5.603827774976718,0.6847552687992133,9.23419456197161,70,thrust_var,3
Medium,16.288470383132903,-29.459130943585052,1199.1081936178803,6.181468557553267,0.8266505707777224,26.20342173737993,70,wind_gust,1
Small,10.306725297435774,-78.16054967720396,687.3389011109197,1.844111184084334,0.6323186591018779,13.416771813899562,85,drag_change,0
Small,9.220719885461136,-77.15662544187394,688.4621672278595,1.8369090861855226,0.705883965577011,11.52531745082148,85,mass_loss,-12
Small,8.582162443726853,-78.07160167811553,688.9332778785283,1.634890611381879,0.4981664822823479,7.598789039277797,85,drag_change,-2
Small,10.516511071741595,-77.57021381889507,687.9617848264597,1.8143707393220003,0.5978709689163845,11.58981720683721,85,thrust_var,15
Small,8.94863432687406,-77.9617131775915,685.8287145806586,1.792181380356839,0.7428243514725354,32.557496401488464,85,wind_gust,-5
Small,9.079548975644238,-77.96219629042575,685.8110469934202,1.690463892864084,0.6741730931223197,27.17310682320955,85,wind_gust,5
Small,9.222200308669194,-77.49681309306474,689.2971579137927,1.7907075288322567,0.6849000282107724,12.403733585642435,85,mass_loss,-15
Small,9.300016299666297,-77.28682164147159,689.1930250897386,1.795229804006569,0.6105483420385169,10.341886410625104,85,drag_change,5
Small,9.552580652938547,-77.99011325429265,690.2477317277,1.754719496140602,0.6931261582896154,21.45417596923129,85,wind_gust,0
Small,9.40921191589041,-77.76605019960124,688.9769891011404,1.8279748163942262,0.6213579646859385,12.18922369357885,85,drag_change,5
Micro,9.07633937783313,-48.44880670278573,1071.7882273164612,0.45717973414294416,0.6116012185791252,16.177391469226365,80,thrust_var,15
Micro,9.064122070896506,-48.09801148791865,1072.4604229704614,0.5462534793209182,0.5909350739313719,16.106569974533144,80,drag_change,-7
Micro,9.022316822753325,-49.10371123331398,1071.809829844413,0.5061188995870946,0.5407738562698196,12.033359281425449,80,drag_change,11
Micro,8.630186807269915,-49.34120956013854,1070.8343219490685,0.5450822891851977,0.745069579497806,12.7662843214344,80,drag_change,0
Micro,8.170280466265,-48.48674463241759,1070.7272804621562,0.5118419830668837,0.5893028809793098,18.694093460105435,80,thrust_var,3
Micro,9.280705085879259,-49.30381875601937,1069.2582842815043,0.5275054855228912,0.8217078053061296,16.26829593311555,80,drag_change,-9
Micro,9.16946934102265,-49.26693359074446,1072.804474124861,0.5297738822732467,0.6375563874731153,16.14124803140557,80,mass_loss,-10
Micro,9.043687543209424,-49.19461838252657,1070.9591341384923,0.5664130279419372,0.5702098818484854,14.328733571627339,80,thrust_var,0
Micro,9.866184441921714,-48.74636170589,1071.556968293603,0.5513275975089418,0.6353952789105513,25.382038510972702,80,wind_gust,0
Micro,9.131500675517463,-48.88102968429093,1073.010602938442,0.5169974167390131,0.7389486015278312,16.288514190359916,80,drag_change,-9
Large,17.095366394189302,-26.959662569772785,943.8306803940386,19.060656878941764,0.5716979860614175,10.298204073933139,151,mass_loss,-8
Large,15.40476936254068,-27.801970562871293,943.0701952963152,17.95909935056276,0.6810361842592766,11.411211867895895,151,thrust_var,2
Large,15.670031830281914,-26.854147843279943,945.1489799185593,16.69408903866313,0.7583090935311186,6.315235510801072,151,drag_change,-2
Large,16.40440915771034,-27.517548583501892,940.3750661897234,17.18905399863846,0.5616920821434794,7.984402986304446,151,thrust_var,-108
Large,16.508733146381967,-26.759866516260125,941.427877197327,17.466304064848114,0.6885220035525761,6.889099080247896,151,mass_loss,-4
Large,14.781772416973617,-27.863843202349223,938.8410938003677,17.54856674172057,0.6500984418815715,22.775203318391334,151,wind_gust,2
Large,15.10414517339046,-26.61594046483271,942.7320907921455,16.85483685485936,0.6958128000701235,27.710724706571483,151,wind_gust,-2
Large,15.283334560264578,-27.428233025981953,943.9580310197467,17.208144928748908,0.5791173487862311,19.303147012352703,151,wind_gust,0
Large,15.3640450654445,-26.710172835119618,942.4301502405096,18.438048458112206,0.6634472667833246,28.25613620976881,151,wind_gust,-2
Large,14.704613697340044,-26.128602880595906,941.8134823292462,15.896544443842089,0.5183851198499222,7.985390649322629,151,thrust_var,2
Micro,30.051256350836457,-62.229580584971025,517.3748948236703,0.28385751569030787,0.41196946096522213,10.299205638427159,24,drag_change,2
Micro,28.96312056050351,-60.51769009665047,512.2902563865032,0.2869671657167835,0.5052366045120735,33.743701941825364,24,wind_gust,-2
Micro,31.085102043935528,-59.78437632856468,514.3583323605665,0.2814626573580735,0.4950534412212172,11.68773916496633,24,mass_loss,-4
Micro,28.330767045826594,-60.6515022364646,513.9633466864939,0.26794633752770725,0.394985545013789,10.168080243888587,24,thrust_var,0
Micro,30.47427322064117,-61.93684567803684,517.3790834440413,0.25759139609628495,0.5623038691974726,7.311400029105238,24,thrust_var,0
Micro,29.952096700072268,-60.20345744941062,512.5464821026603,0.27554613685303114,0.48869919673395934,10.936434275848471,24,mass_loss,-4
Micro,31.790850418308516,-60.44156536764629,511.83488974655114,0.2717324935720686,0.4389100504072347,9.619195175261998,24,mass_loss,-2
Micro,32.6350604132053,-61.03236083924197,513.934161331832,0.29150453994068276,0.4571987986773992,10.930707387227814,24,thrust_var,0
Micro,29.64269233869222,-59.752914299993485,512.4071081325513,0.28970607436741797,0.5025954334455048,7.721586131586092,24,thrust_var,0
Micro,28.12488297942089,-60.15046891593765,512.426593646097,0.2508391748047546,0.5509584717691492,9.521136286294235,24,thrust_var,0
Micro,10.43955299107193,-68.80070996330511,1142.9724899267908,0.4001821089844383,0.45574921386501643,2.472342279300788,90,drag_change,10
Micro,10.720559811855711,-69.99633504262837,1142.2640733859662,0.3767985503381432,0.5578782693879438,1.4056598348281792,90,thrust_var,0
Micro,10.455111783139005,-69.2349396737253,1142.492271188071,0.4270792215910542,0.6110226635682032,0.0,90,mass_loss,-20
Micro,10.075503904638392,-70.17757848880846,1143.9303075787316,0.3850279655146298,0.5356515187526804,1.0183935764635015,90,drag_change,1
Micro,10.36934310764975,-69.6092669248006,1144.293089437493,0.37945162868128435,0.571351778807778,0.0,90,drag_change,-7
Micro,10.201325001250616,-68.55529548370788,1138.3790138321087,0.41296869824734966,0.5678769697929043,0.0,90,thrust_var,0
Micro,10.723810813270195,-69.31639083045485,1139.2731702215922,0.3898512072479839,0.6147198727730964,2.699504770163029,90,mass_loss,-7
Micro,10.681555827061436,-70.23225235468198,1143.2906366823531,0.35135859331587727,0.6290263411245978,2.5622809923254515,90,thrust_var,11
Micro,10.477274701684,-69.02618337157676,1140.6739629446345,0.4185264307514086,0.6393195580455296,0.0,90,mass_loss,-7
Micro,10.624288630234595,-69.18968866541694,1144.018012853444,0.3879445477128436,0.631427137738998,15.08656780981498,90,wind_gust,1
Medium,8.290556439888535,-54.876350964681826,1016.0663217900611,7.448818699409758,0.512365425495189,25.397192418668475,130,wind_gust,-5
Medium,8.750492379957851,-54.66661885222665,1016.5373937838657,7.233515736906211,0.6460415149119354,13.499774458534185,130,drag_change,-7
Medium,7.986550550835513,-55.113522336261106,1017.1143972743413,6.323201987183081,0.5890550471514768,31.473693839180864,130,wind_gust,-7
Medium,8.324104188094594,-54.88861697673693,1017.5148434054329,5.852423803179439,0.555017872247506,17.600707205174334,130,thrust_var,9
Medium,8.30807776815041,-54.8330079448797,1018.9843438757309,6.47630067017337,0.593850270183271,12.479936366625015,130,drag_change,-5
Medium,7.646959591914312,-55.99178864531913,1020.3688905763362,6.7760143269453,0.5767396930541655,15.935988329001276,130,mass_loss,-7
Medium,8.246180464366105,-55.1190525408654,1017.5062345134987,6.556780534777212,0.5301694013796191,14.363319807604006,130,thrust_var,3
Medium,8.615590015160194,-54.875823905266294,1018.6058088763466,7.196629409099091,0.5517100963636816,28.834522602818485,130,wind_gust,-7
Medium,7.554663416284223,-55.5673003191546,1017.7921061539347,5.830442037602677,0.41134589584144404,16.261778159273227,130,thrust_var,15
Medium,7.471183562823397,-54.499017196621956,1016.1909248234319,6.309752786153647,0.5010429028124512,16.308186681599047,130,drag_change,-1
Heavy,14.119420788129338,-22.342575522172336,688.0350398757753,56.772297416810936,0.32267577088871197,0.0,50,thrust_var,0
Heavy,14.556667253769737,-22.211647365598505,681.9290137124265,62.29792071980367,0.5203308556047106,11.526421779470878,50,wind_gust,0
Heavy,12.984312104504806,-23.243615935320715,682.4616562870817,66.62675736016352,0.5427527375782303,0.7355758063495996,50,mass_loss,-5
Heavy,13.780314754793364,-21.883694865202383,684.8212263962185,71.0198686683484,0.4166848404323823,13.892969792038725,50,wind_gust,0
Heavy,14.123603150806636,-22.359949300740073,681.8757153515675,65.50629716484487,0.45142108399936726,2.523630615356757,50,thrust_var,0
Heavy,13.41902831079262,-22.885686459359235,683.8337718076353,66.25919835120932,0.42454133198848093,0.0,50,mass_loss,0
Heavy,15.444054316809028,-22.400140378939557,682.8244837672157,71.41170349860636,0.4928422438708468,10.0549818984562,50,wind_gust,1
Heavy,15.594685420866679,-23.253437884505754,688.7508905070158,61.18819125492727,0.4267172113361769,1.1320579197562468,50,mass_loss,-7
Heavy,16.39198156510661,-22.990204990407,683.3314633854274,70.15473264989177,0.4586805645653971,18.336934828245607,50,wind_gust,0
Heavy,14.39008803849524,-21.707472283931967,685.4729242264112,66.36187715889922,0.3852784021802814,18.530013096147897,50,wind_gust,0
Heavy,19.803803370220386,-62.8551921688677,976.5508652700768,58.178267170470065,0.6440950281501174,18.95278096199939,10,wind_gust,0
Heavy,18.229563622189573,-62.70178524643404,979.7250540049887,59.15104867981896,0.5915364516241476,11.340384568828801,10,mass_loss,2
Heavy,20.529907044251114,-62.24540613615123,975.4923821815502,57.647199129760544,0.4570028675433899,12.364438064771264,10,drag_change,0
Heavy,19.631581335081652,-61.90219251283198,977.0962113501475,57.20891596902254,0.6077384158493846,29.234207256111635,10,wind_gust,4
Heavy,19.207088249995635,-62.17651247498414,977.4292130418906,59.32883258015594,0.5628283962794105,13.367052284046755,10,mass_loss,0
Heavy,17.391398973077546,-62.88970322774829,971.7593702048184,56.213785116939974,0.5888504822082249,13.75484020404094,10,mass_loss,2
Heavy,18.030505739040994,-62.2926620948444,973.9497845202111,53.553045805693436,0.7197885219084067,10.913545238743183,10,drag_change,0
Heavy,20.16086149720993,-63.153524641562385,974.0159987726187,59.81948425717497,0.5192696478994361,10.3449040108294,10,drag_change,0
Heavy,19.99766270646859,-63.17192921333069,979.9556145668372,54.54007421188063,0.7645122291725882,9.910650008151231,10,drag_change,0
Heavy,18.566867869718333,-62.212112212014496,974.0502543382944,58.665223572777016,0.5710768883997936,19.190693490344515,10,wind_gust,0
Small,13.610172801801689,-75.29797736514898,576.0616452348798,0.952422201596342,0.7121340242820524,15.577045687030562,53,drag_change,-3
Small,13.123952852387653,-75.56905898619324,575.6310213994973,1.1099986614296662,0.5233521140218238,18.284595472000188,53,wind_gust,-3
Small,11.79814598928857,-76.24856192181109,575.4720068257016,1.0730140029915844,0.5617464290688694,11.360992391982228,53,mass_loss,-3
Small,13.69802766243514,-75.35368536900143,577.7441876710096,0.9692241011802997,0.4854988955816712,14.45663993755099,53,mass_loss,-10
Small,13.912936905376377,-75.91522231748668,577.4848153100419,1.059272442794185,0.6797483059322347,7.071221374765677,53,mass_loss,-13
Small,12.990672170943508,-75.05765331847402,577.2109344909741,1.0469549867351255,0.6463903992071428,28.181131520595663,53,wind_gust,-3
Small,12.782219713224363,-75.44960698279363,577.9743038341661,1.0119028626228976,0.5271667372651144,14.830109023811634,53,drag_change,-3
Small,12.273128820827795,-75.3875617752208,579.8987438978177,1.0416941546123126,0.5925317543922618,32.245033830927724,53,wind_gust,-3
Small,13.094223169054402,-75.7968978760178,578.881715133879,0.99981225947754,0.7586877298751991,11.033046076093678,53,drag_change,-3
Small,13.679727027800542,-76.32379866846415,577.1558393386538,0.9069764479863729,0.5709905674066245,13.09999271548798,53,thrust_var,0
Micro,10.566724719912475,-48.1254984339493,789.7442035531386,0.41461493964301493,0.47879446952630866,21.021369370065905,70,wind_gust,-7
Micro,9.556359382705937,-46.86557384974987,794.4455375919935,0.40290264023780764,0.6011515218400241,26.829789607643768,70,wind_gust,-7
Micro,10.395114405619637,-48.89243531157084,788.8967965654869,0.3485978414100003,0.49832541012698983,8.045044395925506,70,thrust_var,0
Micro,10.124249481927059,-48.57798964200115,790.2269666599417,0.39549574918217334,0.586176412192161,7.793029873570355,70,mass_loss,-9
Micro,9.574241904911515,-48.13224156201102,790.0838508794164,0.3786483276592182,0.5124719620434841,10.434097465404781,70,mass_loss,-9
Micro,10.234171015246574,-48.2401448011609,792.9695772495362,0.4024552618291458,0.48013415544439725,11.982702686378099,70,mass_loss,-10
Micro,9.357234220144218,-48.71159871980747,792.0717256909232,0.3760719059715716,0.5064260630404877,10.742699543435963,70,thrust_var,0
Micro,10.059550675658063,-49.1716699021827,789.3954020088264,0.3976891321400564,0.43749954996062285,22.215316246026347,70,wind_gust,-7
Micro,9.411633836207344,-48.00361659561615,792.8399088224578,0.4104508180168074,0.5177809130458033,8.519731909318953,70,thrust_var,0
Micro,10.613333732496594,-48.777256788391036,790.6241046885889,0.3699739472799698,0.5526466671152518,10.392442398164697,70,thrust_var,0
Small,15.846520199587562,-22.783651520800422,1134.4386267608386,0.6815006953196739,0.4008097527746679,5.5935360807666745,45,thrust_var,5
Small,15.310965044183046,-22.744864586759167,1132.132039716724,0.8467519101916001,0.58746296119804,5.51689616459894,45,mass_loss,-10
Small,15.378855462915238,-22.33068338383872,1132.2084303606632,0.7963307343858774,0.5697260853429648,7.071685943651655,45,mass_loss,-10
Small,17.243846999986854,-23.875157723166442,1130.0606198599933,0.8093909424494716,0.7042035207940366,5.865402073891395,45,drag_change,-5
Small,15.952411666601057,-23.769079885211774,1127.5519824671019,0.8162359066972518,0.5538349667682655,14.242406865960566,45,wind_gust,-2
Small,15.17972766397855,-22.530620462934777,1132.1676324197845,0.7294802245397232,0.4981370669581152,6.279099787932184,45,thrust_var,0
Small,17.039902552722193,-22.552276612562665,1133.4897878998613,0.8433094751589357,0.6272201457744243,4.237952885624596,45,mass_loss,-4
Small,15.344645698030957,-22.925421218410182,1133.7068671801894,0.9013534293756212,0.5832583574208451,14.95215235749913,45,wind_gust,-2
Small,15.85700474417026,-21.85379298640914,1129.8369458084499,0.726771808131414,0.563244339660116,1.3286716594294545,45,thrust_var,0
Small,16.878936111916367,-21.98074256176315,1131.550510119014,0.748754358187096,0.5407617458872545,7.121711631181052,45,thrust_var,0
Medium,22.209222609566854,-31.43855553310145,862.1367651458852,2.934564986236768,0.49014650008981087,0.4671022054176017,33,mass_loss,-2
Medium,21.759806507865168,-31.0070187117597,860.5713133695831,2.7822962131915707,0.5203219013421797,12.052743799245102,33,wind_gust,2
Medium,25.38983913429158,-31.56474355144833,858.6113405330714,2.95220116777009,0.5332878391587972,25.295434196351707,33,wind_gust,-2
Medium,24.00922344539861,-32.32862944645781,858.9285289200382,2.968340489182821,0.5066671875522993,0.0,33,drag_change,2
Medium,21.178796495357602,-31.99467744134024,859.3158926923644,2.8688411552152244,0.5365514605332027,4.977897598842899,33,drag_change,2
Medium,25.22208189847685,-32.51564544048671,857.9648980630135,2.9787456684631874,0.6083225410046171,15.232936424724512,33,wind_gust,0
Medium,23.50055181423728,-32.418445041263766,860.994849451534,3.1481394046275626,0.5263614907752547,2.9766912514564963,33,drag_change,0
Medium,22.93663200732493,-31.179342084728884,860.2266185048749,3.073212505699002,0.48696288218967976,1.3009056617469121,33,drag_change,0
Medium,24.120495465405888,-32.26307498125054,861.2890236545938,3.043186306684692,0.5875864915303302,22.8226971133822,33,wind_gust,-2
Medium,26.101332857093873,-31.305125111813787,860.7367854886876,2.4634633701081796,0.5816830170240535,3.1794181173044813,33,thrust_var,7
Large,14.94317385010539,-49.768641897021084,731.4177875406193,10.297646116671139,0.7468725762088853,15.351452984545965,120,thrust_var,15
Large,14.191524815247183,-50.41053671727414,729.7140959513853,10.278723851024314,0.5925257849554242,12.606216341399527,120,thrust_var,15
Large,14.206645634670897,-50.439720227847616,732.334144395661,12.792789919464099,0.7224545936078658,12.898340281696484,120,drag_change,0
Large,13.347935912009905,-50.70796712260529,730.8870330294333,12.93276976074344,0.6234877512573451,26.130624361641015,120,wind_gust,0
Large,14.546638990672626,-49.36645795493272,735.2292119179411,13.150179255472285,0.5899936619206595,16.80143593794549,120,mass_loss,20
Large,14.70100028283705,-49.66657300646889,732.9291720432342,12.531626341723435,0.6615759901113437,13.795029312381034,120,thrust_var,0
Large,14.82834763787305,-49.603357364084154,734.7844030801605,11.928996125244517,0.8540512784644148,11.423400584130585,120,thrust_var,9
Large,13.65923578475032,-50.172626946447316,733.0120691233822,11.808695052600747,0.6291462060627037,12.462424630591423,120,thrust_var,11
Large,14.53312596228884,-50.10584693814585,732.186277204966,11.780528608466831,0.6541757617239272,13.128920642594148,120,thrust_var,0
Large,14.127681599906042,-49.70712174429588,734.5007094529918,13.168871948705037,0.5342553471292101,23.92987987659182,120,wind_gust,0
Large,36.57653967184471,-81.19123173713088,1001.6702516164793,9.16260706700072,0.5631010853345875,5.11167485100083,12,drag_change,2
Large,40.41286751893379,-80.28186168691097,1000.0229305693753,7.351799382057712,0.6374502992617226,4.37415383084074,12,thrust_var,0
Large,35.08103519192642,-80.38678998143935,1000.1132856060646,9.525753494880739,0.6348470256169337,16.833657105951904,12,wind_gust,-2
Large,40.34851156772093,-80.10011860320773,996.6267307411948,8.842336089144773,0.6122777737919262,15.905501427322319,12,wind_gust,-2
Large,38.407627775744125,-79.92477011724282,1003.3856202676243,7.413962546343883,0.5364951546529935,5.214209111684139,12,thrust_var,0
Large,35.40767565610339,-80.19699132336676,995.9781303983159,8.418074138281762,0.5964736267586923,4.129337671880461,12,mass_loss,2
Large,37.94546449855417,-80.27126111048824,1005.8289418554479,9.456103582797338,0.9586122582324801,5.200346636050201,12,drag_change,2
Large,37.197504626845394,-80.05549688503795,996.6514067813577,9.57332826946613,0.4938968018094746,6.813324408269436,12,mass_loss,-2
Large,39.14957759379144,-79.0811956470294,997.6648638337576,6.921279244256414,0.6711587992635328,2.273884449426997,12,thrust_var,0
Large,38.183141033402734,-81.1491414706333,999.951880953159,8.356871669171014,0.6056481512667296,4.6311805461160125,12,thrust_var,0
Small,17.695655658442792,-69.41984775411925,977.3074565446534,1.0575379608573399,0.682731905820356,0.38575393387266166,45,thrust_var,5
Small,17.05396116005944,-69.55153553509645,976.3128937799776,1.3100459097984727,0.5878764469778476,0.0,45,drag_change,5
Small,16.194790968737745,-69.04504627204977,978.3705030933869,1.2872180747611495,0.6283736765271432,0.0,45,mass_loss,-2
Small,16.180023382539652,-69.34573032976415,980.7762685838546,1.253809852956663,0.7754203952803895,0.0,45,thrust_var,5
Small,18.036454972247316,-69.02560525276343,978.7539784025209,1.2260108426991023,0.6455898239792452,1.0494283838966156,45,thrust_var,5
Small,16.74411145714522,-69.05882367909629,981.6028402876431,1.2388344674190248,0.6187897290703843,0.0,45,thrust_var,5
Small,16.445063720381007,-69.25644108029933,977.0478099512104,1.3342557073432728,0.7236016712185211,4.284346740632796,45,thrust_var,5
Small,17.12202804595353,-69.12309857221817,977.2652185703744,1.2908429490508564,0.4761280099396043,1.5561974150178108,45,drag_change,15
Small,15.471218764887274,-69.71388461403563,977.9512939524192,1.1957559845252894,0.6656908907098742,0.0,45,thrust_var,5
Small,16.43238892604281,-69.2619706237342,981.0943412349093,1.3656531757574415,0.6084104355070037,11.434951159205186,45,wind_gust,5
Micro,53.41976343537354,-43.89756205549587,902.6129364652322,0.18172710794348812,0.6144068161927287,22.850170181155473,16,wind_gust,0
Micro,52.29027416257985,-43.88141937896106,904.130827025359,0.17523115479846493,0.5521204396013738,10.997140137882791,16,drag_change,0
Micro,49.85898072556499,-44.07486971917115,904.4326081447402,0.18064402159208712,0.5463299926823634,10.1760372074517,16,mass_loss,0
Micro,47.667852518913094,-43.98436259958606,907.7613501375864,0.19110027719294076,0.6535478167109781,9.868181583088012,16,mass_loss,-4
Micro,51.74851857880409,-43.55640359665707,903.0457595317761,0.18506556796354917,0.7998970960710954,8.885052603520284,16,drag_change,-4
Micro,51.33690314031931,-44.376170297713486,901.6851112479235,0.16438780325372662,0.5995035602500053,7.062568958090566,16,thrust_var,0
Micro,50.5910282669572,-43.534489909533626,903.718506188979,0.17234219694699993,0.5053828043207909,9.037789170223123,16,thrust_var,0
Micro,50.33882157376917,-43.75920961306983,905.5077093641017,0.1590023707242332,0.6170136708508493,9.351869787028491,16,thrust_var,0
Micro,51.628973284923106,-45.05787186496074,904.7072097032656,0.18748748148849156,0.49905522586013207,14.49694605151276,16,wind_gust,-4
Micro,56.00093801860781,-45.32157592033197,903.5095462221924,0.19189880370785642,0.7736093591652076,14.950621052403203,16,drag_change,-4
Medium,13.25481420591131,-67.08787543613407,618.7169355048512,5.78530622538352,0.5478140720872747,20.31399547943586,65,wind_gust,-4
Medium,12.386928321269833,-66.4539654448082,616.1090684173602,5.776139622151991,0.5760608466727768,0.0,65,mass_loss,-12
Medium,14.25487098204135,-67.05054140592138,620.9543277740661,5.244166118009703,0.5380972450873724,2.114496328620356,65,mass_loss,-5
Medium,14.521598873873558,-66.43335109787908,618.5045746641634,5.594691918884486,0.5303548700822676,0.0,65,mass_loss,-6
Medium,12.9845607326003,-66.99506107968901,621.9699473962288,5.940817826556392,0.46626588557874227,4.793935130014598,65,mass_loss,-12
Medium,14.356157452678072,-66.03394619887052,619.407213267557,5.570025046869795,0.4697157500521064,4.813726187267704,65,mass_loss,-12
Medium,11.467081151782311,-66.27651680178505,622.6963205001612,5.866890212526143,0.6950337566868413,3.782308172972821,65,drag_change,-4
Medium,13.521622226060485,-66.29947507275882,618.9734281967748,6.028534878076518,0.4424448988772749,16.958417400111948,65,wind_gust,-2
Medium,14.860274154359828,-66.99877045065938,621.0805614116307,5.933470049641878,0.43558275891698783,3.366693123028546,65,mass_loss,-12
Medium,13.456226367072919,-66.18839317547936,620.2776715061276,4.293854619309409,0.5749293603085313,0.0,65,thrust_var,2
Heavy,15.963760855531241,-29.643529833776693,1188.1266471689157,35.19880952886071,0.8330168985348775,2.3301613146019537,14,drag_change,0
Heavy,15.057888582184132,-29.54717232814614,1190.587738678795,32.14016101727714,0.6641009563688375,7.660191238690415,14,mass_loss,-2
Heavy,14.989529485493211,-30.519009301000036,1189.8705121196283,35.93244460406938,0.6328952484874896,0.5729200040901494,14,drag_change,-4
Heavy,15.107562325146867,-28.776793401555654,1191.2983322983341,36.59892609626504,0.7821676333850786,7.441969874673376,14,drag_change,0
Heavy,14.748738146276208,-30.193776939994756,1186.8739876534341,38.58769430332221,0.6093763914019763,14.25387006738148,14,wind_gust,-2
Heavy,14.865452177664055,-30.189886564316676,1192.3612896367727,35.29520183486493,0.6559838445520898,6.039421061829094,14,drag_change,-2
Heavy,14.653663292335185,-30.04072533848481,1189.879947743106,34.467629812683306,0.655294335002755,19.75704077957933,14,wind_gust,0
Heavy,14.501731266874067,-29.320434790570513,1189.489300757192,34.324454461732465,0.486348471765832,24.04348653705639,14,wind_gust,0
Heavy,16.525927310654133,-29.891737478815106,1188.7830634202633,36.6130202399535,0.605216078418083,25.932293799101984,14,wind_gust,-4
Heavy,16.400091566332705,-29.500796978712987,1186.9785180839976,36.540395841380395,0.6922151297002032,21.997669457992515,14,wind_gust,0
Small,13.773387493258399,-77.85010716332539,545.6973116445848,1.5018564592075623,0.5923356742396478,3.847374550095576,60,mass_loss,-10
Small,11.586318337996534,-78.40336624065645,539.8669956355741,1.5533841544102243,0.4199138914920557,1.306070642456029,60,drag_change,1
Small,12.186515566840978,-78.71105835974042,545.4778922570251,1.4264039249168552,0.5197729196743803,2.584092557503108,60,thrust_var,3
Small,12.478271616725463,-78.59580644920119,543.1441984412438,1.6671499352631292,0.5198840795901548,5.092502870769369,60,mass_loss,-5
Small,13.00795247855535,-78.1888631069854,544.5694867669598,1.4849689103202668,0.5303633744077412,21.993118361126736,60,wind_gust,0
Small,12.752139876071231,-77.8544057244636,541.7933066274214,1.4920523957556893,0.5489404391148808,2.9651725743360378,60,mass_loss,-10
Small,12.636318706164596,-78.71777872412675,545.8279656156041,1.5225288966835253,0.5355859079486912,14.630774082455028,60,wind_gust,0
Small,12.606186804065636,-77.74362750804742,551.1912203726969,1.5353171575318014,0.4401125428363162,1.8629943084264684,60,mass_loss,-10
Small,13.803488947756698,-78.55455152269737,543.9179384401127,1.5148847140102086,0.5254895176681735,0.6591789668075616,60,mass_loss,-9
Small,12.004230887312286,-78.36814074549923,543.4672706940336,1.3991338579443469,0.4943069254361537,0.9356390511632817,60,mass_loss,-10
Micro,9.498058071111634,-74.61657451169032,682.5350370572895,0.4664744591667413,0.7989953714879442,9.772908460893367,63,mass_loss,-3
Micro,9.334433030837596,-73.62341271087143,680.9798430997156,0.4612969227824145,0.7265616471767062,13.38400334611783,63,mass_loss,-10
Micro,9.314104246958784,-74.29496425454944,684.2483828927241,0.4767240759688774,1.0276092533900272,14.151901139363781,63,drag_change,-3
Micro,9.967586191956613,-74.04885355314235,676.6283447225309,0.46205344043221386,0.6400386634539726,23.91847543237507,63,wind_gust,7
Micro,9.795847317459234,-74.3587917579797,676.8748540515978,0.4718855186788887,0.6969303763963487,9.724358008292905,63,drag_change,-3
Micro,10.449194178632,-73.99730480737655,678.0188856187286,0.4881071389814154,0.6073646099922506,9.880765764985846,63,thrust_var,7
Micro,9.406002895891865,-73.08637708516274,676.8429401866817,0.4753244691141504,0.7706924492305205,28.520596755455003,63,wind_gust,7
Micro,10.035494222787179,-73.60710301402605,677.6677047458802,0.43795906603389434,0.640738259775706,23.11560177851518,63,wind_gust,2
Micro,10.993029749667365,-74.28038029231935,680.7725217014157,0.399514268951631,0.7229491487859843,13.163446535950026,63,thrust_var,17
Micro,9.254995040322804,-73.89089891991809,677.2482891644611,0.4802563503482527,0.665775616588723,15.122102410841492,63,drag_change,2
Medium,26.274298374179917,-75.28335042386381,1065.5015138952792,3.489955733277121,0.581826464740307,4.993497133981357,40,thrust_var,10
Medium,26.491835960392212,-75.85049930674036,1063.866741716264,3.1962857413883103,0.5279253460095591,2.8889790852454995,40,thrust_var,10
Medium,25.1317669410087,-75.6783215129922,1064.1635395747003,2.8859037518866217,0.565569911398,1.8686125120144192,40,thrust_var,10
Medium,25.390788064831543,-75.88905931487332,1064.2249327407087,3.433411291406626,0.6483677813073908,0.0,40,drag_change,3
Medium,26.15709113929135,-76.03662259666669,1065.859667459171,3.9229054703103206,0.5466902946688101,2.5675185259428988,40,mass_loss,0
Medium,24.139440145793866,-74.88387827346344,1061.79459888501,3.370390032949717,0.4077796484163619,4.428909418383203,40,drag_change,10
Medium,22.669061049098442,-75.81880704074746,1063.1987709988375,2.9774788617755577,0.621021308950515,6.985000593008861,40,thrust_var,11
Medium,24.807352216892575,-76.34493550867228,1061.8905900311265,3.1309893372811985,0.5703037873425789,2.3213481182282587,40,thrust_var,10
Medium,24.805273152028768,-74.94384438256533,1062.639929944788,3.9091618729428523,0.5020410170960595,0.0,40,drag_change,1
Medium,22.632393712261447,-75.29698904502175,1067.743791176616,3.4943194823779193,0.5391121336396958,3.5009327265316355,40,mass_loss,-7
Medium,7.027537762337039,-19.594846470157197,941.1862025321657,6.196479915490537,0.6435725840180878,5.118683627322264,130,thrust_var,1
Medium,6.493667968207225,-20.781995194664958,935.0266982461324,5.782425244013651,0.7531933789611848,9.178024863182088,130,thrust_var,11
Medium,6.260969036765572,-20.09685409644626,938.0401803073306,6.219160114783812,0.5838079636482489,12.518395822130438,130,wind_gust,-5
Medium,6.623991115526638,-20.317392324736677,935.5373296019334,6.716048405626807,0.6289429802465802,4.1716770942891435,130,drag_change,0
Medium,6.856118406803413,-20.808289630208424,935.1894607007524,6.405606982976177,0.5183101462690833,3.81986486426156,130,drag_change,7
Medium,6.455911333535488,-20.614329210789162,935.5693722300567,6.002125100105088,0.6136270157048902,0.12817534843379264,130,thrust_var,9
Medium,5.972204468296442,-21.292621152830073,939.1719028982922,5.32160273447289,0.6599786713333231,3.2198750280360215,130,thrust_var,23
Medium,6.874466162735515,-19.736248258840703,940.4850569865065,6.658392548409725,0.7172139521050258,20.986477797229853,130,wind_gust,1
Medium,6.677028917710579,-20.998648700027392,938.9928077142243,6.573369444000736,0.5403426865500226,4.150838528858531,130,drag_change,-3
Medium,5.935061322755157,-20.95848722891228,938.5722570542989,6.932831907590415,0.6645754209632917,0.9261947367532026,130,mass_loss,-9
Micro,40.05715919359958,-69.21672466807968,1008.7480604545899,0.1893662134342637,0.6622044956027626,9.861810302128415,20,drag_change,-4
Micro,35.62733288497431,-70.6443687439993,1006.7283890702412,0.18633581251736495,0.44597715457636433,10.363626823995526,20,mass_loss,-4
Micro,36.534972589891005,-68.83342999721422,1010.7076109679255,0.1622626765187748,0.475875077538721,21.625259350381874,20,wind_gust,-4
Micro,38.76757996173007,-69.6761510108184,1010.5215270720156,0.1715955298914531,0.5436404672054824,13.007096928978747,20,mass_loss,-6
Micro,38.254104066608484,-71.39452988750853,1007.1891950969709,0.17380253897741985,0.4378543841975728,9.347516888401014,20,drag_change,0
Micro,39.87655318302827,-68.00363247645885,1008.746601582842,0.18271727678278307,0.670968172657971,11.957729423513436,20,drag_change,-4
Micro,38.815583613581765,-70.12242048030807,1009.2978737531365,0.188788748696791,0.4878516748570548,28.906022002533437,20,wind_gust,-4
Micro,40.84028428905581,-70.44443028251696,1011.5088708358594,0.1607295872240414,0.6395046408495307,11.82927453232506,20,mass_loss,-4
Micro,40.52286105152952,-70.46455018221528,1004.6677447816023,0.1780656534953178,0.5101594748109146,18.921676566878563,20,wind_gust,0
Micro,33.33595584908477,-70.06031591084633,1007.6901073265869,0.1744257104826906,0.4655107246816672,13.767223289826868,20,mass_loss,0
Heavy,15.623895912310273,-89.40925680631287,850.1108283929742,48.1764413975601,0.5296146215676,1.384228027501647,10,drag_change,0
Heavy,16.99437837856842,-87.55792157499658,850.091333993647,40.59148046908709,0.6410573408744936,0.0,10,thrust_var,0
Heavy,15.633716247519088,-86.78233977617467,852.9213391448146,43.88797880973157,0.698290912899475,4.800347312673338,10,thrust_var,0
Heavy,16.886447216567245,-87.87876443358805,848.890707030541,44.57304781099619,0.6783639559922148,3.13130921247477,10,mass_loss,2
Heavy,15.27447086997595,-87.1114351362123,849.9898867931921,49.627763470067954,0.6963671882921569,18.219125493533742,10,wind_gust,0
Heavy,15.60430039766387,-87.68060185966763,851.9053820186706,48.86626478402335,0.8453085683513675,5.533897969106388,10,drag_change,0
Heavy,16.249098510004313,-88.2232232223597,852.6122665494289,48.72003758441075,0.5403951583474552,20.253171413996036,10,wind_gust,0
Heavy,16.80593275898727,-86.12217661139798,849.7079586254001,49.86409442474843,0.5641744375673319,18.0252076603548,10,wind_gust,0
Heavy,15.474159949511574,-87.60781681764406,851.7488223714793,44.03268601585339,0.764612376210964,4.035023428726511,10,thrust_var,0
Heavy,15.130438134729024,-87.80759519975653,853.0203474580951,48.57466183118536,0.5995399552279498,3.9410476628481663,10,mass_loss,0
Micro,23.357411192013178,-68.28509156359266,1166.6517625300983,0.36622074330667836,0.5102257530537467,4.775151336215444,45,thrust_var,0
Micro,24.08466194031586,-69.23144096184232,1170.660005142317,0.3648407788418525,0.44527283501821446,2.392799976955219,45,thrust_var,5
Micro,23.384025473735793,-69.13909545103152,1170.1000186447257,0.4564123726932847,0.5097608364700167,2.6990932772463925,45,mass_loss,-5
Micro,23.266892953402113,-69.17241584244562,1168.1247979590787,0.4265922264902347,0.4790686287094714,16.304500094704736,45,wind_gust,-5
Micro,21.549494091327404,-68.17827148019036,1168.5675721076452,0.45040204651168175,0.5053264618137758,5.026567747691195,45,mass_loss,-5
Micro,24.778085499300257,-69.18685371318024,1165.7679670165849,0.43142699537600615,0.3817280948531781,3.624943894292648,45,thrust_var,0
Micro,22.13671682758688,-68.06519330058886,1168.3232382080698,0.4239532278045956,0.4063785210188545,2.2334354573576807,45,mass_loss,-4
Micro,23.82794778501588,-68.34901148883381,1168.986587153902,0.4426097071590088,0.39128945982215924,4.027776137814054,45,drag_change,5
Micro,22.507519437541433,-68.0073427696927,1164.9967115904312,0.42024015949518645,0.5671094868615505,2.816489202164491,45,drag_change,-5
Micro,21.97842532599475,-67.67888466969885,1166.613177034543,0.4255090920614099,0.4888595929692855,21.343009789570285,45,wind_gust,-5
Heavy,13.901836515988288,-46.54553535906471,1165.2428365948876,63.390260040014965,0.49549638634568205,1.1544017451426272,28,drag_change,-18
Heavy,14.88050811992285,-46.639695134726196,1169.1680448989323,59.82320352825623,0.5642656044121146,3.489558297015906,28,thrust_var,-1
Heavy,13.98228875414765,-46.66700737477625,1169.9194249960112,70.1938299348312,0.8934551509835338,2.866103345054853,28,thrust_var,-1
Heavy,15.307174006754293,-46.278804989213,1165.7630390024035,56.12130304051045,0.748831217248345,0.9033644546789312,28,thrust_var,-1
Heavy,14.773640127478657,-47.37390997526214,1166.7385468612174,62.78597696456927,0.59615213428622,26.62699650230729,28,wind_gust,3
Heavy,15.279192530021183,-47.069481362642264,1164.2007398408648,69.10972998252714,0.91792037953576,4.18997333292419,28,drag_change,3
Heavy,13.403560104451898,-47.30412736788189,1169.5266643576142,66.96863432038873,0.7153674073902078,3.6987311547911537,28,drag_change,7
Heavy,15.144122794366353,-47.11498810273306,1165.8323061447354,66.8617063187389,0.7487656956537568,22.830380648259094,28,wind_gust,1
Heavy,14.869379122934086,-48.075479944275436,1166.1275451227116,66.56534990277173,0.642459496454433,3.557894771483643,28,mass_loss,9
Heavy,14.716688293211693,-47.013997567943356,1168.0419688683457,61.861416767432225,0.8191472592236502,2.979974076323931,28,drag_change,9
Heavy,8.271951687251716,-35.407469616826795,600.6876688501404,78.74401679398824,0.5106891755912226,2.6068183477484843,12,drag_change,-2
Heavy,7.328890993304297,-35.598762216975764,595.6514693457018,90.74164737216616,0.4476132959504059,2.489947584263836,12,thrust_var,0
Heavy,8.309724995019124,-35.6089444695229,596.8604411321456,88.99481398657858,0.5268461481169076,5.156759089161167,12,thrust_var,0
Heavy,8.154961363358355,-35.58068774683001,602.4855301760132,96.29826747701206,0.4077874034208086,10.218813724842066,12,wind_gust,0
Heavy,7.882810678839523,-35.66043398866052,599.1371387199398,71.75867258069992,0.38371688254288333,1.7207230981997537,12,thrust_var,0
Heavy,7.966043257478204,-35.17637405254111,601.7341150262926,95.94233754579004,0.48542078203746036,3.3515369236727266,12,drag_change,-2
Heavy,7.082836127221775,-35.89993735673876,598.3603336251416,86.0824877402859,0.4819312630829677,0.2899752719880482,12,drag_change,0
Heavy,7.918049432410494,-36.1092268053744,596.7124701872148,92.86378773569595,0.39558853745355554,14.610160860105433,12,wind_gust,0
Heavy,7.776511832764973,-34.76777861091985,598.1756459131261,92.30191047979348,0.2724524014280019,4.046073020035121,12,drag_change,0
Heavy,8.263537978938507,-36.16033865311463,601.8451465423102,102.60234518045489,0.30367002767840984,3.365453401516693,12,drag_change,0
Heavy,15.557745439019273,-76.96986882160685,537.2752551920605,57.764001696273546,0.41439821441732133,19.016703016376447,10,wind_gust,0
Heavy,14.280940248296373,-75.66077592956158,533.9341944215357,58.35770599615707,0.440978803912166,8.874577330833397,10,drag_change,0
Heavy,13.520539483561672,-76.33775258511925,533.917233590922,58.85069794220878,0.44059505600224175,7.351751236513983,10,drag_change,0
Heavy,15.099448465079304,-75.65598275159998,537.8695806023637,55.33984692197478,0.4597745731968635,24.348851948244288,10,wind_gust,0
Heavy,15.766683797495832,-76.17381705696248,534.516274337651,59.43403898528889,0.4610437279255144,24.284096262753568,10,wind_gust,0
Heavy,14.738313090122935,-75.45750625953967,537.3425325436014,57.27944251430159,0.3956750945050588,3.8876173182469405,10,drag_change,0
Heavy,15.162372346136783,-74.7341560297233,538.2196458612822,55.67305895458415,0.42354097556264614,3.89647755955175,10,mass_loss,0
Heavy,16.516633122238016,-75.49109385415271,535.9895603443557,59.76296989797401,0.47635409927797623,2.4347567730165904,10,mass_loss,0
Heavy,14.637059701977277,-74.66305788764588,535.2575074786914,52.82525231968648,0.4743092700635875,2.311185452133719,10,mass_loss,4
Heavy,15.47919044693574,-75.95121283357535,535.0835616817889,60.57546145132755,0.4671840011398175,14.66415824902541,10,wind_gust,0
Large,10.888451352558322,-86.39647237055209,564.1198601721004,17.514948287371706,0.5548810881629701,0.6995643552588504,12,thrust_var,0
Large,11.79667605824267,-86.95011716120158,560.2923890268177,21.508390174191142,0.6213355538818398,5.2090991786281045,12,thrust_var,0
Large,10.809864089123037,-85.79342088572858,561.0564395553768,20.84564679457037,0.6016015425354054,17.748356448489755,12,wind_gust,2
Large,10.345004618515832,-85.89588607231693,562.9475566651889,16.894385526568886,0.5868737254361667,2.1069654260039963,12,thrust_var,0
Large,10.074637794365087,-86.8670733508502,560.0893061118273,21.61771286064123,0.5246541069632629,5.256320092748543,12,drag_change,2
Large,11.163042938198073,-87.7192363529733,563.5421184240475,17.155744785393377,0.530791817843277,2.181265438933406,12,thrust_var,0
Large,10.533736806377371,-86.41137029345305,558.2831274941818,19.929471700553464,0.5459517603050128,12.466616453772861,12,wind_gust,0
Large,12.659635686247574,-87.2109462575063,560.6129228816866,19.35914378479897,0.6032202943345429,7.714130487867623,12,thrust_var,0
Large,10.612937430395373,-86.1739273864283,562.4313169165554,20.161146460020614,0.5851310934522489,6.806070957438578,12,mass_loss,2
Large,10.195780847944286,-86.69253714723546,562.4110488084265,19.152308309710214,0.5829641065268657,4.864847713590022,12,thrust_var,0
Large,10.379356558481028,-83.10005889239737,1104.8296165608035,27.764597054716383,0.3870344434266181,16.691480400101224,10,mass_loss,0
Large,10.304661878844176,-81.81525014027503,1108.6320635781858,21.41136021014555,0.4091334212090554,14.885269463599514,10,thrust_var,0
Large,9.597223583307025,-83.20485921841933,1105.6778468952975,25.21342532091708,0.40617967615937495,17.68735222809369,10,drag_change,0
Large,8.700687557453238,-82.04305198202387,1108.9160237042563,26.262521507733904,0.4795823149207296,24.165612918735075,10,wind_gust,0
Large,9.786497404494193,-82.69298496968962,1106.4288206727588,24.129237367007054,0.3901128024634002,12.981081610389207,10,thrust_var,0
Large,9.761865357066347,-82.31124661266533,1106.3230195040826,27.658648394405255,0.4271631706176638,17.422188740317083,10,mass_loss,6
Large,8.743034928788768,-82.16397848373802,1107.1266344061012,26.675710983001665,0.3945758201960637,11.550275943248714,10,mass_loss,6
Large,9.493679394380667,-82.72644367183955,1114.5815403934228,23.210023108025947,0.4211610443974794,11.289428842269803,10,thrust_var,0
Large,10.437118077692144,-83.0483599797098,1108.7863639838336,26.83424506217483,0.4308218020393294,18.19954129184094,10,wind_gust,0
Large,9.475492634897325,-82.85043895531032,1105.2546074553377,21.236547268307394,0.4846195037926128,14.89804354943227,10,thrust_var,0
Medium,32.51931503415485,-41.581909298499454,994.6098205585766,2.44381181464636,0.7567187307866127,2.3402722049653653,30,thrust_var,0
Medium,30.22120667751208,-41.05423038536156,999.651426267986,3.001037424907869,0.47806309729184254,0.0,30,drag_change,3
Medium,32.295608922204664,-40.75275912986938,1001.5989030990085,2.9530432146524297,0.6270485385071372,4.18280553119947,30,mass_loss,0
Medium,30.678602420955364,-40.72090914474846,999.0406248963797,2.9570256549905714,0.7710386027429749,1.0198531151950085,30,drag_change,0
Medium,31.12959595023472,-41.562151120985206,993.9724049451752,2.784814772902672,0.8233841607366611,0.40457719346392307,30,drag_change,0
Medium,30.122446879246382,-41.72198935957085,999.9259077608416,2.712215316386781,0.6323738801948608,6.846432918595459,30,mass_loss,0
Medium,27.82204576520522,-41.92847434365551,1001.2660073348598,3.136244212538243,0.6432165778068665,12.832598952576998,30,wind_gust,0
Medium,31.008689725472298,-41.43889686304282,997.9234763396647,2.8992113191825926,0.80753288812637,20.74708563077904,30,wind_gust,3
Medium,33.655453698373,-40.65469535981692,996.6967342868757,3.015879669387248,0.6852504200651182,1.5979671873800934,30,mass_loss,0
Medium,32.36568574168617,-41.06747051244794,995.9226653328003,2.5041270404120133,0.6925713345602911,1.6025404357150062,30,thrust_var,5
Small,16.95375860373168,-80.76812673388538,677.5203360105451,1.3569238938981438,0.6505380734361471,0.0,50,thrust_var,0
Small,17.73298669671611,-80.63889236572305,678.3140232833133,1.159905333978921,0.5769223400202705,17.959365654090213,50,wind_gust,-7
Small,18.241750734980545,-80.65312320229468,677.678808646064,1.3003799054696767,0.45859613539445226,0.10274508975248664,50,drag_change,0
Small,20.48122100408721,-79.58630570292453,676.1587500085186,1.1517961192169819,0.5045331392875696,0.0,50,thrust_var,3
Small,18.230103910479887,-80.01810388495736,676.5502920303757,1.354408208235476,0.6237992266348484,0.0,50,drag_change,-5
Small,18.29342702715047,-79.5985194038743,679.065441034937,1.3099479828237255,0.6672396493720169,0.0,50,mass_loss,-10
Small,18.556110403092042,-79.77511818807096,678.00519088503,1.3597638477887013,0.5518596825089978,5.443982134638135,50,thrust_var,0
Small,18.820672157323127,-80.68962077410634,676.5359922951449,1.28038386473186,0.6140813043070474,7.792993008993432,50,wind_gust,0
Small,18.190961755566782,-79.90326848150741,677.3334612518934,1.2650677643563184,0.6452981233439467,1.2210992887340586,50,drag_change,-5
Small,17.821473205657707,-80.10577759576933,678.1300734837757,1.3340077045721959,0.49602903978688584,3.114103089215666,50,drag_change,0
Large,22.228327215276835,-65.79018750633713,567.7515840966677,10.511459465703659,0.45485661063542476,8.71223244709686,127,mass_loss,4
Large,23.979461537720514,-66.14641173762556,564.8919850947202,10.523852153294225,0.5071796700330816,6.151266230236929,127,drag_change,-2
Large,24.287699543961715,-66.49743593930413,562.6534395323115,9.129229797875979,0.47467264014688876,4.683332703775214,127,thrust_var,16
Large,23.245783143110078,-66.0855042318273,564.9796428096652,10.70199312187976,0.2997760712301807,5.756010967049992,127,drag_change,4
Large,25.85683775059854,-65.77767470881348,566.5711660305676,9.196072592033824,0.5263329755900659,4.086213130049534,127,thrust_var,24
Large,22.52632444303983,-66.59495101165452,564.064292775724,10.666569342666184,0.4978737018123782,5.638448830676425,127,mass_loss,6
Large,22.810537907733597,-66.47176279731148,567.2953505357227,10.845310277447131,0.5403254953933074,5.54300749201624,127,mass_loss,3
Large,24.855731970458788,-65.43308556689259,566.4201032452227,10.378406510744918,0.4993070539102195,18.20811222074946,127,wind_gust,-2
Large,23.24887628466512,-66.05526361398583,564.7470462799397,9.965827075829624,0.4110251419328292,3.4225380577042146,127,mass_loss,3
Large,22.24241383179783,-65.27206195169728,567.0615866731775,9.886340543237603,0.5830738947174945,7.596273790592537,127,thrust_var,2
Large,22.943457743185263,-69.96797874388537,608.2607159948102,10.386668492481336,0.5936674293431191,2.3576072518530893,14,thrust_var,0
Large,22.94498428320522,-70.83890404163837,611.8923764135354,10.940907573606824,0.6778023340768928,2.9018369205427743,14,thrust_var,0
Large,22.05144125907886,-70.75377577509673,609.6648256577062,12.34244892954512,0.8362122523545503,2.4949495343998493,14,drag_change,-2
Large,22.71239575652306,-71.02918549975827,607.9761269375035,11.525240222056933,0.6891409360252956,7.03885537261324,14,mass_loss,0
Large,22.68508157059939,-70.35448842256127,609.1636189618255,11.12950955211353,0.5302143353858879,18.795926659660985,14,wind_gust,-4
Large,23.83577608746194,-70.11771242369235,610.47849738409,10.785752175797986,0.7170714678922723,3.64777839747823,14,thrust_var,0
Large,22.627571153993813,-70.92042911421679,609.8135589966535,13.17371325668948,0.6629315525285565,4.120038320296986,14,mass_loss,-4
Large,21.806626988073496,-70.1221344987905,610.2088004726709,11.169800516060942,0.5717757857825554,6.291630800784743,14,drag_change,-2
Large,22.41165715182641,-70.93846719015524,614.3028208293306,11.952523839173155,0.5753098313674241,6.117816838943558,14,drag_change,-4
Large,23.349641630196732,-71.05997359324026,608.6009131509179,9.425278079772566,0.6427097773104146,5.667196416412858,14,thrust_var,0
Small,13.390675150018764,-27.614236649904708,793.1443821555321,1.4762456082766278,0.41732605705528436,12.22914304203736,60,drag_change,-7
Small,13.999240995460617,-26.94384223269183,787.5519788915012,1.3402229812541206,0.3490892226524859,14.966028223937535,60,mass_loss,-17
Small,14.139964270049104,-26.94358572975802,791.1237757490018,1.5212727973486646,0.38519929562118227,16.252599922648393,60,mass_loss,-10
Small,13.534032128179685,-27.679267003549946,788.7149286808083,1.4263134258095909,0.3464868722731043,27.21843270701801,60,wind_gust,-5
Small,14.087642348709174,-26.646031396671972,790.2501987847153,1.4050267657903568,0.4959568418311236,11.765973542139662,60,mass_loss,-10
Small,13.061645885611396,-27.196670320269273,793.3710906999852,1.2719912298105727,0.339752831774685,15.474487375997247,60,thrust_var,0
Small,15.098861157579751,-27.296944044520295,792.2961524374261,1.2976322670739835,0.4280655023459859,14.155293137596969,60,thrust_var,0
Small,14.491463262878689,-27.010593319545478,790.2983881204337,1.4541095343739094,0.34122654628925037,27.398227151390955,60,wind_gust,-7
Small,14.967931254203137,-27.306384923124916,787.8712864993198,1.4925569422443867,0.4851261893285099,34.08865389432763,60,wind_gust,-5
Small,15.153697209338425,-27.52278782091251,787.3298058277978,1.2334197106189653,0.38112233147857877,14.985467301779842,60,thrust_var,1
Medium,19.879035132079053,-85.82030081218365,1058.9391330731403,4.103006875453573,0.493083826371135,11.920404594897848,65,wind_gust,0
Medium,20.30943269074971,-86.60366337444782,1061.3184783859347,4.168084666628582,0.575180666480465,5.735721274341371,65,mass_loss,-4
Medium,18.75596990099471,-85.84125646461236,1058.6643643883585,4.437561984369723,0.5395237908626821,1.1044863826844504,65,mass_loss,-8
Medium,19.489258109412916,-86.22868357575393,1059.7259380674132,4.123316497870383,0.4423654188321864,2.8199926269876547,65,mass_loss,-8
Medium,20.25719985435633,-87.61935046858002,1057.0710588854215,3.444427498300889,0.6063280665742561,3.7500998599740907,65,thrust_var,6
Medium,20.360108861210026,-86.09488867885196,1058.4220143356456,4.085968932028489,0.5846125082880094,13.734201537150025,65,wind_gust,0
Medium,20.18388942824859,-86.20173013160829,1057.4477216654216,4.163734034940115,0.3632124614132006,4.208722913476119,65,drag_change,5
Medium,18.755165795587594,-85.8738283698559,1059.0116050854815,4.1414552163538385,0.5780047480226663,4.468676169043391,65,thrust_var,0
Medium,21.369590504011768,-86.80947100594305,1061.8540996366105,4.855802108772723,0.495213692811221,5.958842515505286,65,drag_change,5
Medium,18.95515664912578,-86.75719748557594,1060.4520167385324,4.973675219369028,0.4987405940804995,2.3344795394196973,65,mass_loss,-4
Small,8.230018893384566,-80.16433620634082,1099.29423883041,1.6495870929442977,0.4632136762296416,17.495947694475145,120,wind_gust,0
Small,8.253080995376969,-79.75153500932507,1104.4034291613657,1.6644465848626584,0.6562793873978738,14.913927647769409,120,wind_gust,0
Small,7.961661901288001,-80.2839795076168,1104.7355819625182,1.3280796968649362,0.4344793649456998,2.61597583659853,120,thrust_var,10
Small,8.28293842966728,-80.12323774626373,1105.4502601771508,1.5385758671196597,0.6241562347591608,0.9749573316570996,120,drag_change,-19
Small,7.692452664853579,-79.56656915870833,1106.8897671394327,1.6895451106524668,0.37122353591722757,2.2928465076154128,120,drag_change,10
Small,8.791512509828433,-80.5812266717772,1104.432606109548,1.4127589547499189,0.5432619082121932,0.44085655889634084,120,thrust_var,15
Small,8.488958873240273,-80.05710150747166,1103.1344423195696,1.6408463479822084,0.5353661690170671,0.0,120,mass_loss,-10
Small,8.113057997876435,-80.13032078109023,1104.0987676072966,1.4765772575381875,0.4540851719485141,0.0,120,thrust_var,10
Small,7.533246313714604,-80.211644276149,1105.669554527817,1.6900007035459608,0.5152702026343053,0.4207691559707757,120,mass_loss,-25
Small,8.131683117907947,-79.27263753218993,1101.820003147928,1.588325695069481,0.5366117305825684,0.4788252019166358,120,mass_loss,-17
Medium,12.529128189104833,-83.27402140053529,501.3799777240613,5.2597422468044845,0.6474131634560619,22.200114624740074,65,wind_gust,2
Medium,10.87206803163472,-82.66124134832891,500.3890628280828,5.099671650965971,0.7261378017181093,7.3042080107273675,65,thrust_var,6
Medium,11.430897725943547,-82.90494044855687,500.45520387982435,5.191613225361324,0.5762460605492641,7.919775999047301,65,drag_change,8
Medium,10.675523145840126,-83.1149763647291,499.8755460725912,5.142965462531937,0.7560613697836222,7.91720601368571,65,thrust_var,0
Medium,11.367057799441895,-83.75600004529934,501.20445542833556,4.73010048794621,0.7253218169696753,22.399279531311347,65,wind_gust,5
Medium,11.042767642402985,-82.52364960909367,501.7678754566608,5.268620560127775,0.6363809741237698,9.684860219505339,65,mass_loss,-6
Medium,12.37777876330716,-82.12505074909468,500.470215018825,5.16972104585558,0.6262654335380278,27.847137240444038,65,wind_gust,4
Medium,11.245267591116598,-82.67291164624935,501.7614549070528,4.180724820570315,0.6976028393517206,4.668465390674051,65,thrust_var,15
Medium,11.723594102181877,-83.17288809236052,497.4905188434843,4.042154881780926,0.6672326825785818,6.685329493576761,65,thrust_var,12
Medium,10.967814361973442,-83.05462922137984,503.1297833428646,5.026917041750202,0.9478390093244465,10.273596350149733,65,drag_change,-5
Small,19.22243231027691,-73.02995793271349,798.0443378567387,0.5133611286450123,0.5291226206266963,12.613034975612097,30,thrust_var,3
Small,19.236843054032967,-73.39897407726245,803.2470872768788,0.6006922427464745,0.6693052814331695,27.61958210023157,30,wind_gust,0
Small,20.77309153951243,-73.91427273288764,800.8889056353639,0.6129533301302165,0.648697245601652,10.69162194849771,30,mass_loss,-6
Small,21.19982229498741,-72.84013093328048,801.8692184673264,0.5493685482814723,0.5126187993103221,16.19681666733378,30,thrust_var,0
Small,19.843140190932196,-72.87554036192545,800.9612717707626,0.6458198422339156,0.6343876056080456,13.773707942226743,30,mass_loss,-8
Small,19.699212460238765,-73.5803751813298,796.7967984153441,0.5917902623799363,0.565713007529884,15.163145450997755,30,mass_loss,-6
Small,20.795972220835424,-73.48665573730656,799.4775331115924,0.48424937305097354,0.5480356258917711,14.295577973029859,30,thrust_var,3
Small,18.531519503493936,-73.14766911973561,800.5422386669106,0.6157646214791268,0.49687601161231537,13.533122141459158,30,drag_change,3
Small,18.08595633350901,-73.49529067754237,799.4897635400748,0.5801747272935474,0.5836360221693222,14.634152695887611,30,thrust_var,0
Small,19.719707606273012,-72.64350364562225,801.0427025095466,0.5796907072639284,0.6868297367752757,13.161055857132204,30,drag_change,-4
Large,13.657865909923371,-38.96840357718201,976.477426263971,16.09053287935249,0.5625621457351676,7.115310089000008,26,drag_change,-1
Large,13.432114070589508,-38.755517850369536,978.9891033916563,15.78003508399578,0.433894055414322,1.6938406586139974,26,drag_change,-6
Large,13.286870247647425,-38.221060347873696,981.0865908247581,14.920764315429908,0.5761730683401309,8.77303939371336,26,drag_change,0
Large,13.311163097506075,-38.86643358942568,978.6607408411911,13.680098282896292,0.4680981600413,6.491182377698781,26,mass_loss,-8
Large,13.075927063788061,-38.85586235319514,977.7173403445155,14.790538788444023,0.5353850568219463,5.379324652105504,26,thrust_var,0
Large,13.09944550168297,-38.936265748039474,979.4512094912282,15.658850082194316,0.47673321388743534,17.05760139028289,26,wind_gust,1
Large,14.406943489922382,-38.1619534450958,982.0316151043608,15.639633358662952,0.5351826153489023,9.40999794567181,26,wind_gust,0
Large,14.481938997970841,-38.21429230476856,977.1417870844434,13.704043260751323,0.42758703669766934,4.077082778998651,26,drag_change,1
Large,13.429572894267858,-38.04160654261567,980.0019541303565,15.683900522624755,0.530162004188719,8.000073345202207,26,mass_loss,-8
Large,13.297508877776718,-39.43013208356776,976.0851943751328,14.274673861536252,0.4443887073140297,12.427733604626626,26,wind_gust,2
Large,46.48520658372529,-28.349957655577494,1131.9500472597633,10.756003554070274,0.5441136584820021,25.670486452526738,67,wind_gust,8
Large,42.95050790940568,-29.949009342538158,1134.2047183300122,11.192420705013792,0.47459656864486643,6.87846695855163,67,mass_loss,-7
Large,40.942674316586626,-28.161768067995077,1132.0714401497685,9.660776656119092,0.47923556203804546,10.145075922528283,67,thrust_var,10
Large,43.95155552591338,-28.82120187835938,1131.9506391364428,9.450930326686589,0.4666321697409431,4.583922688521198,67,thrust_var,24
Large,39.735329279399295,-28.749695170042305,1132.8545866773943,11.681599229294573,0.36210122383976817,4.191316035138426,67,drag_change,58
Large,44.397809098114486,-28.54492195071702,1134.2488263095277,9.482273317480812,0.5156021323213023,7.5461460814466905,67,thrust_var,56
Large,41.40860295333189,-28.482456914704972,1132.4794912112213,10.405810799556631,0.47868227636018124,7.715145720333309,67,drag_change,16
Large,43.489680147518165,-30.144543315978723,1131.7670143423475,10.756875089918228,0.5013731799683805,14.07515410662062,67,wind_gust,12
Large,46.084035509405275,-28.67909831793402,1131.79842185902,11.461028123989891,0.5714196398948805,8.346012078168869,67,mass_loss,-4
Large,40.29382593154199,-29.83817670196832,1129.3078894932205,11.395121519836005,0.5420805350877341,12.431667406680244,67,wind_gust,23
Heavy,8.038466089845329,-42.83236979543646,685.5247916294712,72.31671441362485,0.6251786067724051,3.8330416166092056,10,thrust_var,0
Heavy,8.730964547601753,-43.79613121283182,680.1267889056712,82.5231388094851,0.5857134272781686,3.8603802960995086,10,thrust_var,0
Heavy,8.318388095699758,-43.196910094501,684.4090953379541,81.48790875443255,0.6471109157478628,6.74432703071337,10,thrust_var,0
Heavy,8.179261067934892,-43.10325017184956,682.295164448175,78.40220716473671,0.744536004487271,3.325934633416566,10,mass_loss,2
Heavy,9.2417078194311,-43.55878052679296,679.4397449259335,88.08469841595466,0.7288903933405056,3.338692762656493,10,thrust_var,0
Heavy,9.171934363732506,-43.42241545761824,686.6714131196858,87.15751572501125,0.6418918614430023,2.2649219178692754,10,mass_loss,4
Heavy,9.426310633628036,-43.759437224921776,684.0084590594447,88.14767369464185,0.6328484186867295,19.99745560785061,10,wind_gust,2
Heavy,8.25361012601784,-43.79499429137445,683.0489975547572,82.14550907888172,0.5043625363391786,5.8875954487868105,10,drag_change,0
Heavy,8.353002753598311,-43.30174875686209,684.6170509015768,78.01261567587768,0.5576479687531439,5.572174195454489,10,thrust_var,0
Heavy,8.525728335502924,-44.1086077778881,682.1261988957615,88.70186408827438,0.5618894236232382,4.05442102308701,10,mass_loss,0
Large,20.755765755238862,-41.12731340293555,1175.2990751518926,25.591928316231805,0.649842968018217,25.305053389844424,40,wind_gust,0
Large,19.439142792917494,-41.41314601025147,1176.3991914044766,23.682220376056826,0.6026478743967791,10.842165612282805,40,mass_loss,0
Large,19.29880100256707,-40.97466020665331,1179.6594949884905,23.47591234275262,0.6165463599981349,7.587499745219536,40,thrust_var,0
Large,18.009440185651368,-40.8003882626123,1176.2164365902097,20.753277766911577,0.6035489362400894,9.074374453328462,40,thrust_var,10
Large,20.630252992290004,-40.24061603860317,1177.040529571598,22.130024238692606,0.6869786033088564,24.96868303673721,40,wind_gust,0
Large,20.789759450631415,-40.58796752975559,1182.0054663090937,22.6133027405933,0.6623474247361637,8.067264530855084,40,drag_change,0
Large,21.68622161385,-40.30656807725087,1176.8076292352403,23.50320927107224,0.4865838151446095,4.909430277026525,40,drag_change,0
Large,19.556294335493064,-41.225133179533884,1177.5912240165644,22.536015838541203,0.6139045381589495,7.50074896241529,40,mass_loss,0
Large,19.94790513671742,-41.23612679889478,1177.9295694306547,20.064834184965726,0.7156051131897928,5.9917076544399865,40,thrust_var,0
Large,19.999946143609566,-41.80776133054643,1182.3351284522073,22.32194037143596,0.649292400913143,21.4401338922077,40,wind_gust,0
Medium,11.557011486638991,-33.642800778697435,921.6198189302269,7.184601153072039,0.437855614734504,6.320482156994186,85,thrust_var,6
Medium,12.630219726668933,-33.31806718008788,919.9195989475788,6.8549410959835875,0.3876034515609217,18.46049052268482,85,wind_gust,5
Medium,12.108661331733854,-34.007378537986014,921.1226336691957,6.731224245144573,0.3753616923085855,28.205104443350034,85,wind_gust,6
Medium,12.474476676503803,-35.07537386638944,924.0814872831837,7.18524035063751,0.4217603867412263,8.943981357299368,85,mass_loss,-4
Medium,11.98633937067242,-34.286603691428446,922.1666864564131,6.979753063821813,0.49277531976479505,7.562236393379995,85,drag_change,-2
Medium,12.776727760824262,-34.635810850862384,921.7518251734659,6.781288701028626,0.46552065395470854,4.3284052562540065,85,mass_loss,-8
Medium,12.018049933678435,-34.260108219729034,924.2158149326817,7.215651047146864,0.36599322319705546,19.50249355487042,85,wind_gust,5
Medium,12.101157377438263,-34.656832879551864,919.1443907805282,7.225325985448214,0.42425063286333925,18.922783413420966,85,wind_gust,5
Medium,12.797704206790062,-33.97536387735944,920.8527098678534,7.569646639950237,0.29144845013900417,7.766194498912105,85,drag_change,2
Medium,11.865126549115635,-34.105813430588796,923.8711101340156,5.826037076918629,0.4348212565686132,7.272905122251001,85,thrust_var,12
Small,9.270816110340037,-32.35909230382846,1083.5699900393452,1.7052879383834134,0.5832429880544114,27.429860234311036,93,wind_gust,-2
Small,8.649409806051816,-32.080710696098855,1082.7133003741324,1.7423480514074319,0.6994795139740984,15.104525436257571,93,drag_change,-12
Small,8.79186671111087,-31.850599614527223,1086.2766057984795,1.5705047104770011,0.6427348546810049,26.980022407151317,93,wind_gust,-2
Small,9.945822105797932,-32.196331081024795,1083.6441168922745,1.6223227419730573,0.7153682186924927,12.883630490235015,93,drag_change,-3
Small,9.20673399994524,-32.34556605448056,1085.7380495443965,1.631918427401004,0.6623938580422727,8.614969325357032,93,mass_loss,-10
Small,8.19248325265882,-32.72811251209205,1087.656023896997,1.6159492636150177,0.5994758119041977,19.866253058282904,93,wind_gust,-3
Small,9.342740907235996,-32.43859350114364,1081.6959399284963,1.6937788358272923,0.6203773315226759,11.620518307024048,93,mass_loss,-20
Small,10.234404349654682,-31.628696468948785,1082.2745274376932,1.6667617898746656,0.5965087367143066,11.919474549398517,93,drag_change,-3
Small,9.12650408879849,-31.769219071352722,1087.1306907874243,1.6129053409888787,0.5787989147579522,27.95325881186304,93,wind_gust,0
Small,9.686492062854475,-32.45208118717405,1084.1010922557068,1.4658734873003614,0.5115564419858806,12.111010997652528,93,thrust_var,12
Large,8.634872375197094,-77.27458133408803,708.6614355882806,25.02829402539313,0.6167438799258314,9.687082441730409,16,drag_change,-2
Large,9.537487247751455,-77.02941784359228,710.1949888887737,19.643845177796546,0.7492958401093446,10.76921792961076,16,thrust_var,0
Large,9.228041554777791,-77.61013978681048,708.9229923452647,23.464456444622254,0.5772878517633393,11.215188394282627,16,mass_loss,-2
Large,9.010699265232637,-78.18039513252972,712.8182364801896,25.58723666272369,0.6699683176012668,30.673576772789417,16,wind_gust,-6
Large,8.606795373527135,-77.50690347848898,712.1096140326681,21.7079087484082,0.6777469136551165,12.455950069996309,16,thrust_var,0
Large,9.871291802331152,-78.42570225125225,709.0484189949393,25.97305590998211,0.5278234943862651,8.651171476744718,16,mass_loss,-4
Large,9.176478624998571,-77.91691921440626,710.0593264744095,26.691396186205235,0.6039585039012736,23.271648591099666,16,wind_gust,-6
Large,9.832461599801391,-77.40357364218104,708.6138503948669,24.48259644528924,0.6465807509598183,32.55691554419384,16,wind_gust,-6
Large,9.79973299438013,-77.96549271809342,710.5355390678363,24.80668292179891,0.6630611491824506,13.077706259213473,16,mass_loss,-6
Large,8.866051594649385,-77.1885931568158,710.6361285510912,28.422079162497052,0.7571719012939839,13.566173158138355,16,drag_change,-6
Small,16.711640534351094,-37.88290363447213,828.8813805113844,0.8029073053796447,0.523672110812131,24.07034837867689,40,wind_gust,-5
Small,17.056331957086766,-38.899466818964015,826.5561047992156,0.7800867654215916,0.5517459097381969,0.0,40,drag_change,-5
Small,16.118116279827944,-38.04713773861772,829.2060121414589,0.7149099527786679,0.5390366775910955,3.943283132316843,40,drag_change,0
Small,16.814495130280598,-37.401745261698856,826.9537991942968,0.7954556825045014,0.6769244889511995,0.0,40,drag_change,-5
Small,17.265068187555848,-38.378198223918204,825.0749125857177,0.8151364220943068,0.3964692387491741,0.0,40,drag_change,0
Small,16.42246161793928,-37.03852743109957,827.7825896889551,0.7732300856352409,0.4806031632956198,0.0,40,mass_loss,-5
Small,17.067154637339776,-37.87600835318707,826.7151867389712,0.6146988427847654,0.5535626078935121,4.477089173840337,40,thrust_var,1
Small,16.165811321592155,-37.492172461269405,826.0422007670047,0.757074067932921,0.46721655356866715,0.0,40,thrust_var,1
Small,16.82658825572655,-38.02347801047262,827.1523009686183,0.7352328512047837,0.5443250226326373,19.82873370280263,40,wind_gust,-5
Small,17.280831753105208,-37.337243649841845,827.7294362191527,0.6778910767044827,0.49701351597718035,3.8700460786280484,40,thrust_var,1
Small,10.695389537735004,-32.850537650619685,544.275734661273,1.5349493883078809,0.4104814032616061,16.93178041221371,55,wind_gust,-4
Small,10.908824038952975,-33.7319253185849,542.282550802267,1.3690483453256947,0.37336134580115704,4.391188835100868,55,mass_loss,-10
Small,10.978218989331245,-33.19628117268854,544.2374978865578,1.4484302347232365,0.46255915588118124,3.7082636920096084,55,mass_loss,-5
Small,10.594659466203158,-32.79007131598458,545.7646667460818,1.444494702825707,0.3986549974375305,7.741986466676381,55,drag_change,-2
Small,11.594719463345083,-33.30303111224417,548.9170188007033,1.5971056550648144,0.3840412848677117,19.703120022595613,55,wind_gust,-4
Small,10.612799103003477,-33.40545680914155,547.8186914455928,1.4588379857679108,0.45434518548534947,6.910450534539442,55,thrust_var,0
Small,10.103105078323274,-33.15496477786597,541.6617851394662,1.5773345652732433,0.4856806761104818,12.584585999587095,55,mass_loss,-12
Small,10.841774531609525,-33.095518322660766,540.8204034080017,1.3175212011620019,0.42161271886635765,5.601076696408059,55,thrust_var,0
Small,10.106045492958186,-33.564531543368865,542.8284012360656,1.2044718434276855,0.5017905706077834,7.583739925390454,55,thrust_var,10
Small,11.149914650689636,-33.76941128195439,543.8186117877702,1.4978160736216128,0.42791585383151315,5.924248052468285,55,mass_loss,-10
Small,10.616495316368589,-51.89459752710663,1030.221067840613,1.869444044656714,0.4628191280501509,18.467610783259534,85,wind_gust,5
Small,11.00203622499912,-51.193947176904565,1030.057040463513,1.6590846608338854,0.4759949341876056,19.640827852533487,85,wind_gust,-5
Small,11.694528967423933,-51.651929535705854,1030.4781778758738,1.8869095407423626,0.3305085304387322,9.479808860814753,85,drag_change,6
Small,9.958093775865855,-51.88004885646727,1029.3378536759787,1.7769008591261846,0.43344111611677627,13.306625982354078,85,wind_gust,5
Small,10.676762820758842,-51.079877987161,1030.3218579724803,1.844346477663704,0.6002902085279571,16.50468301875376,85,wind_gust,-5
Small,11.367057714481131,-51.81794123277165,1030.5003287796162,1.5852970718806048,0.44795083694443827,4.9877367896914135,85,thrust_var,15
Small,10.603460483140559,-51.697161640439575,1027.9896132375216,1.804644776104437,0.5958731907170003,8.274054373789784,85,mass_loss,-5
Small,11.444964608109396,-50.99845528102647,1026.7648892229083,1.9295489609404646,0.5714953273012703,23.470708421635553,85,wind_gust,-4
Small,11.357382620199061,-51.59033195474713,1027.4495872753612,1.8424475747640205,0.5535817553454597,3.9647264340464434,85,mass_loss,-14
Small,11.451554617370213,-50.854520023051634,1028.2946370901464,1.9349735060630313,0.472705222523825,18.772592834711144,85,wind_gust,5
Heavy,9.85680419349969,-54.987422682207615,716.2273443089679,71.67607964082691,0.7511229403106534,0.5182580799206213,12,drag_change,-2
Heavy,9.499516796939938,-56.05391076984817,716.0750459603387,74.0640524119869,0.6152690194431207,6.660397693643684,12,drag_change,-2
Heavy,10.361133710816182,-56.29118295618144,714.2258985635855,76.49580775597556,0.42442804649471905,13.308099947016597,12,wind_gust,2
Heavy,9.822108053001198,-56.42164296330923,718.9459380595263,75.39686593683555,0.41447225258341525,2.813972788721253,12,drag_change,-2
Heavy,9.104925249083921,-55.74168195069884,718.1466755776677,77.45048276880725,0.5864026316310936,5.418494294558314,12,wind_gust,0
Heavy,10.329756251966069,-55.01581882776626,715.9053260322427,74.1962261681021,0.6110645607059428,0.8165352129934669,12,drag_change,-2
Heavy,9.494897213192262,-54.40140877511163,721.1892493538342,75.99362354182442,0.6038987836944878,0.1620369332117848,12,mass_loss,0
Heavy,9.785330161848536,-54.409591699052,719.1982869206566,70.73475590005695,0.5546941872985328,1.410489232408369,12,mass_loss,-2
Heavy,8.960501344019415,-55.457655290789305,716.8954961613495,68.19613936319546,0.6362849979045234,0.4213256279225015,12,drag_change,-2
Heavy,8.741919260676474,-55.24411343835526,720.7619711725681,72.20774407786774,0.5543094498157015,22.875327821408764,12,wind_gust,2
Medium,13.021703674781897,-73.40673834505183,736.5701912265479,4.445883850392271,0.5298418264224177,20.770709527385165,65,wind_gust,4
Medium,13.566274746650603,-71.855702707613,737.0321266426978,4.398751960818192,0.54256350279225,1.7712060968757792,65,drag_change,-2
Medium,14.158148177963046,-73.18194017913126,736.4284621525766,4.127234528434414,0.5729992310097172,2.690522814205867,65,drag_change,6
Medium,12.157955825223121,-72.97158668299842,735.240122732719,4.156154240041092,0.6104191890963198,22.007351388433328,65,wind_gust,4
Medium,12.919120138525411,-72.69845766982694,736.5903275925847,4.380914499858009,0.5753220905737804,0.05648416648063992,65,thrust_var,0
Medium,13.668111192199573,-72.10689420460037,733.8204899443169,4.075077741944566,0.6378281406902038,0.0,65,mass_loss,-14
Medium,13.571336005271007,-72.36027027978429,735.9711350019649,4.096485697827823,0.5371141394017718,3.6738007079785007,65,thrust_var,0
Medium,13.636951375396325,-72.90025225536436,734.9670080976052,3.3873764936009665,0.6316490991383764,1.9955215448810963,65,thrust_var,15
Medium,13.609290952561663,-71.6831547397139,738.5674735446702,4.05186085044245,0.658308157733735,0.0,65,drag_change,0
Medium,14.942543535454405,-72.33883610830449,735.5048609875292,4.300859881776849,0.7556249831506551,0.0,65,drag_change,-2
Medium,9.023092568995775,-20.281468275915458,939.2539698491065,4.887898928257375,0.5338588952269694,8.768156914779928,100,thrust_var,11
Medium,8.370987126585373,-21.297270739896746,941.1420953758883,5.758248779545794,0.45719673787185267,15.604861580850429,100,wind_gust,0
Medium,9.910026404391655,-20.250297313559777,940.8574782694703,5.097764397354376,0.43111824570915636,8.957328548971825,100,mass_loss,-9
Medium,8.27200919004261,-20.25964949336348,943.036024928083,5.16985191118856,0.4128892508316632,7.314300567889186,100,mass_loss,-17
Medium,9.07568912950716,-20.358312561306143,939.3346932834853,5.477391182956193,0.5418582061856836,7.610444988032935,100,drag_change,-7
Medium,8.301628233129502,-19.061413098843477,936.5840259664636,5.622018074202304,0.4501830275365614,9.334678678381445,100,mass_loss,0
Medium,8.90730228532548,-19.449338232395924,937.1204228619534,5.501734246439251,0.3666800842294939,8.425325309572331,100,mass_loss,-10
Medium,10.003377817359409,-20.784790046628277,942.2933607597914,5.532851177829066,0.40765789764985527,9.949833657447048,100,mass_loss,0
Medium,9.073178010308988,-20.301511182173456,938.300930189448,6.1691547737051495,0.414326522927858,16.981194784829608,100,wind_gust,0
Medium,8.59941349995203,-19.823818637708328,938.852749714173,5.83993005746797,0.5827221877506873,12.684612926469297,100,drag_change,-5
Medium,16.465139856821196,-76.71675255143126,1031.8360762388754,5.863690830656047,0.32267975787761727,8.407514172578695,71,drag_change,2
Medium,17.540000139035374,-75.32225762818439,1029.6939144882024,6.247008912135598,0.5692189033263242,11.287269088654975,71,drag_change,4
Medium,17.510993712105083,-76.52467221311207,1029.8892453096823,5.917890116941708,0.5226097615407612,4.831863932477874,71,drag_change,2
Medium,16.09646212117109,-76.06138009641805,1029.939011824384,5.436243481757212,0.45605049755134014,7.418771483944611,71,thrust_var,10
Medium,16.04923082179748,-76.65738609865139,1030.5962255245709,6.117191507650156,0.578672792287671,17.375852185783884,71,wind_gust,0
Medium,16.726753571506993,-75.39999537280104,1026.6028337006032,5.766467640827153,0.5178677222128365,25.9989622378686,71,wind_gust,2
Medium,16.897412927519582,-75.39173767756724,1029.4214438039703,5.69116318172712,0.5327064982289117,5.643748375578049,71,mass_loss,-10
Medium,15.959457383151797,-76.00480788624401,1031.843882576869,5.907960403472925,0.48881005922628984,26.212115562779502,71,wind_gust,2
Medium,17.492097731626895,-75.84098338713265,1029.4205218213933,5.747575236483918,0.5583302749088934,8.91710637015472,71,mass_loss,-2
Medium,15.608811193395802,-76.24982436508469,1028.1434909126222,6.252393061863509,0.5631493964715593,16.711963132574866,71,wind_gust,0
Large,20.15988724655352,-63.75525830008966,903.1275708146293,25.118949149770273,0.7667752827563717,3.130701215926136,10,mass_loss,0
Large,20.287385826366116,-63.89456513747284,901.6420058398612,25.100543211957827,0.725673379308991,4.180281409633152,10,drag_change,4
Large,19.313587857798552,-63.48891496647228,898.4556420518371,22.50754067664922,0.6356403006695924,7.033823996926503,10,wind_gust,0
Large,19.200156935032826,-62.45377908791102,899.7823239247389,26.280536740429802,0.8319232662417929,15.46295824361303,10,wind_gust,0
Large,19.64185300925738,-62.52418063418873,898.306680907389,24.772878041420796,0.7209926620285498,2.416439215567295,10,mass_loss,2
Large,20.01637773784875,-62.72373897633963,898.7280587763823,19.670339841723308,0.7974612030462739,0.5176183175888989,10,thrust_var,0
Large,19.333367007472845,-62.70787447035249,899.145298765188,25.298466267642908,0.5627622675145341,0.0,10,drag_change,0
Large,20.031842451437445,-64.31089946615997,900.8960655684081,22.09522975873399,0.6769918032650659,7.640965745140576,10,wind_gust,0
Large,20.88082918008648,-62.88965857700717,900.3769835003648,24.280962133990453,0.6926145494213763,17.01565042246484,10,wind_gust,2
Large,19.426715376512174,-62.57349549996616,900.9240980007763,23.748351741265193,0.5888130452549655,13.109931477006125,10,wind_gust,0
Large,18.41786799795636,-74.32376887437096,644.1234313309961,11.010670637099786,0.39931184978424317,5.539447536702769,12,mass_loss,-2
Large,19.61948709831985,-74.76387028696661,638.7197754395688,11.075789558971724,0.5425718473192191,6.067327927373286,12,thrust_var,0
Large,20.145034385541326,-75.15580591744357,642.6045325568194,11.753281886585723,0.5128832213057744,21.603086600479237,12,wind_gust,2
Large,18.314363745064025,-74.31007307617331,641.2707415063412,10.785278096928714,0.46806379019915056,12.094041983854934,12,wind_gust,0
Large,18.49492164102132,-75.08188239227239,645.0852135024975,9.875607692164763,0.49829682181386536,17.397966406569438,12,wind_gust,2
Large,20.066120911664072,-73.05858337284758,640.0204708025351,10.737365312899692,0.45546650852580456,3.8312219501691747,12,mass_loss,2
Large,20.404462501791162,-73.18301545644982,642.5878710328526,11.363037012286298,0.5018101582108148,12.184633419616468,12,wind_gust,0
Large,18.60396662268691,-73.44896660993666,640.066054904421,10.061410188495858,0.45852526986048303,4.788789821364471,12,mass_loss,-2
Large,18.930492830140583,-74.55027565114513,640.8674190800515,11.083477670373199,0.37957711439871333,3.6868334176412993,12,mass_loss,0
Large,20.66838193861007,-73.203225033512,636.2867927989096,9.092044606587162,0.5960517936699053,5.903660342858337,12,thrust_var,0
Micro,22.81135220248945,-53.58261913134268,554.138445336176,0.2973788474235087,0.6148128183550403,1.934647288105098,30,thrust_var,0
Micro,21.7593157770948,-53.89041217087483,553.3603105868258,0.3462700471624055,0.7797737764373969,17.26406126576863,30,wind_gust,-4
Micro,22.58399231060349,-54.157369373470736,556.0075358199729,0.32172754786460395,0.7131490350678609,3.655160741308789,30,mass_loss,-6
Micro,22.559301322807002,-54.34597523786269,551.1066832840157,0.31168601168140936,0.6516771516151336,1.6440319891138189,30,thrust_var,0
Micro,22.463551919736165,-54.17320269080714,554.5062365827614,0.2808053702031021,0.6917028986813434,0.0,30,thrust_var,0
Micro,22.3052242068676,-54.478377409235314,556.7214274075109,0.3164828312382424,0.665390338562285,6.5192036715198105,30,wind_gust,0
Micro,22.403994765649202,-54.52108681004222,555.822233406661,0.30666874527029103,0.5883913794149327,3.5881560726831907,30,thrust_var,0
Micro,22.426388632668232,-54.57285697675148,553.3126903377456,0.2758282657656413,0.6929705339138057,2.447808813593809,30,thrust_var,0
Micro,21.130695029191777,-54.41214541735345,555.4805704718622,0.30872141199259556,0.8121055316502812,0.0,30,drag_change,-4
Micro,23.753026658681744,-53.91915316873596,557.2650092623173,0.2669325999094879,0.6973186879148755,0.0,30,thrust_var,3
Micro,26.956998062041528,-33.656153773436145,821.294002559072,0.30310889695721016,0.6620150017519397,10.2312548213756,22,drag_change,4
Micro,26.03457295308153,-33.10213490574285,820.584741961506,0.2805606907170549,0.616427441921599,23.41048813662654,22,wind_gust,0
Micro,25.44514023802084,-32.8096983987682,820.4316622377332,0.27396156424598855,0.45472024427826124,14.870009737001881,22,mass_loss,0
Micro,26.948292453500812,-33.057062112881056,822.9232078586814,0.28869533717432766,0.4962547979778897,12.172423025871216,22,mass_loss,2
Micro,26.11521272200271,-32.680163781506145,824.1639425081138,0.3206730377086865,0.6353248728624741,14.292080396469002,22,mass_loss,2
Micro,28.700629534123284,-33.77972472655078,824.2891677864856,0.30416434345300486,0.5272600528295227,17.167621524354363,22,mass_loss,0
Micro,27.0384375648283,-32.40893061208025,820.1460146882538,0.3145895950700838,0.5688015092533285,9.613203094993409,22,drag_change,2
Micro,25.990363593105986,-33.7033497078819,820.4770391750225,0.29412008449263244,0.35680392197975375,16.76545291842052,22,drag_change,8
Micro,28.044533126467954,-32.75694315919905,822.4193735846691,0.29802887490857144,0.5780202931743601,25.516786987881577,22,wind_gust,2
Micro,25.636012857018972,-32.641387136010685,822.3830549406214,0.2544699784838881,0.5814833799289039,15.677869364234613,22,thrust_var,8
Medium,18.5589863149252,-47.2932211135638,644.1643261070238,4.032165748713669,0.46245178212399435,3.954036604869882,43,mass_loss,-8
Medium,18.18061380305233,-48.00293989979116,640.3534705570376,4.4908593151235525,0.35212073709655456,6.706050085934521,43,drag_change,2
Medium,17.776410512249054,-47.716671056325865,643.1245387886553,4.724621188672495,0.6821415532932833,8.030215631879333,43,drag_change,-2
Medium,18.452459131100326,-48.1066490058093,638.5466818169546,4.118135710941757,0.3041517558457067,3.0901888862598836,43,drag_change,7
Medium,19.19265731026817,-47.266035912900975,640.0261144442455,4.503281480217308,0.6420137163075347,3.728496272394224,43,drag_change,0
Medium,18.14342826485637,-46.8333063948995,644.1427808922476,4.223407724742869,0.5481197739189634,2.1487470868647565,43,thrust_var,2
Medium,17.334738360262634,-46.79197290378272,639.6157143507164,4.555876218573198,0.44939334052526037,4.563452208282462,43,drag_change,0
Medium,17.286624245571883,-47.466817598350836,640.9319814622135,4.539378955785469,0.46179413225616633,17.364447242591638,43,wind_gust,-2
Medium,18.928863144740195,-47.19201053360856,639.8559894037213,4.248031421982024,0.41146822130787003,2.0375928201978617,43,mass_loss,-3
Medium,19.32814832090529,-46.64459658525327,641.2665826076957,4.312571377098004,0.4816642634728242,3.3512987904970672,43,thrust_var,-3
Micro,19.240051803787967,-81.77360555117238,537.4478057963158,0.2970385502321202,0.39901647720207956,12.706763839396324,40,drag_change,0
Micro,19.36255508817797,-83.07662814447355,532.6375270968753,0.27069221960527673,0.4615654129518646,11.75368861999267,40,thrust_var,3
Micro,18.151956230918067,-81.93088817132765,538.4138387294324,0.33703043221209933,0.5034843949136434,9.912896724135608,40,drag_change,0
Micro,18.109190705771315,-83.22933979799151,536.9237025791596,0.3146336461713255,0.6721433223579854,11.096856350719396,40,drag_change,0
Micro,19.046986033284995,-82.33737720530587,538.7262005686548,0.2952480431616089,0.5126919976738846,12.18451379435777,40,thrust_var,3
Micro,18.168053552326178,-82.94527960379197,536.0977456050733,0.3134105660692409,0.521517188777284,10.463281692438176,40,mass_loss,0
Micro,18.92071841679157,-82.41184937505615,538.9505530446859,0.3001616672434267,0.610486807262089,21.481197502112636,40,wind_gust,0
Micro,16.553594804020154,-82.32016667649465,537.5223025054372,0.33075303574373394,0.4001868321345236,10.263639899731519,40,drag_change,0
Micro,19.64397846236004,-83.26082813773897,537.0674481057238,0.30220548317745993,0.6326125335780193,13.795805776148045,40,thrust_var,0
Micro,18.407610490284895,-81.25529600017941,541.2344704427244,0.30777736793808125,0.6493940558577944,28.311924379904593,40,wind_gust,0
Large,32.04314841672559,-70.11828865257314,890.9968979498944,13.58812332272611,0.5684591380002536,13.428987143999539,14,thrust_var,0
Large,30.747396818314567,-70.48633350270678,888.7588059830973,15.549900257009163,0.574639495888529,33.630989151624526,14,wind_gust,-4
Large,32.36296329469403,-70.0236988592502,888.7282773554158,15.827949846690567,0.5941618495283778,13.183057715363006,14,mass_loss,-4
Large,32.04008765905458,-70.08392839256902,887.8952681729306,17.407419057815954,0.6574629258164463,25.35730923429386,14,wind_gust,-4
Large,33.906411298375396,-70.19683256417075,882.955383334102,15.369660338465048,0.5859366295874051,11.170969591397599,14,mass_loss,0
Large,33.47760740198989,-70.63991235956458,887.6256414156234,14.566854286393852,0.5355099955333543,30.62694850932528,14,wind_gust,-4
Large,31.386504060537533,-70.76051965622251,893.1546029443255,15.251000787734126,0.5376121832964009,28.53111415871894,14,wind_gust,-4
Large,30.02875509727481,-70.8431015847757,891.5326950997398,16.515028647303748,0.488667553809578,13.839961578056347,14,drag_change,0
Large,31.714407363810054,-70.46063590664134,889.0862734688652,15.921395962297083,0.5908895158785996,11.847583614390679,14,mass_loss,-4
Large,30.090628053116657,-69.94058555390785,892.0953494838221,15.31181981028314,0.5552324606313644,11.467296339745968,14,mass_loss,-2
Small,22.010298390429597,-23.8703967893815,835.4751324953611,0.8681091095168988,0.49400623259013626,20.674252241396097,40,wind_gust,-5
Small,21.694657069725448,-23.416807439401424,834.5001783063633,0.8641123146572601,0.5138603554602102,10.847594832958189,40,drag_change,-5
Small,21.29475019612688,-24.382165933619696,835.8974941514334,0.8675332726213706,0.598265571126572,29.66865437361534,40,wind_gust,-7
Small,22.492037441019658,-23.972005902118593,836.6334369236661,0.86008329508236,0.6257118094797799,10.256205227682079,40,drag_change,-10
Small,20.91338806846876,-23.46495295179339,839.4381944016942,0.7632251370505186,0.5905571697964307,11.181482999877423,40,thrust_var,0
Small,20.117936234900156,-23.740374747572123,836.0915818258628,0.8726441894708532,0.5316186733784702,12.992370296069389,40,drag_change,-5
Small,19.794306343291513,-23.84875575378768,842.7413693293929,0.9401033068714284,0.36734194609306114,16.01009500613975,40,drag_change,0
Small,20.84828937027861,-23.276193681467376,835.9855526189393,0.9213597158362513,0.44213176317181385,31.94737323628236,40,wind_gust,-5
Small,21.804869874130084,-23.643584613651512,835.957294377659,0.9309517995104392,0.45236342612059166,9.279278357037741,40,drag_change,0
Small,18.377973530678783,-23.578750655300922,834.9437439504297,0.8567838633780551,0.5764927424708192,11.610852260876056,40,mass_loss,-10
Heavy,12.981395161913326,-83.21333070128598,642.9413582130469,59.84590191026386,0.4520323622577056,9.394362874361835,14,drag_change,0
Heavy,11.927510582164404,-83.90450539371099,638.5669729984251,56.60947188503389,0.6940427716088042,5.910847920889003,14,drag_change,-2
Heavy,11.325918633125804,-83.35745884661594,639.9426731468849,59.214840029266476,0.7349262909276021,8.157944923386623,14,drag_change,-2
Heavy,12.345201155600021,-82.91857911059047,641.9968018420196,57.167438106737976,0.5449315908957083,20.29225987326473,14,wind_gust,0
Heavy,12.945568950201784,-84.06949658315504,637.2512196221305,51.73950625080205,0.561094144106724,8.187579390618552,14,thrust_var,0
Heavy,11.883448214302382,-83.09541502789699,643.479786195024,53.97081811484713,0.5519196448913372,18.49110065621742,14,wind_gust,0
Heavy,12.716543077261608,-83.88100946190951,638.0909052349281,61.437242231172526,0.7301696301775293,4.519785143963053,14,drag_change,-2
Heavy,11.953413915383544,-82.43893201742736,642.0629635646428,54.258313405863426,0.6216254134074937,10.04261743477751,14,mass_loss,-2
Heavy,13.823561156037309,-83.37505463474834,641.0838472369676,49.03352202031956,0.5813959178451148,5.23341770629931,14,thrust_var,0
Heavy,12.603116061982146,-83.39241427104024,639.0262026677883,57.016892926799976,0.5684585827037945,10.21691878560733,14,mass_loss,-4
Micro,14.740721881852444,-58.350579653890364,519.0788359914111,0.5427260771285048,0.48486355725222746,3.7249745341698306,45,drag_change,-2
Micro,15.016080492912964,-59.17996311877963,520.201039398551,0.41925733877698573,0.49924199407810993,1.91559471603268,45,thrust_var,5
Micro,14.009998370355717,-59.034151408020726,515.4637313198301,0.4320713305206206,0.4753747567182784,2.3671967706144654,45,thrust_var,5
Micro,14.298098063790835,-59.60431183423603,521.116090775358,0.4085708597912004,0.3317687161276321,0.0,45,thrust_var,5
Micro,14.448771803701325,-58.836508251698234,522.1565364161323,0.42191158515477084,0.3625553361807427,3.921981285903486,45,thrust_var,5
Micro,16.438839813057694,-58.95338664071976,519.4167558801284,0.4763423855300934,0.5045647359103189,0.0,45,mass_loss,-4
Micro,14.843374832022517,-58.641130547848,517.8471982291405,0.4958447996156381,0.3666378293068126,3.393480497283132,45,mass_loss,-2
Micro,13.98105000498816,-59.29894210858334,522.0911588378789,0.4129052522277079,0.5082804258117163,1.1735493993006878,45,thrust_var,5
Micro,14.440982076495013,-58.9972026287152,522.3009333356969,0.4738869671528277,0.5730033699093887,3.1272658121712626,45,drag_change,-4
Micro,14.316696771326832,-58.91147121409228,524.7185488121613,0.4379015518953971,0.34798159134759477,0.2552616811169206,45,drag_change,0
Heavy,9.771570090420061,-33.610691685553824,919.6878812176166,60.88045012812457,0.3692136095009427,3.312034601412036,70,thrust_var,3
Heavy,9.800609350686576,-33.28832754518876,919.4633706620089,64.25102461809513,0.3881659660466484,5.965881054826342,70,mass_loss,-5
Heavy,9.507710025199293,-33.3169311852636,922.5716830000468,75.3561060988837,0.2919827891597013,4.393300858926478,70,drag_change,0
Heavy,10.533937322144956,-32.479921813258144,920.4381148506094,71.74932205731376,0.4509842950784923,1.7118546460068726,70,mass_loss,0
Heavy,9.951466591047167,-33.2545803723366,923.7182521731266,71.58494948558636,0.4543476782324225,5.679092096514651,70,mass_loss,-5
Heavy,9.659088282853697,-32.994332550285876,915.1597021549661,71.68671395703723,0.4662388908194639,8.190720106092359,70,wind_gust,0
Heavy,9.932622859076275,-33.19873520525019,922.0428978540077,69.13558702563687,0.3362620108158399,4.00833279596222,70,drag_change,-5
Heavy,9.133842872105854,-34.24276748326984,919.5793191209874,73.12184867377928,0.4323908367728331,2.2976791626856157,70,thrust_var,3
Heavy,9.959101246584304,-33.435241602859435,919.2114230826676,75.49753038447955,0.3681428215882031,19.82422434518884,70,wind_gust,-9
Heavy,10.169238892279004,-32.79490896059181,922.9240356987159,77.41276123753377,0.4809909018820526,21.810854690390094,70,wind_gust,-7
Heavy,16.752486706158432,-58.85725649786435,1100.8165087601517,54.914898264539055,0.5641745470895484,8.230259940834127,12,thrust_var,0
Heavy,15.304370613616342,-58.64712522593179,1099.7210575179472,68.2158338255921,0.8324616198735487,6.599354896951383,12,drag_change,-2
Heavy,16.448489378751262,-57.9812374569963,1101.2799893448243,62.397680305416394,0.5556442245696158,8.871757905286865,12,thrust_var,0
Heavy,17.961899639941894,-58.39773072192754,1099.2528325875628,67.3170051694329,0.4718569261561145,9.947566842755377,12,drag_change,4
Heavy,14.25039768810373,-58.56007367292241,1099.512059867463,65.32238225960026,0.5380342934053917,6.719931525287546,12,mass_loss,2
Heavy,15.792501413558307,-58.14957980927474,1103.6430785780544,70.62825898129056,0.4485561130544791,22.05299816077608,12,wind_gust,2
Heavy,17.159444902876324,-58.94106851324372,1101.8559409986046,70.9947627820836,0.569570675615417,7.487850805964727,12,mass_loss,2
Heavy,15.672063947351486,-58.658599195775906,1096.8660959318718,50.6034645059794,0.6254884395018756,7.858394475014037,12,thrust_var,0
Heavy,15.970377481840176,-58.9273948282937,1099.3838618991988,64.27877855761291,0.5248164966092657,19.543613999232157,12,wind_gust,2
Heavy,16.849063666144705,-58.4706642314862,1102.805368307514,67.37493145531847,0.40057702964075215,8.70932705042999,12,drag_change,4
Medium,12.691977217096772,-75.54431021500544,1065.6672821601,5.505117564437345,0.5255674140092721,26.97581326643406,91,wind_gust,-2
Medium,13.191575046146973,-75.7580388657337,1065.8725471460048,4.764602218842918,0.5605592895742975,14.747282173490728,91,thrust_var,14
Medium,13.026635502505073,-74.98987540061628,1067.4776192614506,4.8298546502633295,0.5855569231010368,11.53340687506154,91,thrust_var,14
Medium,12.413281248584187,-75.11813886817114,1066.1822344385816,6.262275686829447,0.45960864899535625,27.183037763326404,91,wind_gust,-4
Medium,12.338773616295006,-75.20867566695657,1067.3476222000577,5.934897149049362,0.5592826959332056,25.93839897268172,91,wind_gust,-1
Medium,13.267696879666772,-74.69000188339926,1066.2356081961957,5.843803678323619,0.511175999341714,10.472882469896799,91,mass_loss,-16
Medium,12.407359238911841,-75.03489625394654,1066.9485565502582,6.26263382211542,0.7505457077617218,10.848784920991703,91,drag_change,-8
Medium,12.49303754068461,-74.81799229281424,1064.4806379578054,6.448043292782628,0.5061016774514084,8.577700393839446,91,drag_change,2
Medium,12.8850361898513,-74.66542500043333,1065.2873439604425,5.920357852574573,0.6030306945484915,8.766961133068028,91,mass_loss,-14
Medium,11.981603131503858,-75.01618672569423,1062.4040100994423,5.80505131110719,0.3835669218824429,8.736650870629267,91,drag_change,-2
Micro,13.243076181520395,-82.14738771668063,783.4257528089073,0.3868430880445676,0.6131031241576641,23.9265539065497,50,wind_gust,0
Micro,15.529193464792172,-82.72396424568872,777.3433833938714,0.30017193334849523,0.6834431222364402,1.5894454079083138,50,thrust_var,10
Micro,14.890861058743997,-83.11993254673764,780.4236245629669,0.3673836654920872,0.6168443848187805,6.099749236065263,50,thrust_var,0
Micro,14.70418848432907,-82.63424529833935,779.1973191947698,0.3735253696903082,0.7024841638201678,11.707836942214438,50,wind_gust,0
Micro,15.548585607854505,-83.27440791863035,782.4088224207557,0.3425333720996784,0.5544888369188425,7.336405948066565,50,drag_change,0
Micro,15.376250028947274,-82.45955033659064,780.1734753247068,0.35230141418573147,0.6281518769394091,5.3439894171246305,50,drag_change,0
Micro,15.753517869466977,-82.81744767519974,782.0989842119785,0.3548905377998831,0.6147101722162794,5.505960089484744,50,thrust_var,0
Micro,16.14580430348871,-82.74894144466225,780.0646333404046,0.33724327664860637,0.7357827199254235,3.0090628081666324,50,drag_change,-10
Micro,15.872001761322792,-82.09513500987292,777.8670491660732,0.3605931359723404,0.7299529115443734,7.645783481094362,50,mass_loss,-7
Micro,14.029044974635742,-82.28729586400861,779.3276735998539,0.3790144292471833,0.711749494242983,10.287769680675604,50,wind_gust,0
Small,17.893843219411565,-55.44114039128089,782.6680066499175,1.146824348676369,0.5291842336415901,0.0,40,mass_loss,-7
Small,19.453855975113953,-54.84608268723347,782.4068976009753,1.031592666027618,0.8300240852476561,2.5690393459679823,40,drag_change,-5
Small,17.919414807652434,-55.16861383837253,785.5597763682434,1.0536835282255446,0.6489881972763931,0.7704759445064748,40,mass_loss,-7
Small,18.595110418071418,-55.10736834175364,783.4118163426779,1.254668189501274,0.6320749286416021,1.472495548677541,40,mass_loss,-10
Small,18.72460530220561,-56.25606948524041,786.4165347751277,1.241271955102196,0.6547318900893311,10.758848654073608,40,wind_gust,0
Small,19.304350294135993,-54.852810266853105,783.6276529826321,1.02232650844477,0.7300644228057577,4.962418491823787,40,drag_change,0
Small,17.607318880412407,-54.69055552098063,781.1512629569122,1.0651951990289301,0.663697610453926,1.1297180989242457,40,mass_loss,-10
Small,17.795187062253387,-54.61366171666004,786.6614452052978,1.1870939271729335,0.6168150651987407,0.2652396984490628,40,mass_loss,-10
Small,19.12346679279797,-55.31048309746803,786.7403022138777,0.9344137591706237,0.6564766967129068,1.9753127598361515,40,thrust_var,3
Small,18.5487288190848,-54.251716832574864,785.411416835697,1.017411409069023,0.7503693009555653,14.224983212410306,40,wind_gust,-5
Heavy,15.720683268796718,-30.067763903346655,876.4631520051493,78.86556069112162,0.5655661157282446,11.399084086548967,14,mass_loss,-4
Heavy,14.25011957690203,-29.97798545242069,879.3651967417171,79.79012703105202,0.5533682671219938,19.41122832529975,14,wind_gust,-4
Heavy,15.442257251021537,-30.383192790287843,877.8999822228101,87.68607417193319,0.5087614735005572,17.22400070218227,14,wind_gust,-4
Heavy,14.661215515021878,-30.355992743892372,878.5696368968134,83.36914464757703,0.733791938283789,20.738304060597287,14,wind_gust,-4
Heavy,15.545935314340198,-29.91527691620241,881.4350602809559,85.21654663194506,0.5589018554913378,12.340475286310035,14,mass_loss,0
Heavy,14.245058875421691,-30.75111922129528,875.3244606603689,83.70131850800304,0.4888376431022205,10.337449926363265,14,mass_loss,-4
Heavy,14.042883554383982,-29.977609801859455,877.1066697395306,78.73263280898233,0.5074296528331057,12.103099589238614,14,mass_loss,-2
Heavy,14.980006358186142,-29.23224349442231,878.5416602532595,81.5521677201579,0.6323380069642989,12.617693910049304,14,mass_loss,-2
Heavy,14.869787638245874,-29.646910648498164,876.4531110318928,61.161422267722536,0.5390033032443056,13.28639980172171,14,thrust_var,0
Heavy,16.419959508271056,-30.028071251909623,878.8877104045005,83.51057114026644,0.648931737397366,11.33151592055766,14,drag_change,-4
Heavy,10.344715814906307,-78.2448299014337,1185.1578837862346,96.31560874282137,0.4118923522882848,6.67914249859755,123,mass_loss,-20
Heavy,9.71200730938932,-78.76928008216233,1186.1918953044344,87.92550534992047,0.48904791579951945,17.949947623744087,123,wind_gust,0
Heavy,8.780088631205166,-77.8524979488247,1185.6412333070743,93.16844816484326,0.5401202105216724,19.649522720761226,123,wind_gust,2
Heavy,10.010992037696964,-78.20557397932025,1186.646608130943,85.12809864835319,0.5224997332850672,5.022189603970405,123,thrust_var,0
Heavy,9.095469350220455,-78.57352582859195,1182.642624064981,87.5840082194769,0.6250539754888047,8.215042291343138,123,mass_loss,4
Heavy,9.586006636035009,-77.72162509435486,1182.2204609216822,92.7802443276629,0.5340429938014711,6.666346668414959,123,drag_change,17
Heavy,9.305558596927593,-77.82741088397924,1182.314286484527,75.85727573967687,0.4576290126455211,6.7533637278698215,123,thrust_var,7
Heavy,9.958878992524843,-77.93324620903152,1182.5322117952192,85.8454313322267,0.45660636703366675,8.354084297384043,123,drag_change,-3
Heavy,9.261765352571349,-77.78337234960777,1186.8767191194236,88.41977567488578,0.6276684952256907,8.147296968052595,123,mass_loss,-30
Heavy,9.387630506628682,-78.74669777935074,1182.8878268617768,86.84688059305452,0.4719357482805683,6.523274376016652,123,mass_loss,-33
Small,12.16647143984273,-21.057352179268836,788.5759067995368,1.5474948658770018,0.4034518090016661,1.9844339237081192,60,thrust_var,0
Small,12.230098572655994,-21.08263285768431,787.0701096157313,1.4029783097465396,0.4506821529049216,1.8427320272993357,60,mass_loss,-17
Small,12.326875123103983,-20.996712409323816,789.0444580822885,1.2717246810469425,0.5365191467126454,2.326337695195833,60,thrust_var,3
Small,12.210313547734414,-20.60973470662334,786.8206273587191,1.5261516560405297,0.5541372953539274,1.9310538991926411,60,mass_loss,-7
Small,12.698660907803355,-20.591357853220355,785.7805018477492,1.4209341808991327,0.45658140966417543,3.165668731443245,60,thrust_var,0
Small,14.17863122095753,-20.477452720668843,788.8217085144076,1.2730712897157275,0.4695154587388035,2.9009056249872094,60,thrust_var,3
Small,12.394879403728876,-20.47615296627821,789.0754250484396,1.486993213948977,0.4452678469118472,1.2116725230739185,60,thrust_var,0
Small,14.120262746033992,-20.896717619931675,785.8222795037542,1.3182786244711195,0.4563540440488664,16.54122794533758,60,wind_gust,-5
Small,13.670387815799259,-20.66066321634307,786.1538218802732,1.5501239012348114,0.5322541269865014,1.752412099743594,60,mass_loss,-10
Small,11.957877748770489,-20.82715709267429,791.5235532815341,1.4421116286591567,0.5022571969128433,21.722519792543768,60,wind_gust,-5
Large,5.75256957664027,-42.80485339330628,678.6007575020474,28.538558089470552,0.6128769277067216,21.588707281529647,10,wind_gust,2
Large,5.993093447715709,-44.25063549771875,681.3643183475584,21.611615840515395,0.633215142434663,11.35377708301322,10,thrust_var,0
Large,6.048299587047644,-43.2632169076348,683.0263508877315,26.558153450909654,0.5788001009816184,8.012559489383342,10,drag_change,4
Large,6.511567252854391,-44.03472646404364,682.5650880681475,26.845207873088093,0.7924653237139927,7.115799642111157,10,drag_change,0
Large,5.983907481637307,-44.55995311469176,679.1127861364545,26.926675306106297,0.5335765091770315,9.506350225673625,10,mass_loss,0
Large,6.010362052443984,-43.71940586608693,680.4524251102914,29.93268324908508,0.6752191416351723,8.001456265946787,10,mass_loss,4
Large,6.274096658441036,-44.6367350157525,680.5144430591134,28.484570554992413,0.7342151498256442,26.96834542931065,10,wind_gust,2
Large,6.053657092278251,-43.86084629325727,684.720016355169,27.948027407525803,0.6334591914931677,18.880925328087034,10,wind_gust,0
Large,6.27711728156077,-45.01177773730225,682.4529701211558,27.444074518839077,0.5203897690629511,10.281092788463107,10,drag_change,0
Large,6.118477650077738,-44.75230355900457,680.1759439555183,28.264123430426686,0.5721651667695542,7.722938143959063,10,mass_loss,2
Heavy,13.87791711799747,-45.81505291986536,926.1269804741021,85.03344774020069,0.6266707452287484,4.944966567857488,70,mass_loss,-7
Heavy,13.882012772714612,-45.97280906680965,920.5782969811911,74.11493114769713,0.5261975747378658,9.850479679835283,70,thrust_var,10
Heavy,13.99386874341827,-45.892862344360445,922.9789032665374,84.59474249952267,0.6644959048896261,8.922861252891899,70,mass_loss,-5
Heavy,14.21434261977962,-45.51588802973058,925.307868574329,80.39269783487046,0.4449007819558174,11.723960495786242,70,drag_change,-5
Heavy,13.245183730293412,-46.04974340755907,925.1124583141057,86.36103199316727,0.6249286799687117,6.923931828032126,70,thrust_var,0
Heavy,13.428644418206812,-45.68871111994291,927.3885526203326,89.00695185470654,0.5080521701697575,6.886468214269205,70,drag_change,-5
Heavy,14.30199363539984,-46.31247224780655,922.322734148038,79.22291686564107,0.6022222412769365,3.215295988667619,70,mass_loss,-7
Heavy,13.851819019326735,-46.121981066307484,922.6351784838821,90.06585460053155,0.5182614487409768,10.265058035388428,70,mass_loss,0
Heavy,14.10464005061617,-45.81730356674667,924.4464647805711,83.85253639493276,0.48232972299389654,18.2600711679,70,wind_gust,0
Heavy,15.17076167485327,-44.62763702165122,922.9315841782533,80.93766084801462,0.5093247596097561,8.662154547022794,70,drag_change,0
Micro,17.13738184914705,-77.8073363257556,763.0453980086135,0.4182074535154423,0.46497753138827047,10.221443506697996,50,wind_gust,0
Micro,18.974395898171764,-76.41153258837292,764.0494084369449,0.3854539285681088,0.4536924066983633,0.0,50,mass_loss,0
Micro,17.535739176206363,-78.55065071576509,760.8287542293684,0.4369546446177438,0.46360552388084686,2.9361380554817864,50,mass_loss,0
Micro,17.264486821766532,-77.52711851606824,766.7071704970058,0.3598724539970472,0.4062418130931828,1.259810901504078,50,thrust_var,10
Micro,16.875823809355587,-77.19596736358905,766.2400827395819,0.41185678240827195,0.423495751289036,1.4706892576901471,50,mass_loss,0
Micro,15.882715100912003,-76.0433914380047,762.2872178736204,0.4353345765291275,0.4932946584139969,0.0,50,mass_loss,-7
Micro,15.391452913910348,-78.01278582448249,766.5601485551081,0.40114281375101213,0.4982766099139506,1.8458788245785223,50,drag_change,0
Micro,18.244717653695414,-78.43972438076642,766.8261734124317,0.4378162616425244,0.44615245165033235,2.277996983910466,50,drag_change,5
Micro,15.841221148511114,-76.45631185509652,766.6771485573508,0.39344956495640643,0.5212792561409132,0.1705623877123572,50,mass_loss,0
Micro,16.346079829689263,-77.93112371177524,763.8863905248146,0.4201636410575561,0.4983352509503969,1.4252534462918622,50,drag_change,5
Small,10.197830595020267,-75.41023393626325,908.0029278478899,0.9966091187417261,0.4666093884144496,14.301833243732016,70,mass_loss,0
Small,10.25362565840336,-74.8204328048206,908.6678715012563,1.0128912816103406,0.507088160595786,13.613663803542638,70,thrust_var,3
Small,10.72202146864709,-74.6629712403915,908.6655718445768,0.9672108280884482,0.4297300969359831,20.880420930572246,70,wind_gust,0
Small,10.96384788378077,-74.08271861326142,909.9431528728971,1.0059162845138632,0.4678288776160924,11.901527023983473,70,drag_change,0
Small,10.816722756846604,-74.77327002670414,909.18325657352,1.0086089395616131,0.47307761316169267,13.96914068409713,70,drag_change,0
Small,10.932616773235662,-75.37525013715378,909.9967426726002,1.069841738536404,0.475171067097587,22.942665318321918,70,wind_gust,0
Small,11.27346038108719,-74.27766329036945,910.7004500192779,0.8777535729153665,0.510596156222582,12.935686995462373,70,thrust_var,3
Small,10.566405977298205,-75.61544317214185,909.1860571422717,1.0132094632456832,0.3798951590713529,10.51358977989449,70,mass_loss,0
Small,9.881437126366567,-74.82371554857436,910.2719182352447,0.9216465792809746,0.5829407660290552,14.847116892078088,70,drag_change,-7
Small,10.197862521815678,-74.29646910985525,907.9651203943924,0.9179221306356689,0.4142938683797716,15.778327304642017,70,drag_change,3
Heavy,9.589785127416965,-26.09717847867708,810.4000507190038,60.51947271718188,0.6325105129522097,2.116114507903789,12,mass_loss,6
Heavy,9.0070053898803,-26.47541284666132,817.2983089468785,59.95486626788434,0.6635755567656191,0.7928573084186707,12,drag_change,6
Heavy,8.337147943403481,-26.337050054513558,810.8451595233041,64.22272029483203,0.6918276404153311,16.07446822430137,12,wind_gust,2
Heavy,9.480356885840711,-27.219494661489506,810.22670055152,61.13357197047021,0.8477479060800807,6.220155307842327,12,drag_change,14
Heavy,9.043763232262021,-25.588939646167802,809.1612905025211,62.243726572210505,0.7317542101420226,3.473170894330958,12,mass_loss,-2
Heavy,8.658079905609677,-26.93222044499605,813.4325252146083,48.894900217450065,0.7540060738378126,2.6734886445621493,12,thrust_var,0
Heavy,8.136657372476133,-27.147368725606334,811.0255612907195,64.6272045688659,0.5721163813073163,18.08961188434482,12,wind_gust,2
Heavy,9.524162337428123,-27.07428654965503,812.4388950331144,54.90625036820688,0.6640870914125416,2.611115198378808,12,thrust_var,0
Heavy,9.034284861592079,-26.156661751361707,810.0597067152939,60.5601535995516,0.7320663134922104,0.8519996589887793,12,drag_change,8
Heavy,8.758490878472688,-26.35473536238197,811.9427221074054,61.12347169516379,0.526832773859117,0.0,12,drag_change,0
Medium,8.200941287607513,-40.15565393530906,1196.4827427162427,5.987755946441382,0.4790052212105199,3.4136319464011255,121,thrust_var,19
Medium,9.154170731367628,-39.75650566220502,1193.9605805709414,7.190096978466188,0.5482879990448639,3.426605752483436,121,mass_loss,-4
Medium,8.870112493726667,-40.32755695229186,1191.9265327948797,8.126651062983155,0.7688724322109415,4.328653504561072,121,drag_change,-10
Medium,8.996762848350217,-39.715127073310896,1196.1816902291584,7.3845072267457805,0.5641569781307678,12.633124393887497,121,wind_gust,0
Medium,9.597291551797094,-39.309989675266834,1196.2146549840331,6.784589405099338,0.5445576372506111,1.848688683673934,121,thrust_var,19
Medium,9.944387126797173,-39.69081442737333,1197.0376703202762,7.192451560480864,0.4974087309180687,1.9277497626474507,121,drag_change,4
Medium,9.598985316376595,-39.530622360414796,1198.3939852432836,7.875840841563709,0.6004925545972535,4.971167395377609,121,drag_change,-2
Medium,9.099346621942239,-39.91993802648153,1190.4789003295482,6.443935482908859,0.6256503432509151,0.0,121,mass_loss,-24
Medium,9.368487391382263,-39.69930758783495,1190.2994604803314,7.104934866161792,0.7444982886853612,3.670139024919137,121,drag_change,-11
Medium,9.481665457706656,-40.26281683733433,1194.1905031150977,6.8888557481149375,0.5836916916543216,2.512809992883616,121,drag_change,0
Large,16.631294347633947,-76.8723777254954,1062.7484533845109,15.484990829334075,0.549355731946262,14.86749158534781,10,thrust_var,0
Large,17.230728700733422,-76.7836700310773,1066.6571109359854,18.24053192199565,0.4816845742737616,12.336615155410241,10,mass_loss,0
Large,17.40088759427401,-76.37311899576615,1064.319578349212,17.689625318291743,0.49358961991693434,21.875215278481953,10,wind_gust,0
Large,17.70578280142001,-77.10884926959577,1067.0617471058572,18.396769308803098,0.5002440300937072,27.95003730744344,10,wind_gust,4
Large,17.656408893378163,-78.26611239905596,1064.5755924741077,18.82323365071279,0.5041320979370386,13.515078821075985,10,drag_change,2
Large,16.877516515114845,-77.92495689842617,1062.6348175457163,17.10019485304891,0.47966043720999546,12.392012424893867,10,mass_loss,2
Large,17.442707932027904,-76.78309889000096,1065.4088846188042,18.59334709575507,0.42588935050247595,33.48969374783832,10,wind_gust,4
Large,16.479694344877146,-77.5234558034583,1070.041203505145,17.46024999305017,0.4116884130608314,12.45773020962546,10,thrust_var,0
Large,15.981373466321296,-78.21616787226176,1071.3440710803707,15.072863394144843,0.4499722434845188,13.620522681529813,10,thrust_var,0
Large,15.439584338942318,-78.15769477924582,1067.3768746940186,18.792490631853678,0.414028656142952,17.565062341125326,10,drag_change,6
Heavy,12.594811770240165,-66.38983616982961,1191.9248724201675,51.395067341599166,0.5009358014282763,6.570308232984602,41,drag_change,0
Heavy,12.600829447308518,-65.70125138922958,1188.5512200286762,45.74603771134361,0.7130583877062514,11.968411822866688,41,wind_gust,4
Heavy,12.489566515783087,-66.15072979213977,1188.7831664243458,43.042225876832276,0.6300012438239125,13.193732426506667,41,thrust_var,2
Heavy,11.549847984425586,-66.22884349842518,1190.3043861650756,48.796436952458656,0.7102031571701992,25.79938461792203,41,wind_gust,8
Heavy,11.961793018147917,-66.43563318782628,1190.0077996784564,43.954589379679014,0.7241004994353474,5.937150101032376,41,mass_loss,2
Heavy,12.774204954296437,-66.68926866397098,1188.3451718954775,46.385578776721594,0.7376305515577957,9.8526118797018,41,thrust_var,0
Heavy,12.503589236045203,-65.74968861402681,1190.74374822164,49.604639480206814,0.67361265150327,8.458588969601434,41,mass_loss,0
Heavy,11.887453873195982,-65.5471753100615,1190.4465461403047,42.18413536001185,0.5754716643400285,9.245610675597934,41,thrust_var,0
Heavy,12.859689050827145,-65.75420596210716,1191.4531334086946,46.394221095865745,0.7013354281106499,28.17007280900398,41,wind_gust,8
Heavy,11.296874664113188,-65.29472869054098,1195.0836268903438,49.57691697681569,0.5089979259726858,8.923570321612598,41,mass_loss,2
Micro,14.119949454212088,-59.63255192308963,677.9383771495606,0.37047599087659555,0.619693894036614,10.1354353902123,51,thrust_var,0
Micro,13.887519239367409,-59.72266729849546,677.6728409206455,0.4432458871995287,0.6418924699547122,8.725530535631457,51,mass_loss,-1
Micro,13.825054954549428,-59.50755030463595,681.1042445366126,0.41167683376962455,0.6690974392548087,12.538749579748558,51,mass_loss,-1
Micro,15.018445081444986,-59.92344280063015,679.1524084438919,0.4441103250506331,0.6420268639417159,5.66766956717316,51,mass_loss,-1
Micro,12.945874505459937,-59.12388193812892,678.617926873226,0.40856607011432516,0.7610245988309793,3.8532962002058206,51,thrust_var,0
Micro,14.238046477881838,-60.25566049676259,680.6202878585126,0.46964599074072677,0.6287121411744218,4.428398593433375,51,drag_change,-1
Micro,13.863701246297026,-59.49347243401891,677.2492268762907,0.45537593716938624,0.6677476573925608,15.659621457119876,51,wind_gust,-1
Micro,13.513272443455762,-59.81421403365119,679.2279308036283,0.4187801021330493,0.7389879966558827,4.260430415697535,51,thrust_var,0
Micro,13.592702752563648,-59.62807883432982,679.085484397502,0.3860462630549257,0.6336727366252093,6.102401652596368,51,thrust_var,0
Micro,13.818195564911468,-58.653847451984724,678.1743441992268,0.4572109883867538,0.7943682831108253,25.11436777897455,51,wind_gust,-1
Small,18.111175255190588,-47.791472911608885,519.955639315236,0.8101603579465543,0.5878391023902488,12.336780533668469,30,mass_loss,-4
Small,19.030463583687045,-48.16412952866691,526.097751840216,0.8758752934100889,0.5922430450626195,16.021772898753483,30,wind_gust,0
Small,17.71784408726401,-48.94858232801518,524.1298762517083,0.7691560440272548,0.38506284617761855,8.74945953421372,30,drag_change,3
Small,17.51972545787679,-49.09487345214442,521.153257039027,0.7277542453137176,0.5985471523749623,11.203718587670412,30,thrust_var,3
Small,19.573175293919498,-48.240473766981275,523.7660552649993,0.7592825781880937,0.5766431393619952,11.77308415161362,30,mass_loss,-4
Small,17.401003892099656,-48.53653243973166,523.8218027779502,0.7157670199269117,0.5950993959852746,9.949188871770723,30,thrust_var,3
Small,18.163522370504957,-47.54723044237086,522.2943964142273,0.6905243239331248,0.5545536221730568,10.866688521566896,30,thrust_var,3
Small,16.896956783908667,-47.761768325066065,522.87510551815,0.8420967353625923,0.5463174560210179,8.045662286880436,30,drag_change,3
Small,17.523944789850358,-48.506742721048305,524.3312371362406,0.784868375149021,0.46923080724157196,5.754523144479528,30,drag_change,3
Small,17.56287018690511,-47.77382607496267,528.1553713691403,0.7652599793845585,0.6247036350041314,8.635462282026992,30,thrust_var,3
Large,23.910630482979226,-60.697967422177356,697.2954041284005,18.014785422567154,0.632927230445438,6.609859701456411,14,drag_change,0
Large,21.951267775426807,-62.229910608340305,695.5377269878109,15.95666064221686,0.5176022999278951,6.571515430643296,14,thrust_var,0
Large,22.14191684636619,-61.55171972052188,697.8600162309668,20.641011736538296,0.8937446707334621,9.181734000366566,14,drag_change,-2
Large,22.501109637510634,-61.62673225571886,696.7098464954843,15.61031087970907,0.7087016153725765,6.696672439624702,14,thrust_var,0
Large,22.22387494673338,-61.43915655443148,695.4881148758559,17.056848317059536,0.5733121560419907,6.145741014570665,14,drag_change,-4
Large,24.53498566731046,-60.800263293506625,698.3351720054342,17.274177798963837,0.48694888091351435,7.48289450190401,14,thrust_var,0
Large,22.644186961241292,-60.93199436144025,694.2338817181012,17.761508421427347,0.6214915640897476,10.785421701627278,14,thrust_var,0
Large,24.52491623128127,-62.070513299298696,697.2290314514972,18.53922624540658,0.5085751248624732,12.963016790270164,14,mass_loss,0
Large,22.147682798232008,-62.332586185630454,697.6328944659431,16.67892063582341,0.5583202671456485,7.8470133561019635,14,thrust_var,0
Large,23.229505265757513,-60.67666182449573,700.5709018823576,17.98412662176504,0.6030245724682461,7.515456540236549,14,thrust_var,0
Medium,13.533322014642966,-58.015940991375146,912.4407689441058,5.145252114420643,0.44034913660658426,9.201712564960488,77,thrust_var,0
Medium,13.169501916732226,-58.977773833616155,915.4314613763004,5.587275380262821,0.5159082850336144,8.144454267458682,77,mass_loss,-10
Medium,14.405756796648962,-58.343359671525306,920.2407059007011,5.478286967845273,0.42411193540824277,7.888146808007445,77,mass_loss,-7
Medium,12.555180838782084,-58.38157713835442,914.3533335972601,5.704575316724246,0.5052257300905332,12.096856319762317,77,drag_change,-4
Medium,12.972792035187876,-57.31726608095211,912.7611190902646,5.578952739782405,0.5517463092257511,10.704592171473506,77,mass_loss,-4
Medium,13.842068596330321,-59.13116037072739,914.9535663327974,5.350555582378743,0.4540132721834936,9.533699380654747,77,thrust_var,0
Medium,13.59288347529903,-58.72230831458743,917.1126359938862,5.287960247513845,0.4617199548944924,11.89998436672175,77,mass_loss,-7
Medium,13.723942382815427,-57.70519142913001,915.7213491191148,4.99899601997235,0.5100048206122957,10.66967521127871,77,thrust_var,6
Medium,12.537391155236897,-58.54556782466226,915.2459039546302,5.717734874457529,0.36244328373217727,12.734824519021366,77,drag_change,6
Medium,13.102497012063521,-57.97980218256805,915.9068227472167,4.630254531427649,0.5345414736313716,8.599474942097677,77,thrust_var,6
Large,11.573028372532153,-39.76240170029018,634.8190175355262,25.40948114351052,0.681008282585275,7.8048592731059445,12,mass_loss,2
Large,10.269362286022828,-40.34113988509423,631.0623475888162,23.624022374985255,0.7923934969677693,8.090619749510552,12,drag_change,0
Large,10.297616694538293,-40.04481471363844,634.6778795720998,24.39456857962091,0.7104716612790398,7.458269149824278,12,mass_loss,2
Large,10.595923390502621,-40.266595032140174,635.4888112109201,25.271370783264786,0.6409450614194465,6.829274880133363,12,drag_change,-2
Large,11.726642736715794,-40.70024531582002,633.5306978529535,18.250679573579372,0.6936838021906687,6.1879477074731195,12,thrust_var,0
Large,10.699403722392004,-40.165540843041384,634.8430453274083,24.840100088028574,0.6092901357314262,4.419030175712275,12,drag_change,-2
Large,11.79997992409849,-38.70872555842976,633.8496741190028,23.09573733353205,0.691868662269052,6.915592007571649,12,thrust_var,0
Large,10.287422505073936,-40.00084818363301,634.2326126612115,26.163257232911644,0.6728165505902537,9.08586073243226,12,mass_loss,-2
Large,10.67931335969574,-39.44295972618391,636.4657233920041,24.51479522573514,0.7007203175287086,8.200444971870692,12,drag_change,2
Large,10.252433276475468,-39.98581544815525,632.7629952426327,19.984560654417262,0.5757640351057206,10.154397352646646,12,thrust_var,0
Small,12.047771621175329,-38.83329248840783,978.9812602503683,1.3416243884745596,0.602493374520172,1.7968622010115873,65,drag_change,-5
Small,11.913530362087018,-39.28747749471772,978.8212654670316,1.34553270944598,0.6029225057228873,14.354030364308729,65,wind_gust,5
Small,11.663023837403967,-37.630034655545884,976.7658965096912,1.194022056459239,0.6280693565506322,5.167843956929936,65,thrust_var,5
Small,11.470842553213664,-38.80703191079935,977.6286807906497,1.148156003708793,0.5521207013924166,5.319509384216188,65,thrust_var,5
Small,12.082846369718906,-37.585926385123386,979.4441246614936,1.378039869430661,0.5676432996827666,21.624703115065593,65,wind_gust,-2
Small,11.365741954387822,-38.633106517432005,977.8090510993161,1.129785922207376,0.694301672514898,0.0,65,thrust_var,5
Small,11.08332918506817,-38.32588964613814,976.9415440874667,1.1843137228657867,0.5230794320180576,3.9165935950949056,65,thrust_var,5
Small,11.42723367087743,-39.429627189693306,977.0253404051282,1.3102925315743126,0.4982709107994845,7.7573147128442415,65,wind_gust,5
Small,10.298503387223466,-38.92455702286331,981.1186192421804,1.3204419339637055,0.5702361357435902,3.737672885891444,65,mass_loss,-5
Small,10.621444740583048,-38.32314262546195,977.6110182663527,1.3126416470271836,0.5571160604755063,5.892850701801452,65,drag_change,5
