run_number,stable,apogee,flight_time,landing_distance,landing_x,landing_y,landing_vel_x,landing_vel_y,landing_vel_z,apogee_vel_x,apogee_vel_y,apogee_vel_z,apogee_tilt_deg
1,False,36.17400581607362,5.565095788739685,61.373531728785636,-19.414479967886642,-58.22188904905771,-3.1065625593809476,-8.66849907829492,-21.819064803764856,-3.811514540937241,-11.619489681955223,1.8101712197028765,131.3939393546707
2,False,25.289761538792167,4.765170605744109,33.4633726719735,1.288787371206575,-33.43854568750264,2.094859619885925,-5.901257684417581,-19.552332773786382,0.2891760810450636,-7.634370078298077,0.30268579815126984,54.90833239976581
3,False,23.325146266228355,4.62182627508298,31.715570957868245,-5.945204004213452,-31.1533624273827,0.7834248040130616,-6.093234932523425,-18.654481129458127,-1.1976742986545947,-7.370533726345725,-0.471349869501038,131.52123903332122
4,False,39.89632505667229,6.063892480982741,57.91740068277411,-24.095629312959275,-52.66712399458946,-2.7128532844644577,-6.674074134588926,-19.4485546218288,-4.4846610735113135,-9.534664223139,0.3267818551978564,87.0903680109392
