Type,Landing Velocity,Success,Total Fault Intensity,Dry Mass,Propellant Mass,Diameter,Thrust Average,Wind Speed,Drag Coefficient,Air Density,Initial Altitude,Initial Velocity,Landing X,Landing Y,Landing Distance
Optimization,0.498986531356434,True,0.0,52.49080237694725,11.802857225639665,0.3731993941811405,1019.7316968394073,1.8722236853092382,0.48119890406724053,1.15580836121682,1246.470458309974,57.022300234864176,-0.44414738158550776,-0.4015520314567355,0.5987578229437122
ML,0.4198435081453495,True,0.0,52.49080237694725,11.802857225639665,0.3731993941811405,1019.7316968394073,1.8722236853092382,0.48119890406724053,1.15580836121682,1246.470458309974,57.022300234864176,-4.526777040153747,1.9316902776351847,4.921700691831373
cvxkerb,2.0530686114746355,False,0.0,52.49080237694725,11.802857225639665,0.3731993941811405,1019.7316968394073,1.8722236853092382,0.48119890406724053,1.15580836121682,1246.470458309974,57.022300234864176,-12.268686961541087,-5.662603087776723,13.512429592415524
Optimization,0.6745261852252037,True,0.0,60.70351922786027,8.798695128633439,0.35142344384136115,1018.4829137724084,0.5574049526399727,0.5715089703802877,1.1670524123687291,926.0206371941118,63.977710745066666,-12.53590126819223,-3.519103862311083,13.020480505710852
ML,0.38154025784484774,True,0.0,60.70351922786027,8.798695128633439,0.35142344384136115,1018.4829137724084,0.5574049526399727,0.5715089703802877,1.1670524123687291,926.0206371941118,63.977710745066666,-0.030048621317401134,-2.3547622407254627,2.354953954961642
cvxkerb,2.017123560333528,False,0.0,60.70351922786027,8.798695128633439,0.35142344384136115,1018.4829137724084,0.5574049526399727,0.5715089703802877,1.1670524123687291,926.0206371941118,63.977710745066666,15.322246962447268,-22.741697908703177,27.421817513595613
Optimization,0.6289630667114756,True,0.0,51.23422152178822,10.080272084711243,0.354671027934328,936.9708911051055,11.635015533174702,0.6050265646722229,1.2439498941564189,1257.9309401710595,56.9579995762217,-3.324812909031449,-5.216760977833308,6.186192365252353
ML,0.3881571346931402,True,0.0,51.23422152178822,10.080272084711243,0.354671027934328,936.9708911051055,11.635015533174702,0.6050265646722229,1.2439498941564189,1257.9309401710595,56.9579995762217,2.9158212288110334,-3.1183607046675546,4.2692138530178845
cvxkerb,2.592177494891079,False,0.0,51.23422152178822,10.080272084711243,0.354671027934328,936.9708911051055,11.635015533174702,0.6050265646722229,1.2439498941564189,1257.9309401710595,56.9579995762217,0.9774472006001389,4.232678907792853,4.344073407118663
Optimization,0.4390347137718346,True,0.0,59.58014336081975,11.085081386743783,0.307404465173409,971.6931457088546,1.3904287143015566,0.6226206851751187,1.2123298126827557,1032.3592099410596,46.27116700572047,2.799996193730297,2.5627408140515993,3.7957369725667243
ML,0.5177348480246722,True,0.0,59.58014336081975,11.085081386743783,0.307404465173409,971.6931457088546,1.3904287143015566,0.6226206851751187,1.2123298126827557,1032.3592099410596,46.27116700572047,0.8859082061472906,-1.5803649110376286,1.811735798000934
cvxkerb,2.509873109315909,False,0.0,59.58014336081975,11.085081386743783,0.307404465173409,971.6931457088546,1.3904287143015566,0.6226206851751187,1.2123298126827557,1032.3592099410596,46.27116700572047,-0.4254558928340225,18.58109018159718,18.58596042859756
Optimization,0.4203342695811048,True,0.0,55.45465658763988,9.710164073434198,0.3025419126744095,921.5782853986609,0.377150228240811,0.5772820822527561,1.1814355981076325,1103.428276465881,63.15132947852186,-2.556207985116951,2.4086926334168672,3.5122641508651284
ML,0.3327156755109859,True,0.0,55.45465658763988,9.710164073434198,0.3025419126744095,921.5782853986609,0.377150228240811,0.5772820822527561,1.1814355981076325,1103.428276465881,63.15132947852186,-2.3647474279440766,2.3632924886292046,3.343229245023342
cvxkerb,2.7154270694247256,False,0.0,55.45465658763988,9.710164073434198,0.3025419126744095,921.5782853986609,0.377150228240811,0.5772820822527561,1.1814355981076325,1103.428276465881,63.15132947852186,17.428228679722693,20.643587041890193,27.01667708784345
Optimization,0.4661078899014106,True,0.0,62.92182599846986,9.272013899887455,0.31100519245276764,945.5870325083883,5.125293463515076,0.6136029531844986,1.2360730583256343,902.7808522124762,55.214946051551316,0.6283578356501942,-1.2266779335172675,1.378249731435196
ML,0.3587038426901874,True,0.0,62.92182599846986,9.272013899887455,0.31100519245276764,945.5870325083883,5.125293463515076,0.6136029531844986,1.2360730583256343,902.7808522124762,55.214946051551316,4.358358283477918,0.40339218747143885,4.376986655688315
cvxkerb,2.181077098866354,False,0.0,62.92182599846986,9.272013899887455,0.31100519245276764,945.5870325083883,5.125293463515076,0.6136029531844986,1.2360730583256343,902.7808522124762,55.214946051551316,-64.6470338818459,-0.8933026464217784,64.65320548386318
Optimization,0.44178597608603853,True,0.0,50.69680988754935,8.14754778941813,0.3609564333979897,1000.5358046457723,0.6177450149998722,0.5057292928473223,1.2408265885966654,995.824756266789,47.89789744182446,7.258775814839849,-10.877259142197435,13.076872438646085
ML,0.4512867630915914,True,0.0,50.69680988754935,8.14754778941813,0.3609564333979897,1000.5358046457723,0.6177450149998722,0.5057292928473223,1.2408265885966654,995.824756266789,47.89789744182446,-1.8062600311186616,2.791072348910446,3.3245541290328333
cvxkerb,2.2565890448114696,False,0.0,50.69680988754935,8.14754778941813,0.3609564333979897,1000.5358046457723,0.6177450149998722,0.5057292928473223,1.2408265885966654,995.824756266789,47.89789744182446,5.182479860067376,-1.836641960337528,5.498304392308273
Optimization,0.47756371728556624,True,0.0,48.73037020799708,8.163100566219056,0.3590892943188242,1035.5128723684566,0.19905394713427382,0.5524186116598562,1.1726495775197938,1158.0691161637799,48.48732858009983,2.8114259351231783,-2.385342083774085,3.6870004943459027
ML,0.35786179378369465,True,0.0,48.73037020799708,8.163100566219056,0.3590892943188242,1035.5128723684566,0.19905394713427382,0.5524186116598562,1.1726495775197938,1158.0691161637799,48.48732858009983,3.3729132626198006,-5.103270697587483,6.117182005630664
cvxkerb,2.578446140503876,False,0.0,48.73037020799708,8.163100566219056,0.3590892943188242,1035.5128723684566,0.19905394713427382,0.5524186116598562,1.1726495775197938,1158.0691161637799,48.48732858009983,-16.735840808051282,1.9222613323344178,16.845873565423155
Optimization,0.5188115172529155,True,0.0,46.862055356117985,11.588863031813307,0.39004180571633307,1026.6202914546536,4.068357492584408,0.5198419149225322,1.222595567887024,1258.844103981031,62.741728485302346,1.5009272269950191,5.620653183505764,5.817604726172829
ML,0.4211723397623378,True,0.0,46.862055356117985,11.588863031813307,0.39004180571633307,1026.6202914546536,4.068357492584408,0.5198419149225322,1.222595567887024,1258.844103981031,62.741728485302346,-0.17906332125392388,0.043824620490729396,0.18434823128970457
cvxkerb,2.4097868922276278,False,0.0,46.862055356117985,11.588863031813307,0.39004180571633307,1026.6202914546536,4.068357492584408,0.5198419149225322,1.222595567887024,1258.844103981031,62.741728485302346,-20.617029691878592,12.444565377872328,24.081717562498365
Optimization,0.44363128812519276,True,0.02,49.744981749936,9.301598792637071,0.3746491405118024,1029.926579809443,10.190680925930135,0.5815225784600687,1.2068308603335471,937.469907131237,52.35431606118867,-5.063158020578445,-0.40898822236339627,5.079649644156555
ML,0.45402103358087215,True,0.02,49.744981749936,9.301598792637071,0.3746491405118024,1029.926579809443,10.190680925930135,0.5815225784600687,1.2068308603335471,937.469907131237,52.35431606118867,0.06065058087025725,6.780373727311427,6.780644982225139
cvxkerb,2.4258201225324223,False,0.02,49.744981749936,9.301598792637071,0.3746491405118024,1029.926579809443,10.190680925930135,0.5815225784600687,1.2068308603335471,937.469907131237,52.35431606118867,12.647463615998246,-17.326889515136738,21.451793309365883
Optimization,0.6428110266187851,True,0.02,50.61544724881712,8.097263865725814,0.3645472295907168,935.4221358814098,11.285503012234972,0.6407857154005174,1.2414864390220448,1048.0634801021777,45.30913233057735,-3.602349437384455,6.18660451942072,7.158980161219961
ML,0.3921826207504779,True,0.02,50.61544724881712,8.097263865725814,0.3645472295907168,935.4221358814098,11.285503012234972,0.6407857154005174,1.2414864390220448,1048.0634801021777,45.30913233057735,1.792470355561768,1.4862815910061895,2.3285151799658985
cvxkerb,2.572937433113883,False,0.02,50.61544724881712,8.097263865725814,0.3645472295907168,935.4221358814098,11.285503012234972,0.6407857154005174,1.2414864390220448,1048.0634801021777,45.30913233057735,2.2038190334625245,5.503745903671515,5.928578017065532
Optimization,0.5765043395527213,True,0.02,64.80107700208526,8.560336060946096,0.3518329652363737,1075.4746143855912,8.889223413050454,0.5894031481990536,1.2202484083987108,1043.796460487902,50.871836885289866,-9.690236681977156,6.1697445572449485,11.487664464737353
ML,0.7609699133736887,True,0.02,64.80107700208526,8.560336060946096,0.3518329652363737,1075.4746143855912,8.889223413050454,0.5894031481990536,1.2202484083987108,1043.796460487902,50.871836885289866,4.349676916521144,2.9699541424892155,5.266907715785965
cvxkerb,3.032979182431951,False,0.02,64.80107700208526,8.560336060946096,0.3518329652363737,1075.4746143855912,8.889223413050454,0.5894031481990536,1.2202484083987108,1043.796460487902,50.871836885289866,-11.360275396782855,-3.481155300113625,11.881679145401085
Optimization,0.44411825618392864,True,0.02,56.565602819923484,8.143769095186968,0.346559801813246,1008.5289269415154,3.438495025539413,0.5681666521138021,1.1530500249939049,914.9392754996858,61.45201121319317,3.572238364893859,0.2942967564083369,3.584340597160379
ML,0.35496041633998976,True,0.02,56.565602819923484,8.143769095186968,0.346559801813246,1008.5289269415154,3.438495025539413,0.5681666521138021,1.1530500249939049,914.9392754996858,61.45201121319317,0.17577223308982254,1.939983929368279,1.9479305747722557
cvxkerb,2.4820254481626303,False,0.02,56.565602819923484,8.143769095186968,0.346559801813246,1008.5289269415154,3.438495025539413,0.5681666521138021,1.1530500249939049,914.9392754996858,61.45201121319317,33.45932527649112,0.2748617182454126,33.46045422468431
Optimization,0.4400067825018191,True,0.02,51.45912945882492,11.180744779074814,0.3270832251262074,987.7942841411273,0.9414765761071915,0.45507014868309154,1.2462648414677926,1234.3920482048823,58.919484121873964,0.9252696099399023,-0.9940698752561197,1.3580496191119293
ML,0.3504752314379168,True,0.02,51.45912945882492,11.180744779074814,0.3270832251262074,987.7942841411273,0.9414765761071915,0.45507014868309154,1.2462648414677926,1234.3920482048823,58.919484121873964,-4.378717218224915,3.187492312598848,5.416019915035034
cvxkerb,3.3808870036689944,False,0.02,51.45912945882492,11.180744779074814,0.3270832251262074,987.7942841411273,0.9414765761071915,0.45507014868309154,1.2462648414677926,1234.3920482048823,58.919484121873964,31.363880731942743,15.259064029963854,34.87881949891747
Optimization,0.495557553548706,True,0.02,53.3920012485558,8.990923958004629,0.33559726786512617,1051.5692220928738,0.17272186355707042,0.47321452810138326,1.154600264202175,916.2915209275881,62.10921168022014,-0.06800791732360287,-3.26217244303387,3.2628812612334306
ML,0.38062025750692874,True,0.02,53.3920012485558,8.990923958004629,0.33559726786512617,1051.5692220928738,0.17272186355707042,0.47321452810138326,1.154600264202175,916.2915209275881,62.10921168022014,-2.643013377282741,3.2684752486355553,4.203385559693373
cvxkerb,2.0458103734537847,False,0.02,53.3920012485558,8.990923958004629,0.33559726786512617,1051.5692220928738,0.17272186355707042,0.47321452810138326,1.154600264202175,916.2915209275881,62.10921168022014,10.691903717697732,0.4727489308724542,10.702350053149992
Optimization,0.4735921865995127,True,0.02,62.12979682376644,10.63477452647578,0.31629344270814297,914.113749480086,7.709031338475787,0.45530226210832436,1.2085775581273464,1276.092096569983,56.509483557517584,20.564004795158418,18.6813313140126,27.78255626970287
ML,0.2804792086149698,True,0.02,62.12979682376644,10.63477452647578,0.31629344270814297,914.113749480086,7.709031338475787,0.45530226210832436,1.2085775581273464,1276.092096569983,56.509483557517584,0.8341477652765391,-1.848535393867426,2.0280250483404894
cvxkerb,2.097030613403918,False,0.02,62.12979682376644,10.63477452647578,0.31629344270814297,914.113749480086,7.709031338475787,0.45530226210832436,1.2085775581273464,1276.092096569983,56.509483557517584,-7.811999117948251,11.261431489300076,13.705734909410133
Optimization,0.5508502049849081,True,0.02,47.36329655243313,10.786948661456602,0.3628942846779884,1075.4944027054105,8.820852525646629,0.6106961860769697,1.1782034572571305,970.9758175118891,60.012295032817164,-35.70442223618539,-24.377939483556098,43.23297006549206
ML,0.4653649351751066,True,0.02,47.36329655243313,10.786948661456602,0.3628942846779884,1075.4944027054105,8.820852525646629,0.6106961860769697,1.1782034572571305,970.9758175118891,60.012295032817164,-1.25475326348533,9.636630451279778,9.717975725775393
cvxkerb,2.6579896739693005,False,0.02,47.36329655243313,10.786948661456602,0.3628942846779884,1075.4944027054105,8.820852525646629,0.6106961860769697,1.1782034572571305,970.9758175118891,60.012295032817164,-3.306102707406298,0.09136740226820564,3.3073649804816663
Optimization,0.6601320530001111,True,0.02,61.52914932215484,9.280198404122448,0.38955232284962005,977.8403357468326,0.13005181776358032,0.6310763952838527,1.1591286676786132,1027.7254550361658,64.0012393410161,3.7283040735848574,-3.276897429051143,4.963699026495405
ML,0.5862608684215421,True,0.02,61.52914932215484,9.280198404122448,0.38955232284962005,977.8403357468326,0.13005181776358032,0.6310763952838527,1.1591286676786132,1027.7254550361658,64.0012393410161,2.1666139334497942,1.4810563155742589,2.624451132431539
cvxkerb,2.7235815337614673,False,0.02,61.52914932215484,9.280198404122448,0.38955232284962005,977.8403357468326,0.13005181776358032,0.6310763952838527,1.1591286676786132,1027.7254550361658,64.0012393410161,-0.17949860213050667,-13.150885335296191,13.152110281254306
Optimization,0.409804815934429,True,0.04,46.15117520033289,10.198115529294942,0.3441530501373377,1077.54083655166,4.210980150624945,0.4734134032855212,1.1642991682052835,1204.604252686989,57.36436126632522,-0.8624584918119682,0.40569411497812613,0.9531119373014169
ML,0.3732245879473403,True,0.04,46.15117520033289,10.198115529294942,0.3441530501373377,1077.54083655166,4.210980150624945,0.4734134032855212,1.1642991682052835,1204.604252686989,57.36436126632522,0.2604319526845831,1.2955433553012459,1.3214603238252427
cvxkerb,3.767588221817258,False,0.04,46.15117520033289,10.198115529294942,0.3441530501373377,1077.54083655166,4.210980150624945,0.4734134032855212,1.1642991682052835,1204.604252686989,57.36436126632522,-17.170631397925366,-23.89116269619604,29.421390816539073
Optimization,0.42733848313173783,True,0.04,46.67001433397338,11.108587663709747,0.3558404249735805,984.8444018493952,10.876252621136832,0.47223949646123026,1.199262510429086,904.5414579069676,54.37321283988253,5.0722564693634045,1.203512702032549,5.213082438917747
ML,0.36558712180130837,True,0.04,46.67001433397338,11.108587663709747,0.3558404249735805,984.8444018493952,10.876252621136832,0.47223949646123026,1.199262510429086,904.5414579069676,54.37321283988253,-0.49871023478289317,1.8420142863493087,1.9083313468557186
cvxkerb,2.3223192193501907,False,0.04,46.67001433397338,11.108587663709747,0.3558404249735805,984.8444018493952,10.876252621136832,0.47223949646123026,1.199262510429086,904.5414579069676,54.37321283988253,8.265951810915979,0.4644875955013791,8.278991971656925
Optimization,0.6358416267660771,True,0.04,46.475931294707976,10.215417137605282,0.3969302535619099,1004.6195688340298,7.55278365762315,0.5891497377969235,1.1954541064767772,1151.0232320336254,56.686286238462,-0.2058828936618871,1.8119700781184893,1.823629164577962
ML,0.35282787372138547,True,0.04,46.475931294707976,10.215417137605282,0.3969302535619099,1004.6195688340298,7.55278365762315,0.5891497377969235,1.1954541064767772,1151.0232320336254,56.686286238462,-2.0516832779202896,3.5345261537668846,4.086842228978245
cvxkerb,2.1666828463451155,False,0.04,46.475931294707976,10.215417137605282,0.3969302535619099,1004.6195688340298,7.55278365762315,0.5891497377969235,1.1954541064767772,1151.0232320336254,56.686286238462,-75.06677318629869,-79.32060193960297,109.20979044327554
Optimization,0.7048672529672,True,0.04,61.27590039413897,10.738924690215518,0.3162616939344891,1082.1854368987686,9.870446915078027,0.6399599826583848,1.222571950838836,1145.366078374316,53.36486072581238,5.096689757190711,16.58380906255982,17.349321874485295
ML,0.4154243061034061,True,0.04,61.27590039413897,10.738924690215518,0.3162616939344891,1082.1854368987686,9.870446915078027,0.6399599826583848,1.222571950838836,1145.366078374316,53.36486072581238,-3.2714336478589714,2.5853799363333536,4.169708326434705
cvxkerb,4.125898256426549,False,0.04,61.27590039413897,10.738924690215518,0.3162616939344891,1082.1854368987686,9.870446915078027,0.6399599826583848,1.222571950838836,1145.366078374316,53.36486072581238,-3.830111226509181,41.39148383158295,41.56831348259903
Optimization,0.7083628219123896,True,0.04,53.2963900467533,9.093628287722826,0.3056375496650927,1072.9444752510105,9.75481210956093,0.6499435346572262,1.2496636837073904,1122.172682241051,60.379748303610214,-4.244724374349194,-21.68474209237953,22.096283050033794
ML,0.44919329872764413,True,0.04,53.2963900467533,9.093628287722826,0.3056375496650927,1072.9444752510105,9.75481210956093,0.6499435346572262,1.2496636837073904,1122.172682241051,60.379748303610214,1.2345928032626687,2.5449478504845837,2.828600175272935
cvxkerb,2.3865691272123764,False,0.04,53.2963900467533,9.093628287722826,0.3056375496650927,1072.9444752510105,9.75481210956093,0.6499435346572262,1.2496636837073904,1122.172682241051,60.379748303610214,13.09228640659447,2.0583636454230465,13.25310621134146
Optimization,0.5669738092977995,True,0.04,60.44636783471279,10.080654004447974,0.385218150031854,1010.3813677548972,6.731255658424635,0.625330720531669,1.1903482866212396,953.6060913802563,45.57565352626678,16.402245445586495,-7.730252894683832,18.132580221055985
ML,0.5006653245578001,True,0.04,60.44636783471279,10.080654004447974,0.385218150031854,1010.3813677548972,6.731255658424635,0.625330720531669,1.1903482866212396,953.6060913802563,45.57565352626678,0.537703647588876,-0.8934795526349962,1.0427995606094276
cvxkerb,2.421247151120549,False,0.04,60.44636783471279,10.080654004447974,0.385218150031854,1010.3813677548972,6.731255658424635,0.625330720531669,1.1903482866212396,953.6060913802563,45.57565352626678,-4.212888830279588,11.220672114457912,11.985487682879988
Optimization,0.4630727167942363,True,0.04,55.279789783196215,11.134612050964572,0.339654278232127,1024.4173400455747,10.348364504960943,0.6399041247315285,1.1647073480929038,1270.6350500645976,54.842325861590766,-0.049507655092150424,3.2193971512607362,3.219777791317045
ML,0.33773269840713244,True,0.04,55.279789783196215,11.134612050964572,0.339654278232127,1024.4173400455747,10.348364504960943,0.6399041247315285,1.1647073480929038,1270.6350500645976,54.842325861590766,0.9049244626614938,-1.488115034713244,1.7416585887201868
cvxkerb,2.383929478108276,False,0.04,55.279789783196215,11.134612050964572,0.339654278232127,1024.4173400455747,10.348364504960943,0.6399041247315285,1.1647073480929038,1270.6350500645976,54.842325861590766,18.53477492279765,78.10696403713196,80.27599711331273
Optimization,0.4207367371432596,True,0.04,48.4463974240326,8.769156075234683,0.3040868616266479,933.7870126144329,3.3430840683835035,0.48540209685534935,1.1588702533757054,948.2543484402403,54.21557536065451,-1.337857934414035,8.230595710196537,8.338619166107794
ML,0.41453627616960337,True,0.04,48.4463974240326,8.769156075234683,0.3040868616266479,933.7870126144329,3.3430840683835035,0.48540209685534935,1.1588702533757054,948.2543484402403,54.21557536065451,-3.212334129442952,0.9823494533430404,3.3591815978996102
cvxkerb,3.27410887138078,False,0.04,48.4463974240326,8.769156075234683,0.3040868616266479,933.7870126144329,3.3430840683835035,0.48540209685534935,1.1588702533757054,948.2543484402403,54.21557536065451,-2.916892384655259,-5.7380551330928995,6.436888836547795
Optimization,0.5596522432543718,True,0.04,61.12402559586123,10.993038761534633,0.3184521019356377,941.8698646673421,4.445665233496584,0.5469045970382043,1.2118254771530295,1047.5654558279089,54.25069432266296,1.127137932276614,-1.3078896286733523,1.7265616696683963
ML,0.6973502865825632,True,0.04,61.12402559586123,10.993038761534633,0.3184521019356377,941.8698646673421,4.445665233496584,0.5469045970382043,1.2118254771530295,1047.5654558279089,54.25069432266296,1.4358675001235255,1.9542746064139003,2.4250576725482604
cvxkerb,2.2928656111396593,False,0.04,61.12402559586123,10.993038761534633,0.3184521019356377,941.8698646673421,4.445665233496584,0.5469045970382043,1.2118254771530295,1047.5654558279089,54.25069432266296,-24.36450352800334,-1.8536098396058998,24.434911532550533
Optimization,0.44694626115436353,True,0.06,51.441583311663564,8.845792027986178,0.33274973521779144,923.9524263638502,10.68632736887874,0.5687184907108097,1.217910231914449,1215.6684954429352,54.96884397858115,-0.4400440219859641,14.02446830399719,14.031370209324086
ML,0.4938650464069565,True,0.06,51.441583311663564,8.845792027986178,0.33274973521779144,923.9524263638502,10.68632736887874,0.5687184907108097,1.217910231914449,1215.6684954429352,54.96884397858115,-1.6114075288461367,-2.5447778055663965,3.0120637947635402
cvxkerb,2.9990194094539016,False,0.06,51.441583311663564,8.845792027986178,0.33274973521779144,923.9524263638502,10.68632736887874,0.5687184907108097,1.217910231914449,1215.6684954429352,54.96884397858115,-33.78388240542275,13.599118731380209,36.41821989957237
Optimization,0.4922158675539589,True,0.06,47.03564945240807,8.611436556737328,0.3245957728384508,932.1362746519111,2.238804288615669,0.5070190337387694,1.1673373595294754,1258.70616985057,46.60467491323284,1.6204442116853617,-0.35256597977345044,1.6583552735400837
ML,0.36514941605160306,True,0.06,47.03564945240807,8.611436556737328,0.3245957728384508,932.1362746519111,2.238804288615669,0.5070190337387694,1.1673373595294754,1258.70616985057,46.60467491323284,1.160145306842085,0.8113994632640658,1.4157352231165719
cvxkerb,2.8065395243416296,False,0.06,47.03564945240807,8.611436556737328,0.3245957728384508,932.1362746519111,2.238804288615669,0.5070190337387694,1.1673373595294754,1258.70616985057,46.60467491323284,2.964040096526321,13.327416609586303,13.653042414762089
Optimization,0.4291884018651441,True,0.06,48.74087497115047,9.294716945616974,0.3425436438616417,1001.522075736891,2.908916788980963,0.4729673649478407,1.2110620042441633,1015.4522212961023,56.624764428452245,-3.7587459000389836,-3.216455287936665,4.947095649000088
ML,0.42465998316698245,True,0.06,48.74087497115047,9.294716945616974,0.3425436438616417,1001.522075736891,2.908916788980963,0.4729673649478407,1.2110620042441633,1015.4522212961023,56.624764428452245,1.3998791448947223,-0.8025287367751512,1.6136027992232473
cvxkerb,2.442727007200506,False,0.06,48.74087497115047,9.294716945616974,0.3425436438616417,1001.522075736891,2.908916788980963,0.4729673649478407,1.2110620042441633,1015.4522212961023,56.624764428452245,9.275309459679834,25.23761725809549,26.888077105641926
Optimization,0.4638952334047213,True,0.06,54.43152377100317,9.647363656589075,0.33488682665429953,1085.9058288495653,9.967432893452749,0.6430053821333026,1.1624297223485545,1192.3469900814578,63.76680913642076,1.2910695217252304,4.180079334201426,4.374919856425446
ML,0.4804623475029733,True,0.06,54.43152377100317,9.647363656589075,0.33488682665429953,1085.9058288495653,9.967432893452749,0.6430053821333026,1.1624297223485545,1192.3469900814578,63.76680913642076,-0.9497558301277688,-0.7343863511188196,1.200566303696427
cvxkerb,3.4629768390684648,False,0.06,54.43152377100317,9.647363656589075,0.33488682665429953,1085.9058288495653,9.967432893452749,0.6430053821333026,1.1624297223485545,1192.3469900814578,63.76680913642076,-8.460918859897607,-58.55570990188683,59.16382602627807
Optimization,0.46810747216007,True,0.06,62.544010816262166,9.569780429690542,0.38165994394715774,987.8269817140437,4.523333153098891,0.5425359571339213,1.180137787416414,1199.0437520705004,55.054407801849585,3.8314241088620626,8.808188967086032,9.605415325839147
ML,0.25779442887814286,True,0.06,62.544010816262166,9.569780429690542,0.38165994394715774,987.8269817140437,4.523333153098891,0.5425359571339213,1.180137787416414,1199.0437520705004,55.054407801849585,-5.756923745992211,4.453243650619614,7.278293071108974
cvxkerb,2.367747913536505,False,0.06,62.544010816262166,9.569780429690542,0.38165994394715774,987.8269817140437,4.523333153098891,0.5425359571339213,1.180137787416414,1199.0437520705004,55.054407801849585,14.652740619150357,52.58032072868628,54.58381569278219
Optimization,0.6853518082313466,True,0.06,62.87785166101915,11.154388844898122,0.3151674879732751,962.3444135591096,2.981869677773589,0.5987892585145353,1.1533532434735778,1127.9558739485267,60.24917371481381,5.1072553722548255,-1.764507952247707,5.403475340090965
ML,0.5114982148742887,True,0.06,62.87785166101915,11.154388844898122,0.3151674879732751,962.3444135591096,2.981869677773589,0.5987892585145353,1.1533532434735778,1127.9558739485267,60.24917371481381,-3.822646836867543,5.744977400947238,6.900535789111445
cvxkerb,2.816009410952539,False,0.06,62.87785166101915,11.154388844898122,0.3151674879732751,962.3444135591096,2.981869677773589,0.5987892585145353,1.1533532434735778,1127.9558739485267,60.24917371481381,8.94153240279796,-9.382867039625097,12.96106460108771
Optimization,0.4614441568518217,True,0.06,63.169011226672566,10.333567179064481,0.340085141676364,992.4011607288265,11.367400075341784,0.48067028062321604,1.2086229832016797,1102.3554715537864,57.22908470869296,-8.000648915348483,1.7063849006945508,8.180594874212096
ML,0.5331222553304922,True,0.06,63.169011226672566,10.333567179064481,0.340085141676364,992.4011607288265,11.367400075341784,0.48067028062321604,1.2086229832016797,1102.3554715537864,57.22908470869296,-6.443227189675525,3.842980271967136,7.502244596685886
cvxkerb,2.8945340236683608,False,0.06,63.169011226672566,10.333567179064481,0.340085141676364,992.4011607288265,11.367400075341784,0.48067028062321604,1.2086229832016797,1102.3554715537864,57.22908470869296,41.7597054934514,-13.399695763473042,43.85686775698228
Optimization,0.5511232118797064,True,0.06,63.687340295380295,11.702274051627105,0.3450839371404132,922.647609168151,11.818094387548015,0.6177796172891868,1.1624662681203266,1268.336753046949,62.39792724124257,-6.1921510830318045,-1.4046195726694775,6.349463849729214
ML,0.3880366898454815,True,0.06,63.687340295380295,11.702274051627105,0.3450839371404132,922.647609168151,11.818094387548015,0.6177796172891868,1.1624662681203266,1268.336753046949,62.39792724124257,-7.516811601840848,-1.0441758848675464,7.588989388324911
cvxkerb,2.591251631782371,False,0.06,63.687340295380295,11.702274051627105,0.3450839371404132,922.647609168151,11.818094387548015,0.6177796172891868,1.1624662681203266,1268.336753046949,62.39792724124257,20.1274798151302,-48.15307401233496,52.190362908739026
Optimization,0.4243893066299895,True,0.06,54.04879032265387,8.563428081519199,0.31763869865062233,999.673554547896,5.0271053940545745,0.63296918021362,1.1862393899116632,1132.2353401112173,57.64528575839061,-1.9837977303577259,-2.0458336498755516,2.8497173119338672
ML,0.33909963747705707,True,0.06,54.04879032265387,8.563428081519199,0.31763869865062233,999.673554547896,5.0271053940545745,0.63296918021362,1.1862393899116632,1132.2353401112173,57.64528575839061,24.85115975701209,0.5718775751434386,24.857738940408264
cvxkerb,2.2967748195256465,False,0.06,54.04879032265387,8.563428081519199,0.31763869865062233,999.673554547896,5.0271053940545745,0.63296918021362,1.1862393899116632,1132.2353401112173,57.64528575839061,4.445791772533367,-3.240008616125413,5.501156270939073
Optimization,0.529192844061978,True,0.08,49.10279280964014,8.762750882654666,0.30365496678480947,994.4133890219998,6.778093599151397,0.4631417278856705,1.227552761669501,1081.315533899211,55.4878053865516,-7.111092363954898,1.2301549109017351,7.216710865312073
ML,0.3170581215699576,True,0.08,49.10279280964014,8.762750882654666,0.30365496678480947,994.4133890219998,6.778093599151397,0.4631417278856705,1.227552761669501,1081.315533899211,55.4878053865516,-3.502814284696288,-1.629737293839528,3.8633860226495305
cvxkerb,2.556514480310863,False,0.08,49.10279280964014,8.762750882654666,0.30365496678480947,994.4133890219998,6.778093599151397,0.4631417278856705,1.227552761669501,1081.315533899211,55.4878053865516,-1.719243188602464,-2.204243264281164,2.7954401280808803
Optimization,0.44174679786758736,True,0.08,49.43944323865899,8.924299186352286,0.36718927435987286,903.9421075508728,1.2493029838148861,0.6099832170746379,1.1678544662054333,1161.0984431407499,49.76365562093453,0.08406174195477421,1.9932384559038159,1.9950102552504083
ML,0.46422506824223425,True,0.08,49.43944323865899,8.924299186352286,0.36718927435987286,903.9421075508728,1.2493029838148861,0.6099832170746379,1.1678544662054333,1161.0984431407499,49.76365562093453,-2.686487213897963,1.5306255335789665,3.09192950671278
cvxkerb,2.6957284045949668,False,0.08,49.43944323865899,8.924299186352286,0.36718927435987286,903.9421075508728,1.2493029838148861,0.6099832170746379,1.1678544662054333,1161.0984431407499,49.76365562093453,7.357061553920368,-28.223206374909132,29.166345893664577
Optimization,0.5214079884810627,True,0.08,53.42849101184996,11.5706868443079,0.3817443561738441,968.3634703395752,3.11308120117551,0.5259384816334534,1.2090294942514808,1007.2254563291505,57.48297815698268,-10.002777910835599,-3.108543579063453,10.47466510760307
ML,0.39338504853419154,True,0.08,53.42849101184996,11.5706868443079,0.3817443561738441,968.3634703395752,3.11308120117551,0.5259384816334534,1.2090294942514808,1007.2254563291505,57.48297815698268,2.165470549015948,5.272520673431741,5.69988920510044
cvxkerb,3.815972904905716,False,0.08,53.42849101184996,11.5706868443079,0.3817443561738441,968.3634703395752,3.11308120117551,0.5259384816334534,1.2090294942514808,1007.2254563291505,57.48297815698268,-0.3998396592949322,27.83588300457764,27.838754541065217
Optimization,0.46057540036529415,True,0.08,50.157753708664046,8.557424296291297,0.38349302367992993,1096.8804361407103,6.30828218763223,0.4843358571696607,1.177230732651937,907.3562706189867,63.28597613120998,5.093122634587056,3.0929844852110606,5.958728991714535
ML,0.29104177419789523,True,0.08,50.157753708664046,8.557424296291297,0.38349302367992993,1096.8804361407103,6.30828218763223,0.4843358571696607,1.177230732651937,907.3562706189867,63.28597613120998,1.4824243530253005,5.689827589764734,5.87977210133951
cvxkerb,3.21077664891632,False,0.08,50.157753708664046,8.557424296291297,0.38349302367992993,1096.8804361407103,6.30828218763223,0.4843358571696607,1.177230732651937,907.3562706189867,63.28597613120998,-41.24364907328605,-28.66813086960933,50.22848112811512
Optimization,0.4996587918512329,True,0.08,55.378354105656754,8.18786386710022,0.31662833687560793,1047.606723285274,0.9935840151015176,0.5706304218932776,1.174534910968132,1055.7182456167907,50.773874735414,3.3414149163596036,-10.208631845474267,10.741564960456264
ML,0.47609867607923406,True,0.08,55.378354105656754,8.18786386710022,0.31662833687560793,1047.606723285274,0.9935840151015176,0.5706304218932776,1.174534910968132,1055.7182456167907,50.773874735414,0.7322534377468038,2.4069587490490183,2.515878676867314
cvxkerb,2.44591926598908,False,0.08,55.378354105656754,8.18786386710022,0.31662833687560793,1047.606723285274,0.9935840151015176,0.5706304218932776,1.174534910968132,1055.7182456167907,50.773874735414,-18.4427697413449,-20.51114103289924,27.58337655552253
Optimization,0.6984739499429582,True,0.08,60.41824407491644,8.426393012535087,0.3075137781735809,1045.6377512407207,5.9458957944743815,0.5876804792855472,1.1934827338603746,998.5608132956427,61.38204635348399,8.567515205542648,5.396866067401886,10.125634802158253
ML,0.3178093313729854,True,0.08,60.41824407491644,8.426393012535087,0.3075137781735809,1045.6377512407207,5.9458957944743815,0.5876804792855472,1.1934827338603746,998.5608132956427,61.38204635348399,-0.09896427391949845,0.8252254963779005,0.8311384044697765
cvxkerb,2.602162176663919,False,0.08,60.41824407491644,8.426393012535087,0.3075137781735809,1045.6377512407207,5.9458957944743815,0.5876804792855472,1.1934827338603746,998.5608132956427,61.38204635348399,7.041541687651805,11.308493638052026,13.321611678051623
Optimization,0.4587280738187347,True,0.08,61.131222957229,10.63513346684287,0.36922765645178524,1069.8391303130638,2.9960161063102313,0.5478849927286281,1.1721209441819602,1295.0672031986587,63.88118679373227,5.701393089565051,0.9323547021431563,5.777124583419382
ML,0.35668124304151855,True,0.08,61.131222957229,10.63513346684287,0.36922765645178524,1069.8391303130638,2.9960161063102313,0.5478849927286281,1.1721209441819602,1295.0672031986587,63.88118679373227,6.413022359535104,6.875305446370736,9.401950902062417
cvxkerb,4.047568548482539,False,0.08,61.131222957229,10.63513346684287,0.36922765645178524,1069.8391303130638,2.9960161063102313,0.5478849927286281,1.1721209441819602,1295.0672031986587,63.88118679373227,-0.8578371610891394,-14.98957658530329,15.01410306350726
Optimization,0.5018342175091752,True,0.08,47.41133771554558,8.307812806516836,0.369628877587814,967.9749927536133,8.697201258345137,0.4630712681597885,1.181529033783061,1115.796516950135,60.81446329677927,4.731888068187177,2.5220915594197653,5.362062152190013
ML,0.5215297546251977,True,0.08,47.41133771554558,8.307812806516836,0.369628877587814,967.9749927536133,8.697201258345137,0.4630712681597885,1.181529033783061,1115.796516950135,60.81446329677927,0.061520725659786335,0.7966206600760827,0.7989926631363772
cvxkerb,4.858474400389486,False,0.08,47.41133771554558,8.307812806516836,0.369628877587814,967.9749927536133,8.697201258345137,0.4630712681597885,1.181529033783061,1115.796516950135,60.81446329677927,-16.02387320054941,43.6568894447009,46.50471490434193
Optimization,0.4783007248183768,True,0.08,54.59751240607818,10.51002185287348,0.3873677114186339,1096.816693839859,9.219280966374217,0.5335533564334668,1.1921357002277069,1195.0329206355566,49.775542915366046,-6.538103473821125,-6.829204437968676,9.4543550964602
ML,0.45677762762340857,True,0.08,54.59751240607818,10.51002185287348,0.3873677114186339,1096.816693839859,9.219280966374217,0.5335533564334668,1.1921357002277069,1195.0329206355566,49.775542915366046,0.7903956475126382,-3.612839573903951,3.698288126467894
cvxkerb,5.047402511928601,False,0.08,54.59751240607818,10.51002185287348,0.3873677114186339,1096.816693839859,9.219280966374217,0.5335533564334668,1.1921357002277069,1195.0329206355566,49.775542915366046,21.30964144900613,-5.173423132675114,21.928637112116615
Optimization,0.6667975151896859,True,0.1,62.58236615124329,11.77892808916564,0.34674015112498696,1022.6822778421415,2.0044073531049027,0.6482337252273953,1.1731671701383444,1277.0927096540504,57.99293297984737,-4.159373525953065,-3.212993587965551,5.255826854521272
ML,0.41420156689380544,True,0.1,62.58236615124329,11.77892808916564,0.34674015112498696,1022.6822778421415,2.0044073531049027,0.6482337252273953,1.1731671701383444,1277.0927096540504,57.99293297984737,-1.0811701392167372,2.016873440637194,2.2883853140329435
cvxkerb,2.6819118992601485,False,0.1,62.58236615124329,11.77892808916564,0.34674015112498696,1022.6822778421415,2.0044073531049027,0.6482337252273953,1.1731671701383444,1277.0927096540504,57.99293297984737,44.425219426849324,-17.84966808283883,47.87703804321259
Optimization,0.8789867418572814,True,0.1,58.92041236107585,8.61558362535942,0.3815833124990618,944.8881143673322,2.685811377871477,0.5573948845786827,1.2092939934841702,1132.0344831351244,46.829736747955096,1.910779972222499,3.809646812226773,4.261981808520096
ML,0.4371897772374464,True,0.1,58.92041236107585,8.61558362535942,0.3815833124990618,944.8881143673322,2.685811377871477,0.5573948845786827,1.2092939934841702,1132.0344831351244,46.829736747955096,-2.098715274613796,2.3242920386858574,3.1316033090089364
cvxkerb,3.330691993788916,False,0.1,58.92041236107585,8.61558362535942,0.3815833124990618,944.8881143673322,2.685811377871477,0.5573948845786827,1.2092939934841702,1132.0344831351244,46.829736747955096,-4.875175576854102,3.562785060557466,6.038275771516749
Optimization,0.5370337396655478,True,0.1,46.522617189806006,11.404827656195074,0.3495146527013974,996.1173154653296,7.108893415914212,0.6149361931850299,1.1847809207902193,1171.2064610236255,56.31463927991582,-13.602563323267049,7.573733778442588,15.56891686374528
ML,0.5507939142538061,True,0.1,46.522617189806006,11.404827656195074,0.3495146527013974,996.1173154653296,7.108893415914212,0.6149361931850299,1.1847809207902193,1171.2064610236255,56.31463927991582,5.364288015930097,3.3165424773641274,6.306745588812969
cvxkerb,3.8656158580614264,False,0.1,46.522617189806006,11.404827656195074,0.3495146527013974,996.1173154653296,7.108893415914212,0.6149361931850299,1.1847809207902193,1171.2064610236255,56.31463927991582,34.33676437656365,16.115800500051062,37.930626327666886
Optimization,0.8129201494587117,True,0.1,48.17210210586148,11.523483036795714,0.38718435277452323,905.8494566069119,9.909801006777151,0.47577397349468903,1.1835118854259141,1197.4033025166432,48.21519792096616,-3.140155581918842,0.04750643166340119,3.1405149163322648
ML,0.47944125537037424,True,0.1,48.17210210586148,11.523483036795714,0.38718435277452323,905.8494566069119,9.909801006777151,0.47577397349468903,1.1835118854259141,1197.4033025166432,48.21519792096616,0.23560714992462295,3.822072891090528,3.8293278671203788
cvxkerb,3.436114246201453,False,0.1,48.17210210586148,11.523483036795714,0.38718435277452323,905.8494566069119,9.909801006777151,0.47577397349468903,1.1835118854259141,1197.4033025166432,48.21519792096616,-44.57331683558363,8.800143044004294,45.43372196199933
Optimization,0.5738666502620593,True,0.1,55.825331573522206,11.851968015435979,0.33418721660386863,1026.5243786267897,11.18433726612021,0.47050194559813585,1.2437228487236451,1175.1542889203254,46.35674118210344,-4.960032305827793,1.6431667701617452,5.2251236836479915
ML,0.4158258177961681,True,0.1,55.825331573522206,11.851968015435979,0.33418721660386863,1026.5243786267897,11.18433726612021,0.47050194559813585,1.2437228487236451,1175.1542889203254,46.35674118210344,-2.9131903505125347,1.966088818859026,3.514567293702288
cvxkerb,4.129357185758521,False,0.1,55.825331573522206,11.851968015435979,0.33418721660386863,1026.5243786267897,11.18433726612021,0.47050194559813585,1.2437228487236451,1175.1542889203254,46.35674118210344,7.028811023784612,-0.29520221422123893,7.03500737422195
Optimization,0.5362569768488178,True,0.1,58.665907532130106,9.783610825506994,0.3273626666281666,1099.4249000315422,5.114175626831676,0.5402774048659351,1.1663623821191669,1217.9238194999716,58.87364451562977,2.5332820710521107,2.95936866402012,3.895559130740837
ML,0.5203798622689938,True,0.1,58.665907532130106,9.783610825506994,0.3273626666281666,1099.4249000315422,5.114175626831676,0.5402774048659351,1.1663623821191669,1217.9238194999716,58.87364451562977,-0.31183383172281937,-3.8588130762861708,3.871392345955661
cvxkerb,2.9561807005623106,False,0.1,58.665907532130106,9.783610825506994,0.3273626666281666,1099.4249000315422,5.114175626831676,0.5402774048659351,1.1663623821191669,1217.9238194999716,58.87364451562977,69.97032351604291,37.843595618972444,79.54862602403651
Optimization,0.8564296117670137,True,0.1,49.599092117821726,8.852418816100332,0.3031134082884511,1030.333365075177,4.422316124685134,0.6228716499679274,1.1973209906691558,1287.2773711658888,48.710510314062425,-1.8486095861093255,5.098957709917203,5.4237189390103335
ML,0.484083136269889,True,0.1,49.599092117821726,8.852418816100332,0.3031134082884511,1030.333365075177,4.422316124685134,0.6228716499679274,1.1973209906691558,1287.2773711658888,48.710510314062425,0.8079966615626508,2.9150684887390397,3.024976512162648
cvxkerb,4.2755815041845775,False,0.1,49.599092117821726,8.852418816100332,0.3031134082884511,1030.333365075177,4.422316124685134,0.6228716499679274,1.1973209906691558,1287.2773711658888,48.710510314062425,-10.881265812593169,28.972109090372275,30.94810254003855
Optimization,0.4823357511514921,True,0.1,49.01049453400673,9.966378186965748,0.3064208937075134,1016.3942803828797,3.227920853221172,0.6095118201274377,1.1810361958923574,1082.0880596327204,45.232410798162014,11.579220510730268,-2.32244934546406,11.809831438185855
ML,0.5117687731917944,True,0.1,49.01049453400673,9.966378186965748,0.3064208937075134,1016.3942803828797,3.227920853221172,0.6095118201274377,1.1810361958923574,1082.0880596327204,45.232410798162014,2.0632267451320354,-0.11724456266807999,2.066555319681368
cvxkerb,2.714886653086979,False,0.1,49.01049453400673,9.966378186965748,0.3064208937075134,1016.3942803828797,3.227920853221172,0.6095118201274377,1.1810361958923574,1082.0880596327204,45.232410798162014,-5.509635762152551,23.17719880211259,23.823069293108297
Optimization,0.5895833119653402,True,0.1,59.04929941088208,10.238594733947657,0.30097708474191837,965.2922616487983,6.212539720616537,0.46757329982896667,1.185062693120918,913.2812435165466,46.571569943100414,-0.07098521591200536,5.645651518658375,5.646097764917615
ML,0.524174107307608,True,0.1,59.04929941088208,10.238594733947657,0.30097708474191837,965.2922616487983,6.212539720616537,0.46757329982896667,1.185062693120918,913.2812435165466,46.571569943100414,2.9417668792189953,1.943792600998618,3.5259498078343143
cvxkerb,2.657511544211378,False,0.1,59.04929941088208,10.238594733947657,0.30097708474191837,965.2922616487983,6.212539720616537,0.46757329982896667,1.185062693120918,913.2812435165466,46.571569943100414,2.189004334350562,-23.74876111525139,23.849431743441645
Optimization,0.9469559360902049,True,0.12,59.18121038901833,11.483876494984342,0.37140869321324277,1060.3456166139583,4.073402310513673,0.6129650227493024,1.1580114846384675,1257.926662424211,55.951847523074726,2.2924636297396126,12.46641939145122,12.675448786422907
ML,0.41135388961341607,True,0.12,59.18121038901833,11.483876494984342,0.37140869321324277,1060.3456166139583,4.073402310513673,0.6129650227493024,1.1580114846384675,1257.926662424211,55.951847523074726,-2.911682638052538,-6.20729609435528,6.856268707375383
cvxkerb,4.7858655668285754,False,0.12,59.18121038901833,11.483876494984342,0.37140869321324277,1060.3456166139583,4.073402310513673,0.6129650227493024,1.1580114846384675,1257.926662424211,55.951847523074726,-11.151187664000611,62.46645938407275,63.45397965691175
Optimization,0.6201424267060354,True,0.12,59.384035565445274,8.913818965325195,0.39963339160567424,1094.9586324293566,7.803908236163243,0.48990849018582905,1.218022824243129,928.8793635916703,45.61305004411612,-0.7212802268745716,2.979975190748077,3.0660230434806377
ML,0.5382303184103747,True,0.12,59.384035565445274,8.913818965325195,0.39963339160567424,1094.9586324293566,7.803908236163243,0.48990849018582905,1.218022824243129,928.8793635916703,45.61305004411612,-4.409103235397635,-5.267385289904152,6.86917310399822
cvxkerb,8.306589285193176,False,0.12,59.384035565445274,8.913818965325195,0.39963339160567424,1094.9586324293566,7.803908236163243,0.48990849018582905,1.218022824243129,928.8793635916703,45.61305004411612,1.1383828989364677,5.3107112646564945,5.4313506387583175
Optimization,0.6087147278548148,True,0.12,53.77230838379181,10.901030641660546,0.3486668941424703,1074.684647616332,10.808422368135101,0.5343441853746911,1.177682779723505,1136.940131437345,63.24726691233382,15.190620283988316,8.573014614100796,17.442807233524743
ML,0.527353386683141,True,0.12,53.77230838379181,10.901030641660546,0.3486668941424703,1074.684647616332,10.808422368135101,0.5343441853746911,1.177682779723505,1136.940131437345,63.24726691233382,0.6196749277336001,0.7697392180611309,0.9881778584258016
cvxkerb,3.7041468043872507,False,0.12,53.77230838379181,10.901030641660546,0.3486668941424703,1074.684647616332,10.808422368135101,0.5343441853746911,1.177682779723505,1136.940131437345,63.24726691233382,-4.488021258594434,-2.413151085054544,5.095648435370663
Optimization,0.88806636327396,True,0.12,55.296347078593804,9.436933477599062,0.35929508514349273,932.7047745170046,4.692978439821129,0.6438824644670575,1.1758133432701128,1162.6946658165168,51.503801284493896,3.068540285718823,-0.13552097317420783,3.071531445264632
ML,0.5075399403138992,True,0.12,55.296347078593804,9.436933477599062,0.35929508514349273,932.7047745170046,4.692978439821129,0.6438824644670575,1.1758133432701128,1162.6946658165168,51.503801284493896,0.09134694104845381,-1.5255731595653372,1.5283055089951993
cvxkerb,3.3551982997816263,False,0.12,55.296347078593804,9.436933477599062,0.35929508514349273,932.7047745170046,4.692978439821129,0.6438824644670575,1.1758133432701128,1162.6946658165168,51.503801284493896,-43.65599314628189,-12.006944542423074,45.27706323110007
Optimization,0.9173546648957768,True,0.12,57.3428997320806,10.827108867541783,0.316704190790095,933.5238432576635,0.44005712320251567,0.5972804030131281,1.2163804527621804,1089.8523502999255,61.883408979383944,-1.5100384302371797,1.890488420887192,2.419537668708986
ML,0.44980486926290947,True,0.12,57.3428997320806,10.827108867541783,0.316704190790095,933.5238432576635,0.44005712320251567,0.5972804030131281,1.2163804527621804,1089.8523502999255,61.883408979383944,-0.11604191284474273,-0.40813613921654734,0.42431218892609696
cvxkerb,6.204874397599513,False,0.12,57.3428997320806,10.827108867541783,0.316704190790095,933.5238432576635,0.44005712320251567,0.5972804030131281,1.2163804527621804,1089.8523502999255,61.883408979383944,-10.013583978277763,-5.696512297490134,11.520508515055985
Optimization,0.7065294225758723,True,0.12,47.966864019241775,11.946520491835388,0.3965118696436046,900.9879961868819,11.421741425078867,0.5778239875631,1.2367918294520022,1081.8959422535436,55.311920571585006,0.11220880474052163,13.382606659659636,13.38307706856042
ML,0.3804552941974112,True,0.12,47.966864019241775,11.946520491835388,0.3965118696436046,900.9879961868819,11.421741425078867,0.5778239875631,1.2367918294520022,1081.8959422535436,55.311920571585006,-3.5934052348273644,11.026342636440953,11.597102789829895
cvxkerb,5.369250743863894,False,0.12,47.966864019241775,11.946520491835388,0.3965118696436046,900.9879961868819,11.421741425078867,0.5778239875631,1.2367918294520022,1081.8959422535436,55.311920571585006,11.399931120510875,6.494597123030066,13.120145629636232
Optimization,0.8361546763063266,True,0.12,63.892284389480466,10.732992113158584,0.3497174764008427,1023.5694480402428,10.426859813744619,0.5641219493277659,1.1530387059696836,1272.3794782027912,58.790535020631225,-5.883569701340889,8.807730756169157,10.592096747278351
ML,0.5245234846474474,True,0.12,63.892284389480466,10.732992113158584,0.3497174764008427,1023.5694480402428,10.426859813744619,0.5641219493277659,1.1530387059696836,1272.3794782027912,58.790535020631225,-10.857583422057816,14.468737584728261,18.08954076428346
cvxkerb,4.768898125051208,False,0.12,63.892284389480466,10.732992113158584,0.3497174764008427,1023.5694480402428,10.426859813744619,0.5641219493277659,1.1530387059696836,1272.3794782027912,58.790535020631225,-6.559099732323233,14.668257584853835,16.06796719794339
Optimization,0.731146181176073,True,0.12,53.08280643302066,9.308132646252954,0.36675933855635845,1061.5691883882516,9.147421617319388,0.609562729771727,1.1935583314812932,1227.1336864700086,47.40418110741217,0.2764652717946391,-0.8524299060805068,0.8961416134121356
ML,0.3407830861801209,True,0.12,53.08280643302066,9.308132646252954,0.36675933855635845,1061.5691883882516,9.147421617319388,0.609562729771727,1.1935583314812932,1227.1336864700086,47.40418110741217,-5.469529587488064,-11.880292344619193,13.078879925361527
cvxkerb,3.191587033265823,False,0.12,53.08280643302066,9.308132646252954,0.36675933855635845,1061.5691883882516,9.147421617319388,0.609562729771727,1.1935583314812932,1227.1336864700086,47.40418110741217,30.054281628479394,18.482976243553292,35.28286064116272
Optimization,0.6640065358023381,True,0.12,57.38980692019229,9.85397617520229,0.33797857801792297,1072.666729914365,6.228981421634616,0.5458363755259462,1.1525642065806434,1036.4991310504624,52.603912375717144,18.61518929841371,5.796925353903551,19.496912990894383
ML,0.5269943966507415,True,0.12,57.38980692019229,9.85397617520229,0.33797857801792297,1072.666729914365,6.228981421634616,0.5458363755259462,1.1525642065806434,1036.4991310504624,52.603912375717144,6.8724934375250495,-2.034859471070611,7.167413697829269
cvxkerb,6.098760055767664,False,0.12,57.38980692019229,9.85397617520229,0.33797857801792297,1072.666729914365,6.228981421634616,0.5458363755259462,1.1525642065806434,1036.4991310504624,52.603912375717144,2.2545131143098867,-1.0861689957130063,2.5025172266826585
Optimization,0.9640380303124927,True,0.14,47.02841656898433,9.943487036745303,0.3256776567720508,956.9745803923846,3.687479579115439,0.6106051795665327,1.2039161276675254,1024.5230796624014,57.206675666218366,2.320740057381137,-4.122596312609436,4.730923247176424
ML,0.43610196840679344,True,0.14,47.02841656898433,9.943487036745303,0.3256776567720508,956.9745803923846,3.687479579115439,0.6106051795665327,1.2039161276675254,1024.5230796624014,57.206675666218366,0.47835228282581094,-6.05581092021565,6.074674214135913
cvxkerb,4.871513484492272,False,0.14,47.02841656898433,9.943487036745303,0.3256776567720508,956.9745803923846,3.687479579115439,0.6106051795665327,1.2039161276675254,1024.5230796624014,57.206675666218366,-11.151744533551334,3.083541163923657,11.570204503430512
Optimization,1.247136997642916,True,0.14,64.2585375047516,9.934182586879698,0.38059925497751584,1010.0453084312524,0.52095039425783,0.5766302751188045,1.2451403342206657,1140.6447280585326,61.3837771885358,1.4353104228233977,-3.7241066858795526,3.9911259836890975
ML,0.3583480592026028,True,0.14,64.2585375047516,9.934182586879698,0.38059925497751584,1010.0453084312524,0.52095039425783,0.5766302751188045,1.2451403342206657,1140.6447280585326,61.3837771885358,-3.164685887851907,3.6670693600822655,4.84382436308576
cvxkerb,3.907755695677436,False,0.14,64.2585375047516,9.934182586879698,0.38059925497751584,1010.0453084312524,0.52095039425783,0.5766302751188045,1.2451403342206657,1140.6447280585326,61.3837771885358,-9.876085789864968,4.22001562546102,10.739907001827712
Optimization,0.8997846327900207,True,0.14,54.03535357474458,10.346433852701896,0.31680142077448636,1047.3747489888365,10.353564930518743,0.4933479600181552,1.159571455552016,909.4554344185345,57.83943000886532,-7.796434595648102,-5.557992600540549,9.574741466581857
ML,0.3603100745950373,True,0.14,54.03535357474458,10.346433852701896,0.31680142077448636,1047.3747489888365,10.353564930518743,0.4933479600181552,1.159571455552016,909.4554344185345,57.83943000886532,-3.5812963888040064,7.3041543556544255,8.134885043790485
cvxkerb,3.9327218198897924,False,0.14,54.03535357474458,10.346433852701896,0.31680142077448636,1047.3747489888365,10.353564930518743,0.4933479600181552,1.159571455552016,909.4554344185345,57.83943000886532,18.750618193563014,53.66318343190673,56.84472656884933
Optimization,0.8069394913720662,True,0.14,50.48321333119612,8.317677475955946,0.308565824959643,1078.8381749328237,2.302407896624915,0.5146743124231041,1.1726656402226987,1041.9985223327749,46.38847685492187,-1.094724862507143,1.234782783567239,1.6501851554250941
ML,0.487091390809477,True,0.14,50.48321333119612,8.317677475955946,0.308565824959643,1078.8381749328237,2.302407896624915,0.5146743124231041,1.1726656402226987,1041.9985223327749,46.38847685492187,2.917253993204972,-4.103974416102884,5.035173966100611
cvxkerb,4.687136320436823,False,0.14,50.48321333119612,8.317677475955946,0.308565824959643,1078.8381749328237,2.302407896624915,0.5146743124231041,1.1726656402226987,1041.9985223327749,46.38847685492187,-53.296522255162415,30.029938388843924,61.17447575691012
Optimization,0.6652556198708833,True,0.14,59.61301020478492,9.860822449134872,0.3060142342600785,1012.459363175582,11.491503414064562,0.48506058847153194,1.2190004890820665,980.3734754636225,55.71655368946163,17.848036847101874,-6.744144163942295,19.079724835530072
ML,0.6168254009582466,True,0.14,59.61301020478492,9.860822449134872,0.3060142342600785,1012.459363175582,11.491503414064562,0.48506058847153194,1.2190004890820665,980.3734754636225,55.71655368946163,-7.665252097485991,-2.2203810219249522,7.980362247450793
cvxkerb,10.167456823443064,False,0.14,59.61301020478492,9.860822449134872,0.3060142342600785,1012.459363175582,11.491503414064562,0.48506058847153194,1.2190004890820665,980.3734754636225,55.71655368946163,60.35911411605507,7.051293034940974,60.76959264582547
Optimization,0.7063844233260298,True,0.14,55.41915954544084,10.49434275201104,0.30891244321160166,1051.0540840993615,1.532561803622818,0.6152135260505057,1.2282028087670385,1183.4978790971904,45.723207610495244,-2.4199240728068574,-0.8207913691652248,2.555333831389991
ML,0.29245598401508166,True,0.14,55.41915954544084,10.49434275201104,0.30891244321160166,1051.0540840993615,1.532561803622818,0.6152135260505057,1.2282028087670385,1183.4978790971904,45.723207610495244,1.4019526685871804,5.94941236263792,6.112362779291462
cvxkerb,4.147257117760957,False,0.14,55.41915954544084,10.49434275201104,0.30891244321160166,1051.0540840993615,1.532561803622818,0.6152135260505057,1.2282028087670385,1183.4978790971904,45.723207610495244,-32.46137834438857,7.209956876151108,33.25243693586228
Optimization,1.0937465756630087,True,0.14,62.028499154901915,8.834042057429343,0.39305952146439166,923.2732795770952,9.809396501894298,0.526124658695316,1.2377974320445069,1247.22267604298,61.11850800235243,-0.010188215794202982,-1.1496427264178852,1.149687869878872
ML,0.4267682104530855,True,0.14,62.028499154901915,8.834042057429343,0.39305952146439166,923.2732795770952,9.809396501894298,0.526124658695316,1.2377974320445069,1247.22267604298,61.11850800235243,0.1622889310164417,-0.05251424552745726,0.17057386409933217
cvxkerb,4.6100663476153985,False,0.14,62.028499154901915,8.834042057429343,0.39305952146439166,923.2732795770952,9.809396501894298,0.526124658695316,1.2377974320445069,1247.22267604298,61.11850800235243,-0.9415597629084269,30.76585735527796,30.780261753150167
Optimization,0.6559411960899372,True,0.14,57.12505875501955,11.059239203611982,0.31748386272604123,1000.5132152926885,4.783956333267757,0.47927479843244986,1.186753442229153,927.2689237541974,45.51623813898974,7.432176504700789,0.7902420358369309,7.474070515604608
ML,0.484507340725765,True,0.14,57.12505875501955,11.059239203611982,0.31748386272604123,1000.5132152926885,4.783956333267757,0.47927479843244986,1.186753442229153,927.2689237541974,45.51623813898974,-6.6621345032184145,0.9554091486425033,6.7302929193522525
cvxkerb,3.4687290597522895,False,0.14,57.12505875501955,11.059239203611982,0.31748386272604123,1000.5132152926885,4.783956333267757,0.47927479843244986,1.186753442229153,927.2689237541974,45.51623813898974,-17.327371259608938,-21.11128398024432,27.311611194926645
Optimization,0.6625006638171388,True,0.14,46.22699254221337,11.12304634427376,0.34598004237693203,911.6327591010952,11.938395806037207,0.46155611219927334,1.2195035228858553,1293.4715701053656,49.78360208431851,1.8166523408525357,-2.6710566989013866,3.230289401318552
ML,0.45414309910660694,True,0.14,46.22699254221337,11.12304634427376,0.34598004237693203,911.6327591010952,11.938395806037207,0.46155611219927334,1.2195035228858553,1293.4715701053656,49.78360208431851,0.22993647525877953,0.004361797179493424,0.2299778422567408
cvxkerb,5.53942950437963,False,0.14,46.22699254221337,11.12304634427376,0.34598004237693203,911.6327591010952,11.938395806037207,0.46155611219927334,1.2195035228858553,1293.4715701053656,49.78360208431851,29.06821105073006,-45.45641572677803,53.95596931216655
Optimization,1.185824720605554,True,0.16,55.54082927823303,9.704333535561485,0.31307103767401995,1077.3208430480934,5.39741578585587,0.488924502364153,1.186775935087729,1065.6519010115708,61.550757911337485,-0.3165258290253951,-1.8458988029750445,1.8728403539183247
ML,0.4321450408274005,True,0.16,55.54082927823303,9.704333535561485,0.31307103767401995,1077.3208430480934,5.39741578585587,0.488924502364153,1.186775935087729,1065.6519010115708,61.550757911337485,1.5947706223514266,-4.046337949820832,4.349269380260943
cvxkerb,4.720287172532525,False,0.16,55.54082927823303,9.704333535561485,0.31307103767401995,1077.3208430480934,5.39741578585587,0.488924502364153,1.186775935087729,1065.6519010115708,61.550757911337485,-0.5795567575847481,-22.348686856073193,22.35620026359759
Optimization,1.2600589433570655,True,0.16,51.4935185378012,10.949428309551198,0.34760181293687664,975.1776570291538,4.733715342840424,0.5418893536811973,1.2285016543837057,1256.8338755760938,64.10669373007856,-0.20651521035296636,-3.119816932428357,3.1266445631017628
ML,0.653406793484791,True,0.16,51.4935185378012,10.949428309551198,0.34760181293687664,975.1776570291538,4.733715342840424,0.5418893536811973,1.2285016543837057,1256.8338755760938,64.10669373007856,13.269228707992147,-3.725647450722415,13.78233940345678
cvxkerb,5.178566387592206,False,0.16,51.4935185378012,10.949428309551198,0.34760181293687664,975.1776570291538,4.733715342840424,0.5418893536811973,1.2285016543837057,1256.8338755760938,64.10669373007856,45.39282323636069,54.45122030918774,70.8903646099185
Optimization,0.7226555635435287,True,0.16,46.3330408112138,10.073632087780815,0.31501690008170413,1047.4867537442972,6.146663049752094,0.5860455558416706,1.1541672900602384,933.9168064183212,59.326467761253646,-2.0003190794756605,3.2374586911622774,3.8055768546564024
ML,0.5879304009503126,True,0.16,46.3330408112138,10.073632087780815,0.31501690008170413,1047.4867537442972,6.146663049752094,0.5860455558416706,1.1541672900602384,933.9168064183212,59.326467761253646,-3.2651458914211204,-2.2437680400725832,3.961776458852188
cvxkerb,3.5742949296633952,False,0.16,46.3330408112138,10.073632087780815,0.31501690008170413,1047.4867537442972,6.146663049752094,0.5860455558416706,1.1541672900602384,933.9168064183212,59.326467761253646,-11.336611039458742,-20.323127877303676,23.27118984016966
Optimization,1.0457638700051914,True,0.16,45.41889922061826,8.328686669905709,0.3967860034845031,959.088955495484,9.230677774057604,0.5749327137708528,1.1881939639652894,982.2749048782221,47.42772836318813,11.716592705000219,6.072642513846379,13.19680005591654
ML,0.6855283958575152,True,0.16,45.41889922061826,8.328686669905709,0.3967860034845031,959.088955495484,9.230677774057604,0.5749327137708528,1.1881939639652894,982.2749048782221,47.42772836318813,-6.3418219668777045,9.143792092013095,11.127786827646089
cvxkerb,9.832831758274278,False,0.16,45.41889922061826,8.328686669905709,0.3967860034845031,959.088955495484,9.230677774057604,0.5749327137708528,1.1881939639652894,982.2749048782221,47.42772836318813,42.45900244908703,14.107062499579229,44.74121255999454
Optimization,1.078522599525231,True,0.16,61.23539576180275,10.625914429326011,0.31280957463662,967.6535011988997,11.137003683912596,0.4949231223687704,1.1872167023837512,1072.8307531776784,53.788099793889046,-9.821234817353368,-6.728472991671443,11.904999039783501
ML,0.5419001503472175,True,0.16,61.23539576180275,10.625914429326011,0.31280957463662,967.6535011988997,11.137003683912596,0.4949231223687704,1.1872167023837512,1072.8307531776784,53.788099793889046,2.6620012478098833,0.9924571704832867,2.840989594944879
cvxkerb,6.522434082410911,False,0.16,61.23539576180275,10.625914429326011,0.31280957463662,967.6535011988997,11.137003683912596,0.4949231223687704,1.1872167023837512,1072.8307531776784,53.788099793889046,13.222129991297095,41.648838862935996,43.69725964105262
Optimization,0.7314185349239066,True,0.16,54.2107899454828,11.367994211560246,0.37284906771616133,1055.289489299945,7.873942052172858,0.4854857538939414,1.2045026918896937,1293.8678958098033,63.74776132994238,-3.503038652682573,1.7208017394476995,3.9028756614417484
ML,0.4300176190037719,True,0.16,54.2107899454828,11.367994211560246,0.37284906771616133,1055.289489299945,7.873942052172858,0.4854857538939414,1.2045026918896937,1293.8678958098033,63.74776132994238,3.0766240408688312,0.05285111771542202,3.077077953106782
cvxkerb,5.591928088004909,False,0.16,54.2107899454828,11.367994211560246,0.37284906771616133,1055.289489299945,7.873942052172858,0.4854857538939414,1.2045026918896937,1293.8678958098033,63.74776132994238,5.792655862415237,62.59794772188833,62.86539525790511
Optimization,0.8101843220563576,True,0.16,50.95096902637641,10.260087971436064,0.3688885302050091,1074.6645831721617,7.635496247750977,0.6022243074086316,1.1660071634954572,1084.622989767916,45.18663239654187,14.679211975845146,-4.8188127780781445,15.449926240016966
ML,0.6451550123574878,True,0.16,50.95096902637641,10.260087971436064,0.3688885302050091,1074.6645831721617,7.635496247750977,0.6022243074086316,1.1660071634954572,1084.622989767916,45.18663239654187,1.941856781082141,-2.532131422360545,3.191002553797212
cvxkerb,5.93205705448144,False,0.16,50.95096902637641,10.260087971436064,0.3688885302050091,1074.6645831721617,7.635496247750977,0.6022243074086316,1.1660071634954572,1084.622989767916,45.18663239654187,-26.859585132053887,-35.07631556225097,44.17901342140473
Optimization,0.871334524451287,True,0.16,47.97776100664889,9.222416861960859,0.3876650761828201,1099.2668675254495,4.4197143660821805,0.5397221261909085,1.2222070938202736,1254.4783121860298,56.860886683735686,-6.610011346114549,-9.115548199582708,11.259905371479753
ML,0.5899875016170316,True,0.16,47.97776100664889,9.222416861960859,0.3876650761828201,1099.2668675254495,4.4197143660821805,0.5397221261909085,1.2222070938202736,1254.4783121860298,56.860886683735686,-0.7730050128512989,3.5833499721132536,3.6657787402593316
cvxkerb,5.089108292299137,False,0.16,47.97776100664889,9.222416861960859,0.3876650761828201,1099.2668675254495,4.4197143660821805,0.5397221261909085,1.2222070938202736,1254.4783121860298,56.860886683735686,9.113382050883095,11.855374442600834,14.953382078300253
Optimization,0.8503363706352187,True,0.16,56.21320188832342,10.41395066638582,0.3676467937226362,1060.997799936154,3.237848641538572,0.6150098820360124,1.1998255682263452,930.8233116537325,46.17101858487958,8.83834017970096,6.359873792968228,10.888721311274363
ML,0.37071483505533404,True,0.16,56.21320188832342,10.41395066638582,0.3676467937226362,1060.997799936154,3.237848641538572,0.6150098820360124,1.1998255682263452,930.8233116537325,46.17101858487958,-0.5231314676738781,-2.2778962576704194,2.3371944491589756
cvxkerb,3.8212020370671493,False,0.16,56.21320188832342,10.41395066638582,0.3676467937226362,1060.997799936154,3.237848641538572,0.6150098820360124,1.1998255682263452,930.8233116537325,46.17101858487958,-2.753117771391737,3.8647017227351594,4.745058152316483
Optimization,0.9180048045101425,True,0.18,53.42496106588144,10.54470945883293,0.37856516180802324,923.6672381846774,4.918858676355459,0.6179604571271234,1.1883832951933044,1128.7489084908746,56.755387217243964,3.4263504675215843,0.8369638610480581,3.52709314180755
ML,0.31680099104344994,True,0.18,53.42496106588144,10.54470945883293,0.37856516180802324,923.6672381846774,4.918858676355459,0.6179604571271234,1.1883832951933044,1128.7489084908746,56.755387217243964,-3.6668317601309175,-12.547317284355728,13.072139311964083
cvxkerb,7.5711760688604635,False,0.18,53.42496106588144,10.54470945883293,0.37856516180802324,923.6672381846774,4.918858676355459,0.6179604571271234,1.1883832951933044,1128.7489084908746,56.755387217243964,17.156503745386708,-17.794552286740327,24.718246536738878
Optimization,0.9161837497918528,True,0.18,54.16373773475785,9.93187548834142,0.31334799724159434,916.1203027514249,8.735271683685182,0.5492922304710599,1.1936850702615178,1191.8032914609587,60.3102579798222,4.227309547476849,-6.132155711158602,7.44805207259482
ML,0.49194369671297905,True,0.18,54.16373773475785,9.93187548834142,0.31334799724159434,916.1203027514249,8.735271683685182,0.5492922304710599,1.1936850702615178,1191.8032914609587,60.3102579798222,-0.5978671071912873,1.042138457354076,1.2014564670255896
cvxkerb,4.28862933527329,False,0.18,54.16373773475785,9.93187548834142,0.31334799724159434,916.1203027514249,8.735271683685182,0.5492922304710599,1.1936850702615178,1191.8032914609587,60.3102579798222,-3.668774468565217,-5.041252108564345,6.234912102291455
Optimization,1.0104462464168262,True,0.18,60.534211139103625,8.26146463025754,0.34875711936733844,906.7227200366565,0.7518384414642543,0.6312874906688822,1.1639245371117595,1112.9682729100869,53.22191205201413,15.462878282451374,0.6605867860307513,15.476982253649606
ML,0.5358906398903724,True,0.18,60.534211139103625,8.26146463025754,0.34875711936733844,906.7227200366565,0.7518384414642543,0.6312874906688822,1.1639245371117595,1112.9682729100869,53.22191205201413,-1.4386841715897174,-0.48711512016158576,1.518911875611231
cvxkerb,6.175717929958555,False,0.18,60.534211139103625,8.26146463025754,0.34875711936733844,906.7227200366565,0.7518384414642543,0.6312874906688822,1.1639245371117595,1112.9682729100869,53.22191205201413,30.563499004349353,-48.26536357433385,57.12856371686143
Optimization,0.9546755069136245,True,0.18,48.9619526551948,10.26132101828644,0.34639324866883364,1094.4010659263074,7.302327272357599,0.5199012744173638,1.1614095784887932,960.4987314939738,49.5063385990247,14.319255711368847,37.47886291173705,40.121144665679076
ML,0.5316882367270389,True,0.18,48.9619526551948,10.26132101828644,0.34639324866883364,1094.4010659263074,7.302327272357599,0.5199012744173638,1.1614095784887932,960.4987314939738,49.5063385990247,0.9330902024956899,0.5108759557756836,1.0637911299607483
cvxkerb,3.9018496085940972,False,0.18,48.9619526551948,10.26132101828644,0.34639324866883364,1094.4010659263074,7.302327272357599,0.5199012744173638,1.1614095784887932,960.4987314939738,49.5063385990247,39.18642551500041,-27.393445248033462,47.81188960080622
Optimization,1.5637897222223804,True,0.18,63.913962940005646,11.399901485922648,0.36690223373291087,992.4591122001215,4.941186499014102,0.5801946934301908,1.2045431869406904,924.9092423527543,55.25005297540663,-0.403293640820134,-4.492851162694381,4.510915353988612
ML,0.43000492592680273,True,0.18,63.913962940005646,11.399901485922648,0.36690223373291087,992.4591122001215,4.941186499014102,0.5801946934301908,1.2045431869406904,924.9092423527543,55.25005297540663,0.3638576145467591,4.819027517050829,4.832744414280227
cvxkerb,4.18786315187993,False,0.18,63.913962940005646,11.399901485922648,0.36690223373291087,992.4591122001215,4.941186499014102,0.5801946934301908,1.2045431869406904,924.9092423527543,55.25005297540663,-10.418169906272267,-55.80863104240943,56.77271847484268
Optimization,1.316545231192488,True,0.18,64.69979312281751,11.088049905239961,0.30271674212255595,913.0409182520984,5.567176521747993,0.6318440411723121,1.2038701797952713,1099.1250032137161,47.10947399913261,15.872306367546043,-6.886533615650152,17.301862751297104
ML,0.5220625786428368,True,0.18,64.69979312281751,11.088049905239961,0.30271674212255595,913.0409182520984,5.567176521747993,0.6318440411723121,1.2038701797952713,1099.1250032137161,47.10947399913261,-4.009290034788859,1.010688877605969,4.134718683341548
cvxkerb,5.633872161972498,False,0.18,64.69979312281751,11.088049905239961,0.30271674212255595,913.0409182520984,5.567176521747993,0.6318440411723121,1.2038701797952713,1099.1250032137161,47.10947399913261,43.986655045355974,24.602758831635118,50.399618691084754
Optimization,0.8923555726345063,True,0.18,55.6605773449228,8.631819291341392,0.3695899118168803,1058.6522700876508,3.80114012481032,0.6214358513997507,1.2406143254765767,1010.7617949511235,64.67042945430444,-0.7495558649209617,-3.7322087829116777,3.806733034227706
ML,0.5287839634206128,True,0.18,55.6605773449228,8.631819291341392,0.3695899118168803,1058.6522700876508,3.80114012481032,0.6214358513997507,1.2406143254765767,1010.7617949511235,64.67042945430444,0.10632744512184299,6.199883244068372,6.200794930141289
cvxkerb,10.081443904531548,False,0.18,55.6605773449228,8.631819291341392,0.3695899118168803,1058.6522700876508,3.80114012481032,0.6214358513997507,1.2406143254765767,1010.7617949511235,64.67042945430444,-18.10475990141207,7.298987572468687,19.520695445368506
Optimization,1.4216313874765447,True,0.18,62.63855516609288,9.70995875168246,0.3162233405782479,902.5215039951518,6.717068203660591,0.5554799244245353,1.2219353622369158,1256.103221207121,46.58813169286059,1.2190352583281738,1.3684750451033634,1.8326949855657624
ML,0.4102676554820175,True,0.18,62.63855516609288,9.70995875168246,0.3162233405782479,902.5215039951518,6.717068203660591,0.5554799244245353,1.2219353622369158,1256.103221207121,46.58813169286059,4.536911136687209,-0.6583163092997906,4.584423957847542
cvxkerb,4.584983890762133,False,0.18,62.63855516609288,9.70995875168246,0.3162233405782479,902.5215039951518,6.717068203660591,0.5554799244245353,1.2219353622369158,1256.103221207121,46.58813169286059,28.98613090430768,-11.061202364782401,31.024925182122978
Optimization,1.2750323292333676,True,0.18,48.47523186271488,10.848056081323122,0.3825978212708082,920.1274957047067,2.8784893530713367,0.4783943979521988,1.1847941411582166,1080.140391562165,59.97652673926613,7.531988586047958,7.574648034531495,10.682047786234087
ML,0.43425393812330604,True,0.18,48.47523186271488,10.848056081323122,0.3825978212708082,920.1274957047067,2.8784893530713367,0.4783943979521988,1.1847941411582166,1080.140391562165,59.97652673926613,-7.7052515464138605,2.765591137612392,8.186537469159559
cvxkerb,5.823817862085486,False,0.18,48.47523186271488,10.848056081323122,0.3825978212708082,920.1274957047067,2.8784893530713367,0.4783943979521988,1.1847941411582166,1080.140391562165,59.97652673926613,-6.408733258051333,2.774710679663895,6.983615204798595
Optimization,1.0982459989166233,True,0.2,48.497628743519186,11.422949035623144,0.3227179557023515,1067.408225048588,3.351313061452925,0.5785763820117416,1.219415057350983,1105.0619012580212,51.10621353393463,1.5877238933667448,-2.0323407666502518,2.5790068152985146
ML,0.5229898735583425,True,0.2,48.497628743519186,11.422949035623144,0.3227179557023515,1067.408225048588,3.351313061452925,0.5785763820117416,1.219415057350983,1105.0619012580212,51.10621353393463,2.7609451692238216,-6.840968467019596,7.377104296010515
cvxkerb,9.034326529502572,False,0.2,48.497628743519186,11.422949035623144,0.3227179557023515,1067.408225048588,3.351313061452925,0.5785763820117416,1.219415057350983,1105.0619012580212,51.10621353393463,20.92760996012219,-24.240969623247256,32.0248257905988
Optimization,1.6840330639252687,True,0.2,53.941110876128505,9.841433084807704,0.386456360952267,1009.3296440375577,4.564806587644916,0.6453600657021319,1.1610720593326316,1069.019371324778,45.84049350342811,2.1581256161452336,10.197986846823516,10.423840074706042
ML,0.4541978530434484,True,0.2,53.941110876128505,9.841433084807704,0.386456360952267,1009.3296440375577,4.564806587644916,0.6453600657021319,1.1610720593326316,1069.019371324778,45.84049350342811,5.437528102869869,4.529007200728657,7.076624767058914
cvxkerb,4.14268863337258,False,0.2,53.941110876128505,9.841433084807704,0.386456360952267,1009.3296440375577,4.564806587644916,0.6453600657021319,1.1610720593326316,1069.019371324778,45.84049350342811,-43.0161030587494,49.93883461015591,65.91109409334256
Optimization,1.3354043759972742,True,0.2,61.58789329717694,9.12608479365972,0.3872753839566128,922.5160780823874,8.444231729529548,0.5581396953289821,1.159653447019544,996.7575313035356,45.248080725546295,-10.851123975668523,5.263748847793502,12.060428826039963
ML,0.6155058193312849,True,0.2,61.58789329717694,9.12608479365972,0.3872753839566128,922.5160780823874,8.444231729529548,0.5581396953289821,1.159653447019544,996.7575313035356,45.248080725546295,13.771083555156242,5.911429902384311,14.986251892114254
cvxkerb,4.200976736341407,False,0.2,61.58789329717694,9.12608479365972,0.3872753839566128,922.5160780823874,8.444231729529548,0.5581396953289821,1.159653447019544,996.7575313035356,45.248080725546295,-18.385591552333434,-20.776952727155745,27.74367930458574
Optimization,1.394888832094415,True,0.2,61.627470287714196,10.395914032708841,0.3114932997059567,918.7714569646712,10.915521833239108,0.5838400525876157,1.2329286799316757,1251.5915601129068,56.435447040966444,0.3430789644668424,-6.222365642989743,6.23181653861206
ML,0.34692069072674847,True,0.2,61.627470287714196,10.395914032708841,0.3114932997059567,918.7714569646712,10.915521833239108,0.5838400525876157,1.2329286799316757,1251.5915601129068,56.435447040966444,-0.7667226910825483,5.3153760087874335,5.370389725132981
cvxkerb,6.0781007712042925,False,0.2,61.627470287714196,10.395914032708841,0.3114932997059567,918.7714569646712,10.915521833239108,0.5838400525876157,1.2329286799316757,1251.5915601129068,56.435447040966444,54.7615371595302,24.781049499296113,60.10762319673912
Optimization,1.3482274278396047,True,0.2,49.74866936749613,10.049455110183162,0.31042248028083474,976.9022655289625,5.852004823455173,0.5804448519090946,1.2450531052586205,1140.2604266193423,59.87187832353119,-1.0386556452370008,-1.8144885970501636,2.0907353773750903
ML,0.4340561045441239,True,0.2,49.74866936749613,10.049455110183162,0.31042248028083474,976.9022655289625,5.852004823455173,0.5804448519090946,1.2450531052586205,1140.2604266193423,59.87187832353119,-0.07124729217914308,-0.4235860597288347,0.42953617617083206
cvxkerb,4.555936233981978,False,0.2,49.74866936749613,10.049455110183162,0.31042248028083474,976.9022655289625,5.852004823455173,0.5804448519090946,1.2450531052586205,1140.2604266193423,59.87187832353119,-54.20296621054195,-23.44240160129424,59.05512457744472
Optimization,1.3444682627887203,True,0.2,55.33145256891958,8.022023196641683,0.30076640326492254,943.8137618203716,0.4406563500098537,0.4716051508261383,1.1838860649338752,1221.0342718319253,56.440972867386016,-2.6651433873408257,-0.6375416217071316,2.740337313999043
ML,0.5518215379199742,True,0.2,55.33145256891958,8.022023196641683,0.30076640326492254,943.8137618203716,0.4406563500098537,0.4716051508261383,1.1838860649338752,1221.0342718319253,56.440972867386016,-1.2611712245422866,-3.1465680010955506,3.3899031023219437
cvxkerb,5.563054977875565,False,0.2,55.33145256891958,8.022023196641683,0.30076640326492254,943.8137618203716,0.4406563500098537,0.4716051508261383,1.1838860649338752,1221.0342718319253,56.440972867386016,55.01370301272122,-1.7553084078916388,55.04169898157857
Optimization,1.1930780783540027,True,0.2,64.8563367799814,8.525956479591926,0.327473152551952,978.9152151195293,5.061938142465976,0.5322042150531092,1.2407611002556556,1185.6130577867425,57.158104281814076,1.7883091465963095,-7.589022301409752,7.796878163412238
ML,0.48774441885213204,True,0.2,64.8563367799814,8.525956479591926,0.327473152551952,978.9152151195293,5.061938142465976,0.5322042150531092,1.2407611002556556,1185.6130577867425,57.158104281814076,-3.352032174963575,-3.3405815689393603,4.7323994887084915
cvxkerb,5.249797552160527,False,0.2,64.8563367799814,8.525956479591926,0.327473152551952,978.9152151195293,5.061938142465976,0.5322042150531092,1.2407611002556556,1185.6130577867425,57.158104281814076,-9.402630482843705,15.685007318965283,18.287397698767755
Optimization,1.6482760673545602,True,0.2,58.37145293445828,10.71467982669026,0.3361919990837865,1018.7321582417077,0.12157420833292054,0.5772192092819084,1.2413286947576236,1145.0293873379278,62.4739718693269,-0.39659115583156584,-2.6950059889427487,2.724030437664216
ML,0.5037585056204889,True,0.2,58.37145293445828,10.71467982669026,0.3361919990837865,1018.7321582417077,0.12157420833292054,0.5772192092819084,1.2413286947576236,1145.0293873379278,62.4739718693269,-0.3788309801384148,-5.546262024196081,5.55918477409703
cvxkerb,5.888687163967988,False,0.2,58.37145293445828,10.71467982669026,0.3361919990837865,1018.7321582417077,0.12157420833292054,0.5772192092819084,1.2413286947576236,1145.0293873379278,62.4739718693269,0.6656661106401819,-4.279394183204811,4.330857414658442
Optimization,1.8024077516240988,True,0.2,51.86334706345316,10.916693950197793,0.365229164859194,1069.1208725979814,8.309913920030704,0.5359862154780296,1.2172966622394432,1010.1524697021674,51.126269975564256,4.5506071442073095,4.2112825292043725,6.200235956936847
ML,0.4939469332348788,True,0.2,51.86334706345316,10.916693950197793,0.365229164859194,1069.1208725979814,8.309913920030704,0.5359862154780296,1.2172966622394432,1010.1524697021674,51.126269975564256,2.698109776438184,-6.108479611483208,6.677822963332987
cvxkerb,6.023926378045109,False,0.2,51.86334706345316,10.916693950197793,0.365229164859194,1069.1208725979814,8.309913920030704,0.5359862154780296,1.2172966622394432,1010.1524697021674,51.126269975564256,39.00010447253971,-32.857969887071526,50.996611004739435
Optimization,1.4190250107856992,True,0.22,48.337204033975055,9.72211735384883,0.3142594144081909,1078.0194070367615,4.150529528854289,0.4808919494446648,1.152544775990575,1158.3289545145938,57.738046349094866,3.7712834176268704,-4.283823333499627,5.707339219698025
ML,0.4141477560244699,True,0.22,48.337204033975055,9.72211735384883,0.3142594144081909,1078.0194070367615,4.150529528854289,0.4808919494446648,1.152544775990575,1158.3289545145938,57.738046349094866,-5.689305387336238,-2.730759656521676,6.310724529882407
cvxkerb,14.691222107485338,False,0.22,48.337204033975055,9.72211735384883,0.3142594144081909,1078.0194070367615,4.150529528854289,0.4808919494446648,1.152544775990575,1158.3289545145938,57.738046349094866,-16.426356017883457,8.60393701148532,18.5432711279284
Optimization,1.1874729938682813,True,0.22,54.71179399318795,8.110146879477862,0.350545511791045,1092.8034814235405,4.610480555829603,0.45779920251498235,1.1530955790919342,1055.1947039787478,48.200498729263884,-20.548288196152075,-4.043938435034061,20.942435050835623
ML,0.5764358963238492,True,0.22,54.71179399318795,8.110146879477862,0.350545511791045,1092.8034814235405,4.610480555829603,0.45779920251498235,1.1530955790919342,1055.1947039787478,48.200498729263884,-1.5577318808637928,-7.184684227765219,7.351613160753071
cvxkerb,5.455392047594705,False,0.22,54.71179399318795,8.110146879477862,0.350545511791045,1092.8034814235405,4.610480555829603,0.45779920251498235,1.1530955790919342,1055.1947039787478,48.200498729263884,-34.995740060894185,4.315969665592988,35.26087657112331
Optimization,1.3694874079206905,True,0.22,55.83409624820008,11.04760725041948,0.3833649961937586,988.0882700624848,3.627998992217925,0.501866979463419,1.1694623836704872,923.05903287961,51.84895957669427,-19.64061183087651,-32.93644990033218,38.34792517370735
ML,0.5851815686984334,True,0.22,55.83409624820008,11.04760725041948,0.3833649961937586,988.0882700624848,3.627998992217925,0.501866979463419,1.1694623836704872,923.05903287961,51.84895957669427,3.7649307480128633,-1.6688916833436735,4.118240278088006
cvxkerb,6.047058167589736,False,0.22,55.83409624820008,11.04760725041948,0.3833649961937586,988.0882700624848,3.627998992217925,0.501866979463419,1.1694623836704872,923.05903287961,51.84895957669427,20.058088378571725,35.67860715689054,40.93030561892148
Optimization,1.965994964523948,True,0.22,57.41320959649168,8.805248431289733,0.33951377432643187,907.8919065781798,5.7065524498419204,0.5586049167915327,1.1727749736103208,1285.6115388662056,63.18909221874484,-3.2243590532705513,2.4966946997726605,4.077986724877935
ML,0.5774695229592932,True,0.22,57.41320959649168,8.805248431289733,0.33951377432643187,907.8919065781798,5.7065524498419204,0.5586049167915327,1.1727749736103208,1285.6115388662056,63.18909221874484,-3.1639283609270987,-1.0667498746453827,3.338921677448391
cvxkerb,13.64100049494855,False,0.22,57.41320959649168,8.805248431289733,0.33951377432643187,907.8919065781798,5.7065524498419204,0.5586049167915327,1.1727749736103208,1285.6115388662056,63.18909221874484,-26.742991129743604,5.821953597245844,27.369375554696692
Optimization,3.5900016706683937,False,0.22,52.50659815839204,9.14313422210348,0.3203223091086087,1052.3596382755395,4.6384860818763345,0.5522550924401503,1.1992325480001182,1130.9116116932526,62.31154291249105,7.26842641901522,3.621523970632173,8.120680912245096
ML,0.5693670198213276,True,0.22,52.50659815839204,9.14313422210348,0.3203223091086087,1052.3596382755395,4.6384860818763345,0.5522550924401503,1.1992325480001182,1130.9116116932526,62.31154291249105,-1.695343787340612,-1.2995959997713342,2.1361508186212097
cvxkerb,8.929935028116844,False,0.22,52.50659815839204,9.14313422210348,0.3203223091086087,1052.3596382755395,4.6384860818763345,0.5522550924401503,1.1992325480001182,1130.9116116932526,62.31154291249105,12.053156633422823,-59.7094825925916,60.913880982127736
Optimization,1.466272174329032,True,0.22,57.531850221864204,11.705530426920348,0.3019116094429764,995.3686936635634,8.252664509166728,0.5945413915396457,1.2192532431537109,953.7740517632487,50.98791176743362,-13.308781106922916,-10.177970799163003,16.754543984859843
ML,0.6237565571939163,True,0.22,57.531850221864204,11.705530426920348,0.3019116094429764,995.3686936635634,8.252664509166728,0.5945413915396457,1.2192532431537109,953.7740517632487,50.98791176743362,1.6591103758215577,1.6654393396354161,2.3508159079698268
cvxkerb,4.872612539737985,False,0.22,57.531850221864204,11.705530426920348,0.3019116094429764,995.3686936635634,8.252664509166728,0.5945413915396457,1.2192532431537109,953.7740517632487,50.98791176743362,26.50780961472311,25.820522465367006,37.00490982227803
Optimization,1.4536414345575563,True,0.22,60.32231865591172,11.383685758710929,0.36136041142374586,917.7209427939358,5.85153371600653,0.465529866934321,1.190754303103243,1062.842595650251,46.32019688280483,4.173835802611089,-6.684097522836611,7.880232547453702
ML,0.5450401663634556,True,0.22,60.32231865591172,11.383685758710929,0.36136041142374586,917.7209427939358,5.85153371600653,0.465529866934321,1.190754303103243,1062.842595650251,46.32019688280483,2.7830046929690218,3.9579510612588287,4.838438975992927
cvxkerb,4.632779139912013,False,0.22,60.32231865591172,11.383685758710929,0.36136041142374586,917.7209427939358,5.85153371600653,0.465529866934321,1.190754303103243,1062.842595650251,46.32019688280483,-12.493268955937289,-5.9275713515812845,13.828155022759672
Optimization,1.7937439846451757,True,0.22,49.647686461120955,9.124017995634855,0.3803482743296885,1085.8456107263708,4.861232334330797,0.6312222004264995,1.1821495701247882,1090.5747945375167,49.52057995631999,-31.60901446696638,23.007305257144807,39.095599378553246
ML,0.19162818424007755,True,0.22,49.647686461120955,9.124017995634855,0.3803482743296885,1085.8456107263708,4.861232334330797,0.6312222004264995,1.1821495701247882,1090.5747945375167,49.52057995631999,0.8454740681028935,-2.9841785019534104,3.1016362990130477
cvxkerb,7.136304874672883,False,0.22,49.647686461120955,9.124017995634855,0.3803482743296885,1085.8456107263708,4.861232334330797,0.6312222004264995,1.1821495701247882,1090.5747945375167,49.52057995631999,2.6856409804542327,11.978244243719239,12.275626364389241
Optimization,1.808779597844259,True,0.22,61.079170151050405,10.210003869631556,0.3520169892310751,928.5751922678824,9.304153804837627,0.5042818760893428,1.1996695422817947,1013.7096371710066,47.67656725999386,1.6189790988009516,-2.37998548589235,2.878441285733059
ML,0.6473202679147001,True,0.22,61.079170151050405,10.210003869631556,0.3520169892310751,928.5751922678824,9.304153804837627,0.5042818760893428,1.1996695422817947,1013.7096371710066,47.67656725999386,-1.567766937910228,0.7420150767089311,1.7344969142860338
cvxkerb,8.739326751526578,False,0.22,61.079170151050405,10.210003869631556,0.3520169892310751,928.5751922678824,9.304153804837627,0.5042818760893428,1.1996695422817947,1013.7096371710066,47.67656725999386,1.666167282168909,-1.751044762383008,2.4170790578793846
Optimization,3.1310977071605697,False,0.24,51.325402994586135,8.407569552264054,0.33602339188004277,954.0786572769051,10.11254282592666,0.5126695835170286,1.2288932471776006,1256.7488579242938,53.67634839153059,-0.5964834293315756,18.033401715321208,18.043263837444073
ML,0.6738761907071341,True,0.24,51.325402994586135,8.407569552264054,0.33602339188004277,954.0786572769051,10.11254282592666,0.5126695835170286,1.2288932471776006,1256.7488579242938,53.67634839153059,0.36150022777534413,0.20383078198492946,0.4150053040217842
cvxkerb,7.717829181069932,False,0.24,51.325402994586135,8.407569552264054,0.33602339188004277,954.0786572769051,10.11254282592666,0.5126695835170286,1.2288932471776006,1256.7488579242938,53.67634839153059,-52.543911904006585,-67.92490408526336,85.87581308592212
Optimization,1.5606681116925225,True,0.24,47.10729844501713,11.127295453379743,0.36441492214759164,909.6372024786592,4.32060559081174,0.6413599630968573,1.20004011457102,1073.0916544078818,54.15399210318588,7.139460402354808,-3.4273970669877682,7.919529373112308
ML,0.4907680138528532,True,0.24,47.10729844501713,11.127295453379743,0.36441492214759164,909.6372024786592,4.32060559081174,0.6413599630968573,1.20004011457102,1073.0916544078818,54.15399210318588,1.1797585808597981,1.084905536315701,1.6027633424310601
cvxkerb,5.51505680328356,False,0.24,47.10729844501713,11.127295453379743,0.36441492214759164,909.6372024786592,4.32060559081174,0.6413599630968573,1.20004011457102,1073.0916544078818,54.15399210318588,29.703442048966473,-2.1657536000764517,29.782292695703493
Optimization,1.7470449009539366,True,0.24,49.31481358352908,10.711252801240176,0.36077521222527226,959.0602955143665,1.6392108438140713,0.5803279520954553,1.223859745813233,1026.25093750534,57.89665208044627,1.8112645473938187,-1.396155210080311,2.2869037214714862
ML,0.44437148252719705,True,0.24,49.31481358352908,10.711252801240176,0.36077521222527226,959.0602955143665,1.6392108438140713,0.5803279520954553,1.223859745813233,1026.25093750534,57.89665208044627,-0.2498943263295867,-2.676884152025478,2.688523003006833
cvxkerb,9.488397603752313,False,0.24,49.31481358352908,10.711252801240176,0.36077521222527226,959.0602955143665,1.6392108438140713,0.5803279520954553,1.223859745813233,1026.25093750534,57.89665208044627,0.35054246224145197,-4.492490929107604,4.506146332061178
Optimization,3.7504141697566187,False,0.24,45.38655261835202,8.497473596002042,0.34136426749186355,998.5729168894893,4.85147696705843,0.5561875356824187,1.2095131674905681,903.9695284511342,54.28190318907008,-9.938332218408561,-10.350281030835836,14.34917296225597
ML,0.6166583290897045,True,0.24,45.38655261835202,8.497473596002042,0.34136426749186355,998.5729168894893,4.85147696705843,0.5561875356824187,1.2095131674905681,903.9695284511342,54.28190318907008,2.674374742801995,0.11964697070221386,2.677049805762951
cvxkerb,5.245323610318733,False,0.24,45.38655261835202,8.497473596002042,0.34136426749186355,998.5729168894893,4.85147696705843,0.5561875356824187,1.2095131674905681,903.9695284511342,54.28190318907008,2.4892488729590005,2.1894152711891066,3.3151016849025496
Optimization,1.659827389986903,True,0.24,47.404144582411526,9.062331331834425,0.3017552363366629,958.6617221561129,9.277702487024058,0.5535921055425158,1.1848095593168289,1048.6957179625322,45.02707251430936,8.712995193964312,8.80070093908895,12.384208584698754
ML,0.3516854551623081,True,0.24,47.404144582411526,9.062331331834425,0.3017552363366629,958.6617221561129,9.277702487024058,0.5535921055425158,1.1848095593168289,1048.6957179625322,45.02707251430936,-1.244103952695457,-1.1159198506796193,1.6712485626780007
cvxkerb,6.6028230783058115,False,0.24,47.404144582411526,9.062331331834425,0.3017552363366629,958.6617221561129,9.277702487024058,0.5535921055425158,1.1848095593168289,1048.6957179625322,45.02707251430936,-31.72314413946555,-27.66485903820079,42.091594169107296
Optimization,1.5839400690151613,True,0.24,64.15579601976408,11.770897276376449,0.37851895431484084,1098.2655803128441,6.5337879936031555,0.6425536700506412,1.157560504061675,1046.2722993045486,49.507625360135314,-0.17957819448144693,5.590434854540658,5.593318352355446
ML,0.5990839435700474,True,0.24,64.15579601976408,11.770897276376449,0.37851895431484084,1098.2655803128441,6.5337879936031555,0.6425536700506412,1.157560504061675,1046.2722993045486,49.507625360135314,1.0517508408806864,2.4068654441763813,2.6266292272918155
cvxkerb,6.192682944209267,False,0.24,64.15579601976408,11.770897276376449,0.37851895431484084,1098.2655803128441,6.5337879936031555,0.6425536700506412,1.157560504061675,1046.2722993045486,49.507625360135314,-26.134329945398786,-40.53234291169716,48.22731615595434
Optimization,1.8524289700366545,True,0.24,63.34971686263981,9.162018022685682,0.34699882681579364,1078.028227479203,8.49265620321033,0.46244064523294054,1.164730304427897,903.1366363087667,57.61843580458327,0.1769107077738851,2.7314296524978015,2.7371527807320724
ML,0.7519517912260343,True,0.24,63.34971686263981,9.162018022685682,0.34699882681579364,1078.028227479203,8.49265620321033,0.46244064523294054,1.164730304427897,903.1366363087667,57.61843580458327,0.010775646151883504,1.3335616072677712,1.3336051420598947
cvxkerb,6.508720326172486,False,0.24,63.34971686263981,9.162018022685682,0.34699882681579364,1078.028227479203,8.49265620321033,0.46244064523294054,1.164730304427897,903.1366363087667,57.61843580458327,-18.088736146315092,-16.50909867900227,24.489849214808174
Optimization,3.71891846697529,False,0.24,48.31499559640312,9.782166554967564,0.32091854654079277,909.9958057319358,10.123795968621884,0.6462385058328232,1.2293142873996739,1241.5139686818668,49.839542606340906,-0.514364718387733,-9.899832689747186,9.913186084630365
ML,0.5713928046205808,True,0.24,48.31499559640312,9.782166554967564,0.32091854654079277,909.9958057319358,10.123795968621884,0.6462385058328232,1.2293142873996739,1241.5139686818668,49.839542606340906,1.062763553232543,-3.708527457560577,3.857802777950187
cvxkerb,15.017020898219055,False,0.24,48.31499559640312,9.782166554967564,0.32091854654079277,909.9958057319358,10.123795968621884,0.6462385058328232,1.2293142873996739,1241.5139686818668,49.839542606340906,6.846092432237895,0.30779852541693803,6.853008209756779
Optimization,2.4601272526144458,False,0.24,60.146204142688774,8.646685744947847,0.347690010646797,1043.666235074401,2.968083789829,0.5781230367097775,1.2166600479046619,965.0798975234263,56.30170624905513,4.719480982333348,-1.583192592632838,4.977951338449747
ML,0.38893047085685495,True,0.24,60.146204142688774,8.646685744947847,0.347690010646797,1043.666235074401,2.968083789829,0.5781230367097775,1.2166600479046619,965.0798975234263,56.30170624905513,1.7662122158677023,1.3719478161032874,2.23645845067394
cvxkerb,5.1774317883567615,False,0.24,60.146204142688774,8.646685744947847,0.347690010646797,1043.666235074401,2.968083789829,0.5781230367097775,1.2166600479046619,965.0798975234263,56.30170624905513,13.838388270048483,-0.38271150389376496,13.843679352246935
Optimization,2.1077595324948852,False,0.26,58.248680234021364,8.474010494392607,0.32888849389091657,979.5673251004314,11.034372295872597,0.6486510030845929,1.1544911298995615,1204.403169398157,52.434481328046864,-8.248205735993087,-31.640447598344686,32.69787182810015
ML,0.6556558731757939,True,0.26,58.248680234021364,8.474010494392607,0.32888849389091657,979.5673251004314,11.034372295872597,0.6486510030845929,1.1544911298995615,1204.403169398157,52.434481328046864,-6.536779148663639,2.961626497391532,7.176399734438945
cvxkerb,8.366530662484223,False,0.26,58.248680234021364,8.474010494392607,0.32888849389091657,979.5673251004314,11.034372295872597,0.6486510030845929,1.1544911298995615,1204.403169398157,52.434481328046864,0.28099909464728823,-18.780553436071,18.782655505979736
Optimization,2.39543986012578,False,0.26,49.41705565926018,8.15571985330267,0.3036018818291426,935.0443544211655,10.401244254072003,0.5064957487954054,1.2450459170575296,1132.6489171956773,53.732283795375324,-9.5773673428851,11.39471455049734,14.88507591206299
ML,0.512273412159951,True,0.26,49.41705565926018,8.15571985330267,0.3036018818291426,935.0443544211655,10.401244254072003,0.5064957487954054,1.2450459170575296,1132.6489171956773,53.732283795375324,6.8813011735567615,-2.694517708924946,7.390042728219087
cvxkerb,6.0150216728739165,False,0.26,49.41705565926018,8.15571985330267,0.3036018818291426,935.0443544211655,10.401244254072003,0.5064957487954054,1.2450459170575296,1132.6489171956773,53.732283795375324,-120.61261390513639,-19.13445612139609,122.12096480167166
Optimization,2.037357567347094,False,0.26,62.10060403239871,8.828303236843421,0.30711582851734326,913.8015185225632,11.289414246037294,0.5513840875923669,1.1909412071817018,1224.3514324031673,61.716518558210325,-16.131488971374026,10.69254396324335,19.353434652264017
ML,0.6827602906915647,True,0.26,62.10060403239871,8.828303236843421,0.30711582851734326,913.8015185225632,11.289414246037294,0.5513840875923669,1.1909412071817018,1224.3514324031673,61.716518558210325,-15.967424596154256,2.869702045196327,16.223249922937015
cvxkerb,6.94189677717197,False,0.26,62.10060403239871,8.828303236843421,0.30711582851734326,913.8015185225632,11.289414246037294,0.5513840875923669,1.1909412071817018,1224.3514324031673,61.716518558210325,2.5765402440730307,-3.610724518162766,4.4357514780913565
Optimization,1.6811839427236077,True,0.26,45.00023269510732,9.666263313929168,0.35225101810855886,910.9268840001945,11.676937955667995,0.4952250662499344,1.180419871963628,1021.5770049020109,49.608333242347,20.419275566924828,13.763357144383379,24.624719583415814
ML,0.3485616942296591,True,0.26,45.00023269510732,9.666263313929168,0.35225101810855886,910.9268840001945,11.676937955667995,0.4952250662499344,1.180419871963628,1021.5770049020109,49.608333242347,-2.6695037826062165,3.4024421736847303,4.324680703892181
cvxkerb,5.934721304507732,False,0.26,45.00023269510732,9.666263313929168,0.35225101810855886,910.9268840001945,11.676937955667995,0.4952250662499344,1.180419871963628,1021.5770049020109,49.608333242347,15.139445146262762,38.126091244459126,41.02196524933346
Optimization,1.9238895775782354,True,0.26,58.220285084946404,8.313823265268496,0.3544496959103865,1041.864165694522,2.0078556480127245,0.6061263434851114,1.208377278051411,1280.888714279038,45.84844596413783,-15.184368708421712,9.286167548934248,17.798819084989205
ML,0.4156837138090542,True,0.26,58.220285084946404,8.313823265268496,0.3544496959103865,1041.864165694522,2.0078556480127245,0.6061263434851114,1.208377278051411,1280.888714279038,45.84844596413783,3.0453348615636484,4.7456519904786525,5.638730108259207
cvxkerb,6.648799355753453,False,0.26,58.220285084946404,8.313823265268496,0.3544496959103865,1041.864165694522,2.0078556480127245,0.6061263434851114,1.208377278051411,1280.888714279038,45.84844596413783,22.892802219489834,38.018157827430684,44.3786065357184
Optimization,2.043240506178663,False,0.26,59.28653271469995,9.846864575252477,0.3920994521096576,1038.9190854506571,8.747772739869797,0.622338180757469,1.177407158934219,1222.8283615466812,48.90481205912984,8.806871826681629,7.802794216794709,11.766247870975844
ML,0.5452635758876544,True,0.26,59.28653271469995,9.846864575252477,0.3920994521096576,1038.9190854506571,8.747772739869797,0.622338180757469,1.177407158934219,1222.8283615466812,48.90481205912984,2.676564075998571,1.817817596761628,3.2354993537354173
cvxkerb,9.077912362776889,False,0.26,59.28653271469995,9.846864575252477,0.3920994521096576,1038.9190854506571,8.747772739869797,0.622338180757469,1.177407158934219,1222.8283615466812,48.90481205912984,-12.898993523437296,-1.4543088783876355,12.98071832494005
Optimization,1.8518124694811084,True,0.26,49.69946809991906,10.819484040173528,0.38171281420155856,1009.2860632155695,11.604423303073755,0.46033374433159224,1.2004795598304527,1187.38157892902,62.252809422983574,8.441761819633951,-39.96965943996744,40.85140166954382
ML,0.6569417807792611,True,0.26,49.69946809991906,10.819484040173528,0.38171281420155856,1009.2860632155695,11.604423303073755,0.46033374433159224,1.2004795598304527,1187.38157892902,62.252809422983574,-4.249880532212356,-7.657491863391625,8.75777746782747
cvxkerb,6.338988041641054,False,0.26,49.69946809991906,10.819484040173528,0.38171281420155856,1009.2860632155695,11.604423303073755,0.46033374433159224,1.2004795598304527,1187.38157892902,62.252809422983574,58.095615066898084,33.818388235474586,67.22190024721468
Optimization,1.9662388530575283,True,0.26,50.00935797584998,10.499496398427995,0.35717459831437487,1066.5660753576542,10.873044725775127,0.4524313542954774,1.2174019919058792,920.7343196478917,55.97717330154712,10.75556915167078,-13.038857708582336,16.902487335331127
ML,0.4717313814447346,True,0.26,50.00935797584998,10.499496398427995,0.35717459831437487,1066.5660753576542,10.873044725775127,0.4524313542954774,1.2174019919058792,920.7343196478917,55.97717330154712,2.507557144448477,-1.1504349706801886,2.758866335007647
cvxkerb,6.960678281192482,False,0.26,50.00935797584998,10.499496398427995,0.35717459831437487,1066.5660753576542,10.873044725775127,0.4524313542954774,1.2174019919058792,920.7343196478917,55.97717330154712,37.425392248675536,-17.357319823066064,41.254533525509956
Optimization,1.9511475211708265,True,0.26,52.47842094025627,11.777794330777214,0.36417343972985583,1034.2958297334415,7.587385843651678,0.48979842779188737,1.191833386410228,1200.3759193453272,47.027457951063184,-1.1478606742254687,2.4162297264452857,2.6750234052043744
ML,0.5294149526981408,True,0.26,52.47842094025627,11.777794330777214,0.36417343972985583,1034.2958297334415,7.587385843651678,0.48979842779188737,1.191833386410228,1200.3759193453272,47.027457951063184,-1.1007463109178515,-4.4155515206987,4.55068540694079
cvxkerb,9.102885199621738,False,0.26,52.47842094025627,11.777794330777214,0.36417343972985583,1034.2958297334415,7.587385843651678,0.48979842779188737,1.191833386410228,1200.3759193453272,47.027457951063184,-67.5942149790303,-34.03204960573309,75.67799084937735
Optimization,2.0569159994619537,False,0.28,52.95224757105741,9.057105052634558,0.32053329387067997,996.607939511778,3.222405072811288,0.5074923329794501,1.2156756063474556,1287.414932679957,57.0727440111875,-0.24546208977894865,0.5466317358323028,0.5992143958031092
ML,0.7076150051685831,True,0.28,52.95224757105741,9.057105052634558,0.32053329387067997,996.607939511778,3.222405072811288,0.5074923329794501,1.2156756063474556,1287.414932679957,57.0727440111875,6.7973671884245395,6.033942334942634,9.089150719164222
cvxkerb,8.69292118157147,False,0.28,52.95224757105741,9.057105052634558,0.32053329387067997,996.607939511778,3.222405072811288,0.5074923329794501,1.2156756063474556,1287.414932679957,57.0727440111875,18.030139645796538,11.661110962721803,21.47248109864891
Optimization,3.163339294739062,False,0.28,62.32191267223383,11.786934915693582,0.31059058044037574,930.965722519544,11.336835105396956,0.5973070456669585,1.2382993824829773,981.0530536541372,56.75171742218804,-24.754822025659635,-3.695697865304482,25.02917090583904
ML,0.5658891508769777,True,0.28,62.32191267223383,11.786934915693582,0.31059058044037574,930.965722519544,11.336835105396956,0.5973070456669585,1.2382993824829773,981.0530536541372,56.75171742218804,1.9581024035428176,-0.21287439159995145,1.9696396953146555
cvxkerb,7.428295927197253,False,0.28,62.32191267223383,11.786934915693582,0.31059058044037574,930.965722519544,11.336835105396956,0.5973070456669585,1.2382993824829773,981.0530536541372,56.75171742218804,30.075712132916482,-54.31599229881964,62.08683821638443
Optimization,2.5296441440369075,False,0.28,64.54013908877887,8.407572403491747,0.30083199422271917,986.7165585265229,1.1115057966164064,0.5996768699352463,1.241454866384856,1073.6083890835034,50.17423284310882,0.16678489622719905,-0.9153571706044548,0.9304278324440378
ML,0.3984864847060754,True,0.28,64.54013908877887,8.407572403491747,0.30083199422271917,986.7165585265229,1.1115057966164064,0.5996768699352463,1.241454866384856,1073.6083890835034,50.17423284310882,3.5506522555052076,1.8490933320664822,4.003283351227708
cvxkerb,5.896908296890369,False,0.28,64.54013908877887,8.407572403491747,0.30083199422271917,986.7165585265229,1.1115057966164064,0.5996768699352463,1.241454866384856,1073.6083890835034,50.17423284310882,7.995952777194125,-9.835535675014743,12.675686286335985
Optimization,3.528538808149216,False,0.28,49.95119540559773,8.250105182971383,0.345894051659682,1046.546694957233,7.280780696609237,0.584574333719616,1.1581149178536239,1280.5962840707148,61.76983667686049,-14.657938609899684,1.2789497721912548,14.713628947726525
ML,0.6131741242143883,True,0.28,49.95119540559773,8.250105182971383,0.345894051659682,1046.546694957233,7.280780696609237,0.584574333719616,1.1581149178536239,1280.5962840707148,61.76983667686049,4.807640830765345,4.907951325179989,6.870327253339401
cvxkerb,8.079844224444042,False,0.28,49.95119540559773,8.250105182971383,0.345894051659682,1046.546694957233,7.280780696609237,0.584574333719616,1.1581149178536239,1280.5962840707148,61.76983667686049,6.223398990384423,-1.9063195432187203,6.508820875886467
Optimization,2.2808068698508177,False,0.28,56.68897819514852,10.153327773022854,0.32688535143821934,973.6897839833158,10.744153069838031,0.5832926095053672,1.2287387026752332,1081.7381692270621,57.60494438912316,-26.352352005501512,-33.20672237905886,42.39260392311079
ML,0.4978279780804617,True,0.28,56.68897819514852,10.153327773022854,0.32688535143821934,973.6897839833158,10.744153069838031,0.5832926095053672,1.2287387026752332,1081.7381692270621,57.60494438912316,4.106155712152534,-3.297900111730695,5.26656053600414
cvxkerb,7.917989403195656,False,0.28,56.68897819514852,10.153327773022854,0.32688535143821934,973.6897839833158,10.744153069838031,0.5832926095053672,1.2287387026752332,1081.7381692270621,57.60494438912316,0.25572709078208944,15.748482107200468,15.7505582448932
Optimization,3.566185171446863,False,0.28,53.19342106751985,10.620694858097352,0.32602365979852294,931.8984525082717,1.9255513712547172,0.46409838912862894,1.1685646704901242,1165.6877539955872,62.633812236870156,-3.9491319339062496,-3.478510711073495,5.2626685054686035
ML,0.45975767226791464,True,0.28,53.19342106751985,10.620694858097352,0.32602365979852294,931.8984525082717,1.9255513712547172,0.46409838912862894,1.1685646704901242,1165.6877539955872,62.633812236870156,7.495485096271669,3.1635057755295852,8.135727725301514
cvxkerb,7.178492435624984,False,0.28,53.19342106751985,10.620694858097352,0.32602365979852294,931.8984525082717,1.9255513712547172,0.46409838912862894,1.1685646704901242,1165.6877539955872,62.633812236870156,8.719315742576413,9.902698990914391,13.194313711724371
Optimization,2.4558541102316895,False,0.28,51.155916633614915,11.655153775493037,0.3952815017002506,965.3485084060081,4.253099385516658,0.5511268306843917,1.2441120812533673,1250.5277732569245,47.0513592516718,-13.937667707841454,0.14261383372816733,13.938397319626711
ML,0.630811573024666,True,0.28,51.155916633614915,11.655153775493037,0.3952815017002506,965.3485084060081,4.253099385516658,0.5511268306843917,1.2441120812533673,1250.5277732569245,47.0513592516718,3.4670810229388493,-2.797017981845348,4.454656037270322
cvxkerb,8.701483249321464,False,0.28,51.155916633614915,11.655153775493037,0.3952815017002506,965.3485084060081,4.253099385516658,0.5511268306843917,1.2441120812533673,1250.5277732569245,47.0513592516718,20.184195109397795,-12.532569474545735,23.7585148914774
Optimization,2.0633182894292745,False,0.28,58.87899181020313,8.918392643015874,0.311755130015022,933.0568980285915,0.023905622628843215,0.593747923570706,1.223240104905838,1105.9733399653037,48.22725602110767,0.645936752701915,-0.8570719800836922,1.0732225619766274
ML,0.39062900164010084,True,0.28,58.87899181020313,8.918392643015874,0.311755130015022,933.0568980285915,0.023905622628843215,0.593747923570706,1.223240104905838,1105.9733399653037,48.22725602110767,5.37465929417871,0.9589136442078512,5.4595309235821325
cvxkerb,6.695267564180217,False,0.28,58.87899181020313,8.918392643015874,0.311755130015022,933.0568980285915,0.023905622628843215,0.593747923570706,1.223240104905838,1105.9733399653037,48.22725602110767,-8.386333101090194,-3.4380972390528455,9.06372415222484
Optimization,2.163003010499157,False,0.28,49.391078464596035,11.83945121085382,0.3616300485925724,1011.3756886344191,4.989301242279863,0.5357888666860289,1.204090500383808,1178.5719228144428,59.04292192363659,9.72174978439115,-2.3100110073967595,9.992425617666791
ML,0.4214359883599654,True,0.28,49.391078464596035,11.83945121085382,0.3616300485925724,1011.3756886344191,4.989301242279863,0.5357888666860289,1.204090500383808,1178.5719228144428,59.04292192363659,0.43468899165574043,-1.70315558666075,1.7577523920735842
cvxkerb,6.314272511415802,False,0.28,49.391078464596035,11.83945121085382,0.3616300485925724,1011.3756886344191,4.989301242279863,0.5357888666860289,1.204090500383808,1178.5719228144428,59.04292192363659,-26.803604744030288,-16.05446464774134,31.2438643960663
Optimization,3.4107307472537784,False,0.3,62.91349555237557,8.817265533595881,0.35078050639587793,983.8543322332044,0.2174884925487568,0.6085516227145626,1.15690459063146,1089.7020083907814,56.213565898778995,-13.120513008675658,2.8667132677542293,13.430037474644115
ML,0.7358699364766652,True,0.3,62.91349555237557,8.817265533595881,0.35078050639587793,983.8543322332044,0.2174884925487568,0.6085516227145626,1.15690459063146,1089.7020083907814,56.213565898778995,-0.3180833111558238,7.326657701636295,7.3335591679471905
cvxkerb,7.688608132132232,False,0.3,62.91349555237557,8.817265533595881,0.35078050639587793,983.8543322332044,0.2174884925487568,0.6085516227145626,1.15690459063146,1089.7020083907814,56.213565898778995,-44.10064802456282,-6.78536796002799,44.619596306324325
Optimization,4.613083188074752,False,0.3,62.09948039122949,11.530239507089389,0.346630975614017,915.1399454619575,4.653913079003175,0.6107075318925207,1.2401774028546229,981.3890969990383,46.33947224050543,4.170197999277486,0.3720662461406286,4.186763027052656
ML,0.49203225865013717,True,0.3,62.09948039122949,11.530239507089389,0.346630975614017,915.1399454619575,4.653913079003175,0.6107075318925207,1.2401774028546229,981.3890969990383,46.33947224050543,0.77052922228068,-1.0750287929249913,1.3226496845371543
cvxkerb,25.61549464739188,False,0.3,62.09948039122949,11.530239507089389,0.346630975614017,915.1399454619575,4.653913079003175,0.6107075318925207,1.2401774028546229,981.3890969990383,46.33947224050543,39.39741036412971,-31.545122381008174,50.47029511933151
Optimization,2.6137720369942974,False,0.3,52.01041068572324,9.490133095038203,0.3068713677723961,973.9148398853547,5.570862236870699,0.594547550447761,1.2156729484721607,1183.5062620916617,45.16727363753714,-8.951694025982604,-2.6189114185093243,9.326924624591493
ML,0.54139611208459,True,0.3,52.01041068572324,9.490133095038203,0.3068713677723961,973.9148398853547,5.570862236870699,0.594547550447761,1.2156729484721607,1183.5062620916617,45.16727363753714,-4.889631118836493,0.5460941604196643,4.920031637127822
cvxkerb,11.124725742761004,False,0.3,52.01041068572324,9.490133095038203,0.3068713677723961,973.9148398853547,5.570862236870699,0.594547550447761,1.2156729484721607,1183.5062620916617,45.16727363753714,22.09997505271774,24.75226576394531,33.18257913091937
Optimization,3.855388322181706,False,0.3,61.06004143915674,10.0720322656185,0.31403245181935147,1034.2314946759377,7.445685420623647,0.5984506374398174,1.1669881006050735,977.9900799601157,62.808190344386574,11.334045917813542,30.18148416934078,32.239456936047695
ML,0.584118289228664,True,0.3,61.06004143915674,10.0720322656185,0.31403245181935147,1034.2314946759377,7.445685420623647,0.5984506374398174,1.1669881006050735,977.9900799601157,62.808190344386574,5.45130741561278,-0.5350968148459536,5.4775068362141885
cvxkerb,10.50857246992807,False,0.3,61.06004143915674,10.0720322656185,0.31403245181935147,1034.2314946759377,7.445685420623647,0.5984506374398174,1.1669881006050735,977.9900799601157,62.808190344386574,-24.559240318020134,-12.718540929472159,27.65714317085053
Optimization,4.1939316202555155,False,0.3,49.83001255985667,8.859650548145584,0.3424850842868087,1081.567702776707,6.084715760864619,0.48758407616306465,1.1576971669380873,1178.4624580551701,52.65597528872776,-13.36770490248285,-8.723466505777692,15.96228060890076
ML,0.6331553832327252,True,0.3,49.83001255985667,8.859650548145584,0.3424850842868087,1081.567702776707,6.084715760864619,0.48758407616306465,1.1576971669380873,1178.4624580551701,52.65597528872776,0.5288605782323931,1.7027111513608366,1.7829522641329596
cvxkerb,7.640818888701534,False,0.3,49.83001255985667,8.859650548145584,0.3424850842868087,1081.567702776707,6.084715760864619,0.48758407616306465,1.1576971669380873,1178.4624580551701,52.65597528872776,11.433768599161464,-18.15585951964462,21.456148286126307
Optimization,3.6454549460585124,False,0.3,49.37431225995854,10.381213063709957,0.3264635026925357,1032.3937889587737,9.77927674248647,0.6056050486289306,1.2260851330930782,975.0889622769008,46.767698939690376,-4.635760625492098,-0.668926294019334,4.683774008606023
ML,0.5904081759482953,True,0.3,49.37431225995854,10.381213063709957,0.3264635026925357,1032.3937889587737,9.77927674248647,0.6056050486289306,1.2260851330930782,975.0889622769008,46.767698939690376,-1.9298550649164643,-1.523536746012608,2.458760823674075
cvxkerb,13.845587592962733,False,0.3,49.37431225995854,10.381213063709957,0.3264635026925357,1032.3937889587737,9.77927674248647,0.6056050486289306,1.2260851330930782,975.0889622769008,46.767698939690376,66.9910035542051,38.580708658680884,77.30631046561163
Optimization,3.854311198524383,False,0.3,64.92315346997557,11.301662656495793,0.38448713477552293,949.801747221818,6.920428786293076,0.4634511827934736,1.159491793682167,1299.5570448133162,51.532784988518216,-4.963652812989122,-17.26704366772687,17.96631977537641
ML,0.5428721400570713,True,0.3,64.92315346997557,11.301662656495793,0.38448713477552293,949.801747221818,6.920428786293076,0.4634511827934736,1.159491793682167,1299.5570448133162,51.532784988518216,1.2722268879286538,5.454452431210317,5.6008582001961775
cvxkerb,7.614951025220552,False,0.3,64.92315346997557,11.301662656495793,0.38448713477552293,949.801747221818,6.920428786293076,0.4634511827934736,1.159491793682167,1299.5570448133162,51.532784988518216,22.58576594702551,48.25016056386763,53.274710865971144
Optimization,7.368512485458632,False,0.3,60.246052490019196,8.155752066750662,0.38371196278306524,1023.9052400072607,6.760744208551682,0.5749228096229063,1.2364433246868365,1134.7746026235627,56.619007597763584,27.671405006700407,-7.699298835101581,28.72256704399941
ML,0.6117101735279278,True,0.3,60.246052490019196,8.155752066750662,0.38371196278306524,1023.9052400072607,6.760744208551682,0.5749228096229063,1.2364433246868365,1134.7746026235627,56.619007597763584,-12.88215184072176,-1.9008844891622443,13.021643440386034
cvxkerb,8.83072114648645,False,0.3,60.246052490019196,8.155752066750662,0.38371196278306524,1023.9052400072607,6.760744208551682,0.5749228096229063,1.2364433246868365,1134.7746026235627,56.619007597763584,9.572396170742504,19.102007130847923,21.36626885716387
Optimization,3.1142086993653675,False,0.3,59.302003225674,10.372632876157873,0.30533479969888977,990.9528685105322,8.097435626008927,0.585506322776737,1.1873122618422383,1276.6767946632121,48.34714064473562,8.281861744853572,15.249514741235412,17.3532974907948
ML,0.7103340753493548,True,0.3,59.302003225674,10.372632876157873,0.30533479969888977,990.9528685105322,8.097435626008927,0.585506322776737,1.1873122618422383,1276.6767946632121,48.34714064473562,2.992751818665054,4.0969485460842705,5.073613193512588
cvxkerb,7.02660145161244,False,0.3,59.302003225674,10.372632876157873,0.30533479969888977,990.9528685105322,8.097435626008927,0.585506322776737,1.1873122618422383,1276.6767946632121,48.34714064473562,80.64399471333377,-21.54921860428365,83.4734850463272
Optimization,3.712117577382316,False,0.32,61.747341595403014,8.678913714307694,0.30191448679968363,1055.8205172791572,7.316369101831391,0.5899279139244243,1.2338154974988642,1221.1243739298002,64.21840293857649,-12.8028695829312,-3.6271813311778778,13.306761964008759
ML,0.613899327395926,True,0.32,61.747341595403014,8.678913714307694,0.30191448679968363,1055.8205172791572,7.316369101831391,0.5899279139244243,1.2338154974988642,1221.1243739298002,64.21840293857649,-1.1247692047061202,-9.566370550317433,9.632266154433022
cvxkerb,7.102377284607996,False,0.32,61.747341595403014,8.678913714307694,0.30191448679968363,1055.8205172791572,7.316369101831391,0.5899279139244243,1.2338154974988642,1221.1243739298002,64.21840293857649,7.448906133891646,-5.404330924904523,9.202879730682563
Optimization,3.1760386065817787,False,0.32,57.136939110802786,11.52389202255863,0.3882914816518722,1031.8090820264465,2.534781977675172,0.6225993662717744,1.2386093435313208,978.6614339811834,59.748521715413546,-2.176984756527167,3.6987760591185834,4.291876858165953
ML,0.6453402051589988,True,0.32,57.136939110802786,11.52389202255863,0.3882914816518722,1031.8090820264465,2.534781977675172,0.6225993662717744,1.2386093435313208,978.6614339811834,59.748521715413546,-2.0702894950403095,-0.7876052597131685,2.21504416172728
cvxkerb,19.977856600497706,False,0.32,57.136939110802786,11.52389202255863,0.3882914816518722,1031.8090820264465,2.534781977675172,0.6225993662717744,1.2386093435313208,978.6614339811834,59.748521715413546,-8.364333440581019,-30.3344384237126,31.466493741553624
Optimization,4.467508501437056,False,0.32,46.42069778088004,8.843172406200114,0.3229365777037672,993.8214422095157,3.222746009443711,0.47019562136355225,1.1667491089094106,958.9102254208364,64.46153595824597,-37.40888471578457,-10.171121915177038,38.76694954071387
ML,0.3993319345240753,True,0.32,46.42069778088004,8.843172406200114,0.3229365777037672,993.8214422095157,3.222746009443711,0.47019562136355225,1.1667491089094106,958.9102254208364,64.46153595824597,-2.7796826418580896,-1.0177263221226804,2.9601355469283037
cvxkerb,8.428162708232588,False,0.32,46.42069778088004,8.843172406200114,0.3229365777037672,993.8214422095157,3.222746009443711,0.47019562136355225,1.1667491089094106,958.9102254208364,64.46153595824597,-19.688435898800115,-12.875916402169539,23.52495975207651
Optimization,3.818600224680962,False,0.32,51.85290293045043,11.45863568743256,0.3154925311143443,916.547367123638,5.81445594096013,0.5104839022557073,1.2063408364483854,1221.52195619339,47.742969763054866,3.713021591891236,3.911324799367001,5.39305025268575
ML,0.4422877147651881,True,0.32,51.85290293045043,11.45863568743256,0.3154925311143443,916.547367123638,5.81445594096013,0.5104839022557073,1.2063408364483854,1221.52195619339,47.742969763054866,-0.370879070975827,-3.8333004654102996,3.8512002990499874
cvxkerb,8.19073767654239,False,0.32,51.85290293045043,11.45863568743256,0.3154925311143443,916.547367123638,5.81445594096013,0.5104839022557073,1.2063408364483854,1221.52195619339,47.742969763054866,-5.426811902954425,-29.538181885178542,30.032556942623742
Optimization,8.274594683488685,False,0.32,54.16862848262876,10.900024305196474,0.3574287575090211,1033.4424674388363,9.324591427821073,0.6224405947316378,1.181387549672247,1115.2090821455613,61.802161568784,-26.91281233605537,-11.347760778991688,29.207381644593823
ML,0.5622143202793071,True,0.32,54.16862848262876,10.900024305196474,0.3574287575090211,1033.4424674388363,9.324591427821073,0.6224405947316378,1.181387549672247,1115.2090821455613,61.802161568784,8.61297259170342,-2.1452691819126515,8.876118336767401
cvxkerb,13.852112575997545,False,0.32,54.16862848262876,10.900024305196474,0.3574287575090211,1033.4424674388363,9.324591427821073,0.6224405947316378,1.181387549672247,1115.2090821455613,61.802161568784,29.808555685530607,-15.141685328415878,33.4338245889121
Optimization,3.082657418315195,False,0.32,60.24893917349737,8.504008111455978,0.3196419215872017,1090.2889651326184,2.1058995285762885,0.5635454635862109,1.2079314466661937,1095.849784820098,57.89490497153637,-19.77876415697899,14.871480372113613,24.74591764383688
ML,0.4215311044996456,True,0.32,60.24893917349737,8.504008111455978,0.3196419215872017,1090.2889651326184,2.1058995285762885,0.5635454635862109,1.2079314466661937,1095.849784820098,57.89490497153637,-2.7060028703616434,-3.847448079583892,4.70375469805763
cvxkerb,7.767398865960528,False,0.32,60.24893917349737,8.504008111455978,0.3196419215872017,1090.2889651326184,2.1058995285762885,0.5635454635862109,1.2079314466661937,1095.849784820098,57.89490497153637,-7.5471941842266945,11.471258095888306,13.731347434134358
Optimization,5.035524116422085,False,0.32,63.54247563728899,11.879706101380764,0.35712604699370976,928.6002245331453,4.494578920554975,0.6095464526696428,1.186739072869707,934.8068873211155,56.13569821856376,8.2452898669548,-15.504933633550813,17.560972979049957
ML,0.6159232460061346,True,0.32,63.54247563728899,11.879706101380764,0.35712604699370976,928.6002245331453,4.494578920554975,0.6095464526696428,1.186739072869707,934.8068873211155,56.13569821856376,-0.8910621729243035,0.857413295723419,1.2365877873001483
cvxkerb,10.40046670123017,False,0.32,63.54247563728899,11.879706101380764,0.35712604699370976,928.6002245331453,4.494578920554975,0.6095464526696428,1.186739072869707,934.8068873211155,56.13569821856376,14.882512316794221,-5.624384480208243,15.909835751532416
Optimization,3.510907183793486,False,0.32,52.02438774697562,8.375106105028067,0.34861304852149244,1084.147930068527,0.48070942860833377,0.5082921826987588,1.1707540936205703,995.2586614662786,63.16869103758751,-9.669457622410423,-4.956610014640729,10.865836072241647
ML,0.5853422160870287,True,0.32,52.02438774697562,8.375106105028067,0.34861304852149244,1084.147930068527,0.48070942860833377,0.5082921826987588,1.1707540936205703,995.2586614662786,63.16869103758751,-1.8623220349609277,4.913145021505085,5.2542589738459995
cvxkerb,13.08686466742652,False,0.32,52.02438774697562,8.375106105028067,0.34861304852149244,1084.147930068527,0.48070942860833377,0.5082921826987588,1.1707540936205703,995.2586614662786,63.16869103758751,1.7457686188078227,-26.331243138776884,26.389052148642982
Optimization,2.9747330918082193,False,0.32,57.30258281082399,11.642422868857686,0.35098540095504577,1000.2551289251459,0.6029161178757856,0.4569823105312448,1.2051159961916371,1075.2714452993378,61.78360789960597,-2.562803929275092,-0.4974970584255172,2.610644997514962
ML,0.4842994694783771,True,0.32,57.30258281082399,11.642422868857686,0.35098540095504577,1000.2551289251459,0.6029161178757856,0.4569823105312448,1.2051159961916371,1075.2714452993378,61.78360789960597,1.5124207563074323,-3.7389299286056583,4.033238593876224
cvxkerb,8.578684131337678,False,0.32,57.30258281082399,11.642422868857686,0.35098540095504577,1000.2551289251459,0.6029161178757856,0.4569823105312448,1.2051159961916371,1075.2714452993378,61.78360789960597,-19.948645889116342,52.18943275517254,55.87204456717183
Optimization,5.606245978916586,False,0.34,47.50972593598301,11.091085678660317,0.32369333249066484,1035.4786259777745,6.789378658091956,0.6358289434423374,1.1887322517975314,926.4660755337761,45.38310971102506,-7.755643615224245,-9.065783958396448,11.930567742848075
ML,0.6440600402257153,True,0.34,47.50972593598301,11.091085678660317,0.32369333249066484,1035.4786259777745,6.789378658091956,0.6358289434423374,1.1887322517975314,926.4660755337761,45.38310971102506,0.09470701970064431,0.260362826546909,0.2770527405171695
cvxkerb,17.72352864757527,False,0.34,47.50972593598301,11.091085678660317,0.32369333249066484,1035.4786259777745,6.789378658091956,0.6358289434423374,1.1887322517975314,926.4660755337761,45.38310971102506,33.46860267048073,20.899338817879457,39.45794885367248
Optimization,4.950490206748456,False,0.34,51.35099400515177,11.39243694006252,0.3947161462900248,1076.9710235392008,8.86880371127247,0.5054929359449908,1.1781616042105632,1285.3441281784153,45.205689918713844,-19.030671109706176,-22.37144462101066,29.370869536272707
ML,0.38509470611826085,True,0.34,51.35099400515177,11.39243694006252,0.3947161462900248,1076.9710235392008,8.86880371127247,0.5054929359449908,1.1781616042105632,1285.3441281784153,45.205689918713844,-1.5926802668388285,-1.900943368706989,2.4799629278295425
cvxkerb,17.48507641623586,False,0.34,51.35099400515177,11.39243694006252,0.3947161462900248,1076.9710235392008,8.86880371127247,0.5054929359449908,1.1781616042105632,1285.3441281784153,45.205689918713844,-11.907430627876845,-11.295981336639095,16.41298566731228
Optimization,6.429903853196393,False,0.34,64.36152762901467,9.786858109034082,0.35015179603501667,949.3317231610813,5.651523029216802,0.5823827265274023,1.2251177136954043,1201.5472330839652,56.55782225388177,5.4393851193514156,-17.297799729706806,18.132864803049365
ML,0.7797913908309021,True,0.34,64.36152762901467,9.786858109034082,0.35015179603501667,949.3317231610813,5.651523029216802,0.5823827265274023,1.2251177136954043,1201.5472330839652,56.55782225388177,9.529810074820345,-9.283709069834227,13.304305098556242
cvxkerb,8.680687434255379,False,0.34,64.36152762901467,9.786858109034082,0.35015179603501667,949.3317231610813,5.651523029216802,0.5823827265274023,1.2251177136954043,1201.5472330839652,56.55782225388177,-8.935099689740316,-17.846589226927193,19.958375522578766
Optimization,4.013802715774537,False,0.34,53.599152395596434,11.323796684220273,0.3119891093472712,1046.9851694789788,6.377458970271665,0.5075890685351985,1.1992819584532823,1019.9768279108091,56.92163910476612,0.7491489795393814,-6.1512410931494035,6.196691954550812
ML,0.712071656691154,True,0.34,53.599152395596434,11.323796684220273,0.3119891093472712,1046.9851694789788,6.377458970271665,0.5075890685351985,1.1992819584532823,1019.9768279108091,56.92163910476612,-5.118970040637133,11.549181554379727,12.63279259914313
cvxkerb,16.140677945596764,False,0.34,53.599152395596434,11.323796684220273,0.3119891093472712,1046.9851694789788,6.377458970271665,0.5075890685351985,1.1992819584532823,1019.9768279108091,56.92163910476612,21.779292874873438,12.550788457129551,25.136823367822938
Optimization,3.293600551055529,False,0.34,47.08909036200303,10.3074295245308,0.34639816981668875,923.7418191018223,11.766818724728683,0.49293917749267113,1.156723418009056,1137.9389518007638,59.77733354266066,9.155507368393655,-17.211423456995956,19.49503558829122
ML,0.5809676671037906,True,0.34,47.08909036200303,10.3074295245308,0.34639816981668875,923.7418191018223,11.766818724728683,0.49293917749267113,1.156723418009056,1137.9389518007638,59.77733354266066,2.0660641041411445,-0.959897620138869,2.278162488403497
cvxkerb,13.949066718846826,False,0.34,47.08909036200303,10.3074295245308,0.34639816981668875,923.7418191018223,11.766818724728683,0.49293917749267113,1.156723418009056,1137.9389518007638,59.77733354266066,-172.13807918355326,-77.63100764664361,188.83350246509883
Optimization,5.561453199244772,False,0.34,46.00699053938706,8.21106103143841,0.36920112559466545,991.5857988868056,2.7182595124332685,0.5727940612650465,1.1752858118250111,1131.052701737769,52.18417493965381,-34.95540078364848,-5.307153668893947,35.35598851695066
ML,0.47337333784717606,True,0.34,46.00699053938706,8.21106103143841,0.36920112559466545,991.5857988868056,2.7182595124332685,0.5727940612650465,1.1752858118250111,1131.052701737769,52.18417493965381,2.621501342025455,-0.17237434988552428,2.6271623860621403
cvxkerb,9.934040233524657,False,0.34,46.00699053938706,8.21106103143841,0.36920112559466545,991.5857988868056,2.7182595124332685,0.5727940612650465,1.1752858118250111,1131.052701737769,52.18417493965381,-38.08961735267196,-24.855718058378592,45.482146720120596
Optimization,4.273763679934193,False,0.34,61.16811477787382,11.294494442995894,0.33846110759787684,991.8248046573361,3.639430690191395,0.6365109756838625,1.1618643765741579,1273.499769200588,58.677329036706865,-3.0449410460194843,-5.822298215725131,6.570450706501821
ML,0.49681814781790706,True,0.34,61.16811477787382,11.294494442995894,0.33846110759787684,991.8248046573361,3.639430690191395,0.6365109756838625,1.1618643765741579,1273.499769200588,58.677329036706865,0.3273470225649871,2.4800256519742185,2.501536189550795
cvxkerb,12.228547282026256,False,0.34,61.16811477787382,11.294494442995894,0.33846110759787684,991.8248046573361,3.639430690191395,0.6365109756838625,1.1618643765741579,1273.499769200588,58.677329036706865,-8.759771375834823,-1.879927654956786,8.959225554966592
Optimization,4.524110439769323,False,0.34,57.255916710730204,11.753928632856619,0.36617777324716383,915.3606096628843,4.255994459820994,0.5601326758881703,1.1903207756133252,1233.4576041900689,61.29342009419979,-4.195594262754176,-2.604522754999419,4.938273989863819
ML,0.7659665055745981,True,0.34,57.255916710730204,11.753928632856619,0.36617777324716383,915.3606096628843,4.255994459820994,0.5601326758881703,1.1903207756133252,1233.4576041900689,61.29342009419979,-4.859092985299754,-0.9387755330803197,4.948947781225774
cvxkerb,8.22694290231292,False,0.34,57.255916710730204,11.753928632856619,0.36617777324716383,915.3606096628843,4.255994459820994,0.5601326758881703,1.1903207756133252,1233.4576041900689,61.29342009419979,-9.807749055274307,-17.321445878617677,19.905386930605378
Optimization,6.6193389422583,False,0.34,62.58660431356948,10.22816205310014,0.3231380636376848,1000.4854574332753,8.77783631643739,0.6416236017838868,1.1720446004245417,1254.472708851738,63.686082283349805,-4.622926448593269,-20.07841507834224,20.603742402954474
ML,0.7819238061627587,True,0.34,62.58660431356948,10.22816205310014,0.3231380636376848,1000.4854574332753,8.77783631643739,0.6416236017838868,1.1720446004245417,1254.472708851738,63.686082283349805,-3.982698232766082,9.877852770944457,10.650533347102067
cvxkerb,12.4740205978716,False,0.34,62.58660431356948,10.22816205310014,0.3231380636376848,1000.4854574332753,8.77783631643739,0.6416236017838868,1.1720446004245417,1254.472708851738,63.686082283349805,12.567049432981538,-13.345919072795317,18.331510776490937
Optimization,4.34700446594438,False,0.36,55.80593063580615,11.378663636360898,0.34313017063410145,975.808097076607,10.980728790206669,0.5002338535096803,1.2344212325286144,1093.6082290037616,55.28190885102519,-3.7025292594951162,-1.4046401086098308,3.9600172666458024
ML,0.5834803263308149,True,0.36,55.80593063580615,11.378663636360898,0.34313017063410145,975.808097076607,10.980728790206669,0.5002338535096803,1.2344212325286144,1093.6082290037616,55.28190885102519,3.2231597681939674,10.047262133791811,10.55159870713585
cvxkerb,14.719041479095377,False,0.36,55.80593063580615,11.378663636360898,0.34313017063410145,975.808097076607,10.980728790206669,0.5002338535096803,1.2344212325286144,1093.6082290037616,55.28190885102519,-91.13958166217012,104.11705355357344,138.3719053357041
Optimization,5.242365551069314,False,0.36,50.31856901264238,11.961329215174594,0.3025769598764351,1020.7057613002241,7.9140717798159255,0.5876091114148257,1.1620387578789089,1275.4119133892523,48.62366558100165,-3.821235948208541,3.629974713588962,5.27053703081351
ML,0.3604913571182239,True,0.36,50.31856901264238,11.961329215174594,0.3025769598764351,1020.7057613002241,7.9140717798159255,0.5876091114148257,1.1620387578789089,1275.4119133892523,48.62366558100165,-0.7804808867629394,-3.137586998745754,3.2332031469273086
cvxkerb,13.804409231144273,False,0.36,50.31856901264238,11.961329215174594,0.3025769598764351,1020.7057613002241,7.9140717798159255,0.5876091114148257,1.1620387578789089,1275.4119133892523,48.62366558100165,-12.104456608187123,-47.091605986663474,48.62239426624983
Optimization,3.9643656126029136,False,0.36,47.004911274457534,8.066369922530392,0.3661718682643957,1020.4898883933175,1.9562293657786345,0.49676256661861284,1.1523707753644516,1233.9788822777614,64.49381192097103,-3.8642406290942213,-0.6911318738896217,3.9255596934257264
ML,0.3264974318616707,True,0.36,47.004911274457534,8.066369922530392,0.3661718682643957,1020.4898883933175,1.9562293657786345,0.49676256661861284,1.1523707753644516,1233.9788822777614,64.49381192097103,1.1681185542860233,-0.16163667828304254,1.1792486475013
cvxkerb,14.312291089861048,False,0.36,47.004911274457534,8.066369922530392,0.3661718682643957,1020.4898883933175,1.9562293657786345,0.49676256661861284,1.1523707753644516,1233.9788822777614,64.49381192097103,0.6327222900508013,1.9714703133260953,2.0705150790692692
Optimization,3.8586657602131,False,0.36,52.95368828866109,11.895201653428598,0.35441986625037025,955.0478362074017,8.513266375607698,0.5042984005085422,1.2404243291407564,1049.8887882029505,55.9973712555241,-6.153883419263211,5.2795731832252075,8.108278123924551
ML,0.637823148768878,True,0.36,52.95368828866109,11.895201653428598,0.35441986625037025,955.0478362074017,8.513266375607698,0.5042984005085422,1.2404243291407564,1049.8887882029505,55.9973712555241,-0.3534912422526699,-2.8640863797029446,2.885818228639714
cvxkerb,9.73374370319436,False,0.36,52.95368828866109,11.895201653428598,0.35441986625037025,955.0478362074017,8.513266375607698,0.5042984005085422,1.2404243291407564,1049.8887882029505,55.9973712555241,-174.64094973278324,-22.517903414311906,176.08667552584666
Optimization,4.239917846015529,False,0.36,51.68802357977497,9.578289261275696,0.3529940586930233,932.2734716776766,6.863950539403113,0.6110864658599973,1.2260160929790158,961.5599618775095,47.984989394829476,17.567231071253328,-8.94939823231756,19.715459320832903
ML,0.5614096064421632,True,0.36,51.68802357977497,9.578289261275696,0.3529940586930233,932.2734716776766,6.863950539403113,0.6110864658599973,1.2260160929790158,961.5599618775095,47.984989394829476,-2.7413362055598927,3.461148796009924,4.415254826171923
cvxkerb,9.273294516900904,False,0.36,51.68802357977497,9.578289261275696,0.3529940586930233,932.2734716776766,6.863950539403113,0.6110864658599973,1.2260160929790158,961.5599618775095,47.984989394829476,-66.92127305537352,-18.380952471032128,69.39968444520626
Optimization,5.792097479786427,False,0.36,49.59987507926481,9.645215888264925,0.32405315851801486,1034.4767686583407,9.912776214579427,0.5846184261822434,1.232435044724935,1058.7968648829897,48.12633941417722,7.007668640897167,-13.748163484194938,15.431118526171868
ML,0.6821994061609227,True,0.36,49.59987507926481,9.645215888264925,0.32405315851801486,1034.4767686583407,9.912776214579427,0.5846184261822434,1.232435044724935,1058.7968648829897,48.12633941417722,12.94638152770388,26.526522785914718,29.51720186217733
cvxkerb,16.22022928541739,False,0.36,49.59987507926481,9.645215888264925,0.32405315851801486,1034.4767686583407,9.912776214579427,0.5846184261822434,1.232435044724935,1058.7968648829897,48.12633941417722,58.39956429613165,-15.808724296331063,60.50144522121288
Optimization,5.005636354271666,False,0.36,53.223809517389824,9.709945816361072,0.3330284667502084,1012.8463633369072,10.206894336181392,0.4903056756012626,1.243443303875344,1175.6350614992919,61.4654642536006,14.151999952961523,-15.44889889174901,20.951075858678635
ML,0.689760927796373,True,0.36,53.223809517389824,9.709945816361072,0.3330284667502084,1012.8463633369072,10.206894336181392,0.4903056756012626,1.243443303875344,1175.6350614992919,61.4654642536006,1.8638652851514403,3.7243134171995926,4.164673364229849
cvxkerb,11.816407855984737,False,0.36,53.223809517389824,9.709945816361072,0.3330284667502084,1012.8463633369072,10.206894336181392,0.4903056756012626,1.243443303875344,1175.6350614992919,61.4654642536006,79.86821361225559,-81.38206987963497,114.02619367279905
Optimization,3.9695394756766227,False,0.36,50.51845388761094,11.074325323652808,0.32262724300031864,1038.4708612308827,2.7999938717919197,0.5750660339908908,1.2247078267129028,987.4855555626157,46.198866017226166,23.208780393302927,-10.753724682816243,25.57909462624457
ML,0.7059042213678111,True,0.36,50.51845388761094,11.074325323652808,0.32262724300031864,1038.4708612308827,2.7999938717919197,0.5750660339908908,1.2247078267129028,987.4855555626157,46.198866017226166,-3.6281557356858927,-17.58740983232783,17.957742025451086
cvxkerb,8.096144317621015,False,0.36,50.51845388761094,11.074325323652808,0.32262724300031864,1038.4708612308827,2.7999938717919197,0.5750660339908908,1.2247078267129028,987.4855555626157,46.198866017226166,-10.851527749294249,19.369445222068116,22.202050867079834
Optimization,4.833882640497688,False,0.36,55.96290405456044,8.698588743585319,0.3295932029436616,1032.764894970545,11.583632683564797,0.4600833547204419,1.2390384320855266,1130.7524805244834,56.278391335112474,0.9542667379457076,-3.878298486821515,3.993973480136241
ML,0.5721642849897378,True,0.36,55.96290405456044,8.698588743585319,0.3295932029436616,1032.764894970545,11.583632683564797,0.4600833547204419,1.2390384320855266,1130.7524805244834,56.278391335112474,2.073513448870431,-2.67992956423258,3.388433338859476
cvxkerb,11.097592360967528,False,0.36,55.96290405456044,8.698588743585319,0.3295932029436616,1032.764894970545,11.583632683564797,0.4600833547204419,1.2390384320855266,1130.7524805244834,56.278391335112474,52.06801688780275,5.589136506078858,52.36713501340412
Optimization,5.855304632629109,False,0.38,58.52722135745448,10.718532729580573,0.39459246440320866,959.1648194993072,0.01334513035424889,0.5043909118796397,1.1717891379626744,1164.7338340455992,57.67423199531058,0.2422559406366838,-1.4376523861413957,1.457920547955825
ML,0.7122185496718774,True,0.38,58.52722135745448,10.718532729580573,0.39459246440320866,959.1648194993072,0.01334513035424889,0.5043909118796397,1.1717891379626744,1164.7338340455992,57.67423199531058,-3.944730553093202,-1.6977116363100937,4.294545835891113
cvxkerb,9.091013700471285,False,0.38,58.52722135745448,10.718532729580573,0.39459246440320866,959.1648194993072,0.01334513035424889,0.5043909118796397,1.1717891379626744,1164.7338340455992,57.67423199531058,10.150527613878886,28.353102241601068,30.115305370571978
Optimization,4.3593808444389195,False,0.38,47.06868229720967,9.608108867552962,0.37289392001051574,1055.9641768020135,1.4186234674930631,0.4500061437690765,1.2212137045880604,1042.6384703944823,50.0896266323652,7.087249981600607,32.22047853455099,32.990731263449725
ML,0.3039574780022162,True,0.38,47.06868229720967,9.608108867552962,0.37289392001051574,1055.9641768020135,1.4186234674930631,0.4500061437690765,1.2212137045880604,1042.6384703944823,50.0896266323652,4.421196135993747,-7.006213572257109,8.284564194512935
cvxkerb,9.077732264734564,False,0.38,47.06868229720967,9.608108867552962,0.37289392001051574,1055.9641768020135,1.4186234674930631,0.4500061437690765,1.2212137045880604,1042.6384703944823,50.0896266323652,-12.68221314424448,-0.6715572269444261,12.699981076564987
Optimization,6.291942501845948,False,0.38,55.63743533010033,11.494474114948861,0.3995568900490688,1016.5428898689363,9.74968585253006,0.515388204867335,1.180574395744729,1061.0814883978242,58.45014525347298,3.0308013591021514,3.734728875786465,4.809777193796889
ML,0.4889848946383738,True,0.38,55.63743533010033,11.494474114948861,0.3995568900490688,1016.5428898689363,9.74968585253006,0.515388204867335,1.180574395744729,1061.0814883978242,58.45014525347298,6.786367992736602,6.54316309144803,9.42697055124962
cvxkerb,14.750177444907973,False,0.38,55.63743533010033,11.494474114948861,0.3995568900490688,1016.5428898689363,9.74968585253006,0.515388204867335,1.180574395744729,1061.0814883978242,58.45014525347298,114.46555472947313,-0.020386640701962992,114.46555654493244
Optimization,9.886768027443505,False,0.38,57.38345470731673,8.746559759190731,0.3025689644869408,956.9082771353867,5.316404476051433,0.5734211888857312,1.2349959330503206,978.4982866824663,47.51099579796954,13.319211849909822,-3.34817098258149,13.733595786660496
ML,0.6079007487393873,True,0.38,57.38345470731673,8.746559759190731,0.3025689644869408,956.9082771353867,5.316404476051433,0.5734211888857312,1.2349959330503206,978.4982866824663,47.51099579796954,-4.713179495150292,3.42704096742812,5.827406862913882
cvxkerb,16.098657889900526,False,0.38,57.38345470731673,8.746559759190731,0.3025689644869408,956.9082771353867,5.316404476051433,0.5734211888857312,1.2349959330503206,978.4982866824663,47.51099579796954,-10.37089948964191,16.089022809553057,19.141896750076086
Optimization,5.414038934065298,False,0.38,50.04623854139374,9.231083621172596,0.3613637902989384,1079.5870586887474,9.719093043634793,0.5666260438199167,1.2230221717757248,1045.9289880831195,57.81931056197516,-0.16002324466885248,4.132643636954051,4.135740667509407
ML,0.7989715716963922,True,0.38,50.04623854139374,9.231083621172596,0.3613637902989384,1079.5870586887474,9.719093043634793,0.5666260438199167,1.2230221717757248,1045.9289880831195,57.81931056197516,-10.58812280031479,12.688803416097137,16.526163395262202
cvxkerb,13.54985491138192,False,0.38,50.04623854139374,9.231083621172596,0.3613637902989384,1079.5870586887474,9.719093043634793,0.5666260438199167,1.2230221717757248,1045.9289880831195,57.81931056197516,-9.12970896772412,51.06306346834558,51.87280633055852
Optimization,5.544160615594823,False,0.38,53.24559455663331,11.738919661953204,0.32508790998907,924.0894679993131,7.014517359113498,0.6438643624568359,1.1877839213727186,924.8147054515126,51.78610534619135,-14.215215993276313,-4.722426909454079,14.979108172739615
ML,0.3763394600786678,True,0.38,53.24559455663331,11.738919661953204,0.32508790998907,924.0894679993131,7.014517359113498,0.6438643624568359,1.1877839213727186,924.8147054515126,51.78610534619135,-8.68053992033634,12.76247373541554,15.434782446012134
cvxkerb,8.950356302548306,False,0.38,53.24559455663331,11.738919661953204,0.32508790998907,924.0894679993131,7.014517359113498,0.6438643624568359,1.1877839213727186,924.8147054515126,51.78610534619135,-42.20244620528533,9.343119965971777,43.2243028446792
Optimization,4.676226260594223,False,0.38,64.09131857717621,8.605729257479853,0.34774161894803535,1020.3613467890895,6.98083976905424,0.5302923558178086,1.183808440936626,950.7296090201676,52.834849011245566,9.622817529215693,40.781853302305876,41.901768172374034
ML,0.7407425299751568,True,0.38,64.09131857717621,8.605729257479853,0.34774161894803535,1020.3613467890895,6.98083976905424,0.5302923558178086,1.183808440936626,950.7296090201676,52.834849011245566,6.321547310723091,-3.223636276833361,7.096040533073807
cvxkerb,12.052765400689001,False,0.38,64.09131857717621,8.605729257479853,0.34774161894803535,1020.3613467890895,6.98083976905424,0.5302923558178086,1.183808440936626,950.7296090201676,52.834849011245566,10.33428221501274,1.6678611350631978,10.468006002357036
Optimization,5.831602636388185,False,0.38,52.926252509964414,9.185303207599201,0.314346945701802,930.2891043870715,5.193257812101827,0.5691359648323059,1.15806154051696,1275.8274356100662,60.10267234890392,-0.9346009339385765,-16.94036431577933,16.96612572324774
ML,0.6359469380053909,True,0.38,52.926252509964414,9.185303207599201,0.314346945701802,930.2891043870715,5.193257812101827,0.5691359648323059,1.15806154051696,1275.8274356100662,60.10267234890392,1.9015624990415756,1.8675759765455162,2.6652917224820216
cvxkerb,8.843762661042641,False,0.38,52.926252509964414,9.185303207599201,0.314346945701802,930.2891043870715,5.193257812101827,0.5691359648323059,1.15806154051696,1275.8274356100662,60.10267234890392,-23.144904578206017,74.92404477915409,78.41746676603975
Optimization,4.944907639663904,False,0.38,63.718744964971194,10.68900274917678,0.3481277951219237,1061.935007253178,11.406393851452908,0.4544132297364582,1.248252127225604,934.4528556254721,61.28773558537523,3.7767672246390576,14.145191569452406,14.640710884571664
ML,0.5180883439247124,True,0.38,63.718744964971194,10.68900274917678,0.3481277951219237,1061.935007253178,11.406393851452908,0.4544132297364582,1.248252127225604,934.4528556254721,61.28773558537523,1.3768783384934722,0.3403200143934616,1.418312966594225
cvxkerb,10.796290573368452,False,0.38,63.718744964971194,10.68900274917678,0.3481277951219237,1061.935007253178,11.406393851452908,0.4544132297364582,1.248252127225604,934.4528556254721,61.28773558537523,-14.203235329507427,-1.8058461710614213,14.317575710255738
Optimization,6.724512945786267,False,0.4,61.4097516896055,11.305363243800747,0.35880004634296286,970.6205777876779,9.5974003733494,0.5609374049576734,1.2325932308550016,1152.5835170332082,60.688109464255945,0.7089386683465752,7.896505106678016,7.928265064644913
ML,0.6859857155340278,True,0.4,61.4097516896055,11.305363243800747,0.35880004634296286,970.6205777876779,9.5974003733494,0.5609374049576734,1.2325932308550016,1152.5835170332082,60.688109464255945,-7.896639805971293,8.664431949430849,11.723024406336805
cvxkerb,12.751969967883385,False,0.4,61.4097516896055,11.305363243800747,0.35880004634296286,970.6205777876779,9.5974003733494,0.5609374049576734,1.2325932308550016,1152.5835170332082,60.688109464255945,13.149417620392095,-14.057756107927531,19.249095837089385
Optimization,5.901772652133868,False,0.4,53.83667409603909,8.653467033593682,0.31844590510598836,940.4587898316407,4.640484684527735,0.46023004112407956,1.1897793440929099,1104.6829788458804,54.6658856993265,5.056312859717074,0.40495303349498096,5.072503000952985
ML,0.4453071581828882,True,0.4,53.83667409603909,8.653467033593682,0.31844590510598836,940.4587898316407,4.640484684527735,0.46023004112407956,1.1897793440929099,1104.6829788458804,54.6658856993265,2.7083503216922713,3.0302843194906743,4.0642077360737465
cvxkerb,18.99577550471665,False,0.4,53.83667409603909,8.653467033593682,0.31844590510598836,940.4587898316407,4.640484684527735,0.46023004112407956,1.1897793440929099,1104.6829788458804,54.6658856993265,6.40952127798271,-48.87858739492134,49.29704117628031
Optimization,6.361426103667339,False,0.4,57.91144362854856,8.182340631794675,0.3945970889845599,1068.4330753300762,3.5593497858851175,0.4654375060452936,1.1669887073219056,950.777765501989,47.465675585978936,2.595071824501926,1.0653214032272018,2.805228594339101
ML,0.7057659701365486,True,0.4,57.91144362854856,8.182340631794675,0.3945970889845599,1068.4330753300762,3.5593497858851175,0.4654375060452936,1.1669887073219056,950.777765501989,47.465675585978936,-3.388993599844958,-1.7921853265222774,3.833693501623708
cvxkerb,12.408187280973953,False,0.4,57.91144362854856,8.182340631794675,0.3945970889845599,1068.4330753300762,3.5593497858851175,0.4654375060452936,1.1669887073219056,950.777765501989,47.465675585978936,50.71408155135653,3.1625870401462,50.8125971033182
Optimization,6.1995580133289785,False,0.4,59.573125684732055,9.26145497306447,0.3393147129494015,947.3847987793447,1.163588051585097,0.48580632748831676,1.2297514045296485,1171.0183220735103,55.93857751970954,11.319664136840027,-4.085763328051932,12.034461273514335
ML,0.5428253171056453,True,0.4,59.573125684732055,9.26145497306447,0.3393147129494015,947.3847987793447,1.163588051585097,0.48580632748831676,1.2297514045296485,1171.0183220735103,55.93857751970954,0.2953696464392797,0.33439629140870225,0.44616600917770377
cvxkerb,10.479973022125074,False,0.4,59.573125684732055,9.26145497306447,0.3393147129494015,947.3847987793447,1.163588051585097,0.48580632748831676,1.2297514045296485,1171.0183220735103,55.93857751970954,8.312555988127468,-1.5700896692028772,8.459537140121286
Optimization,5.123925378003458,False,0.4,48.61783802757797,11.196631884419128,0.333419271417311,1046.174069155232,5.040132051547954,0.565671952623308,1.2332611773326132,1221.6662259935538,62.32846367079401,-4.383656841459191,-18.74726720484478,19.252960160804378
ML,0.643152924912737,True,0.4,48.61783802757797,11.196631884419128,0.333419271417311,1046.174069155232,5.040132051547954,0.565671952623308,1.2332611773326132,1221.6662259935538,62.32846367079401,-35.280682516225376,5.638198982554282,35.728361935268836
cvxkerb,11.626959340110908,False,0.4,48.61783802757797,11.196631884419128,0.333419271417311,1046.174069155232,5.040132051547954,0.565671952623308,1.2332611773326132,1221.6662259935538,62.32846367079401,-12.826423159148039,21.18283916608814,24.763477263782782
Optimization,5.457659512843368,False,0.4,54.676050797212945,9.673558133513334,0.3357811249335593,1018.7561263886904,6.907121143680984,0.482291566812848,1.1971739837518438,1121.38871048394,56.40573877462781,-23.408528336556408,-0.9820008764555964,23.42911702571661
ML,0.5764375279948253,True,0.4,54.676050797212945,9.673558133513334,0.3357811249335593,1018.7561263886904,6.907121143680984,0.482291566812848,1.1971739837518438,1121.38871048394,56.40573877462781,5.01771120994319,-6.147210897595505,7.9350883804722985
cvxkerb,13.176374891620078,False,0.4,54.676050797212945,9.673558133513334,0.3357811249335593,1018.7561263886904,6.907121143680984,0.482291566812848,1.1971739837518438,1121.38871048394,56.40573877462781,37.575171123432625,80.20414359007755,88.56973599358318
Optimization,5.641730301523106,False,0.4,54.76355350621628,8.532728502670093,0.3261333017885384,983.8198945834171,7.191591444076664,0.552741571043061,1.1788184525959529,902.5857431158843,54.924784438016275,1.283123735107875,-7.200891273926942,7.31431757982345
ML,0.5812734592445594,True,0.4,54.76355350621628,8.532728502670093,0.3261333017885384,983.8198945834171,7.191591444076664,0.552741571043061,1.1788184525959529,902.5857431158843,54.924784438016275,-2.5390667139547127,1.6662333430457479,3.036971078457974
cvxkerb,11.72643820731873,False,0.4,54.76355350621628,8.532728502670093,0.3261333017885384,983.8198945834171,7.191591444076664,0.552741571043061,1.1788184525959529,902.5857431158843,54.924784438016275,79.58690521778135,-1.4314330842747747,79.59977690181593
Optimization,6.5745384861739655,False,0.4,45.45129023410694,11.446659538796403,0.35771170823879067,1078.1316910923686,7.1633426809580705,0.6120322179919405,1.1929673363355147,1199.9439725153075,63.26082933779712,0.38576287828335976,-6.444163424512048,6.455699438486918
ML,0.5079328204961003,True,0.4,45.45129023410694,11.446659538796403,0.35771170823879067,1078.1316910923686,7.1633426809580705,0.6120322179919405,1.1929673363355147,1199.9439725153075,63.26082933779712,8.105761564605013,5.078907304004573,9.56549371150799
cvxkerb,11.867219545453512,False,0.4,45.45129023410694,11.446659538796403,0.35771170823879067,1078.1316910923686,7.1633426809580705,0.6120322179919405,1.1929673363355147,1199.9439725153075,63.26082933779712,3.04292976434818,-55.239939765516425,55.32368721306127
Optimization,5.031391704897892,False,0.4,49.27989357396627,9.133137613970309,0.3400312836172994,1062.373224802076,0.16634563095432142,0.5798757640473244,1.2168876531040684,1219.4623121426546,63.655058781206264,-0.5873002968047247,5.467469971485806,5.498922578808136
ML,0.7170678755679774,True,0.4,49.27989357396627,9.133137613970309,0.3400312836172994,1062.373224802076,0.16634563095432142,0.5798757640473244,1.2168876531040684,1219.4623121426546,63.655058781206264,9.61606155134934,5.4478227348459365,11.052032044363758
cvxkerb,9.52118084758519,False,0.4,49.27989357396627,9.133137613970309,0.3400312836172994,1062.373224802076,0.16634563095432142,0.5798757640473244,1.2168876531040684,1219.4623121426546,63.655058781206264,-6.48827049222204,-4.932104139213798,8.150049399868022
Optimization,6.811745149664741,False,0.42,49.41302119243497,8.552501172560989,0.3859111757646917,1000.0116518382174,8.098718436649857,0.497813276815006,1.2258040421011216,1204.0022179848393,51.251960498166,4.112729669489706,0.3103752938869853,4.124424585000475
ML,0.6116284485184295,True,0.42,49.41302119243497,8.552501172560989,0.3859111757646917,1000.0116518382174,8.098718436649857,0.497813276815006,1.2258040421011216,1204.0022179848393,51.251960498166,2.7406352736673503,2.9059058159511975,3.994417393619338
cvxkerb,15.726857676277671,False,0.42,49.41302119243497,8.552501172560989,0.3859111757646917,1000.0116518382174,8.098718436649857,0.497813276815006,1.2258040421011216,1204.0022179848393,51.251960498166,-84.41923737026828,-24.333601119313517,87.85631327122461
Optimization,6.289365856315525,False,0.42,58.434177184881214,10.917239201908824,0.3575060573458815,941.3635786266792,6.053471300032264,0.5124379473138259,1.1927466528166688,1158.0874303378655,59.904294853816694,-10.600610452899176,-8.119724483494348,13.3530096855343
ML,0.5813343416792224,True,0.42,58.434177184881214,10.917239201908824,0.3575060573458815,941.3635786266792,6.053471300032264,0.5124379473138259,1.1927466528166688,1158.0874303378655,59.904294853816694,5.4703043921353025,-11.086273936037895,12.362430987774529
cvxkerb,10.309077777311025,False,0.42,58.434177184881214,10.917239201908824,0.3575060573458815,941.3635786266792,6.053471300032264,0.5124379473138259,1.1927466528166688,1158.0874303378655,59.904294853816694,-41.57777089769297,-10.493768610531806,42.88158360499793
Optimization,11.618264777820738,False,0.42,51.33885243534563,11.235305293966736,0.3875488650395897,960.493263492294,10.304377454934887,0.6214461874739583,1.2264650950384874,958.6780456060726,58.80645693801458,-9.751438319372493,0.15417444945636477,9.752657025518298
ML,0.3574815104104322,True,0.42,51.33885243534563,11.235305293966736,0.3875488650395897,960.493263492294,10.304377454934887,0.6214461874739583,1.2264650950384874,958.6780456060726,58.80645693801458,-2.116063617533309,-4.279137280913622,4.773755450623018
cvxkerb,17.913394475658063,False,0.42,51.33885243534563,11.235305293966736,0.3875488650395897,960.493263492294,10.304377454934887,0.6214461874739583,1.2264650950384874,958.6780456060726,58.80645693801458,82.91539599785348,-87.44324749062169,120.50429214425091
Optimization,6.358775184976789,False,0.42,60.036502919133625,11.247784938551533,0.394574970222593,962.5839096057646,10.302077454618654,0.4763373806872414,1.2205040906353593,1196.7910918055943,58.55446482402641,-5.867974105099857,52.033278270350415,52.36310884256055
ML,0.4893764652734057,True,0.42,60.036502919133625,11.247784938551533,0.394574970222593,962.5839096057646,10.302077454618654,0.4763373806872414,1.2205040906353593,1196.7910918055943,58.55446482402641,-3.6815990979627853,-12.579626606497607,13.10729481918458
cvxkerb,16.232300549907585,False,0.42,60.036502919133625,11.247784938551533,0.394574970222593,962.5839096057646,10.302077454618654,0.4763373806872414,1.2205040906353593,1196.7910918055943,58.55446482402641,8.851135577408362,-35.981420017797504,37.0540846264865
Optimization,8.384199027192963,False,0.42,61.57417967636013,11.3182508627322,0.37093888218243865,921.0802754792925,10.066246342848826,0.584202596106582,1.21970241660043,1045.1931361615486,62.585591123140134,15.795170488458785,6.422833676773016,17.0511056298109
ML,0.6006547023963482,True,0.42,61.57417967636013,11.3182508627322,0.37093888218243865,921.0802754792925,10.066246342848826,0.584202596106582,1.21970241660043,1045.1931361615486,62.585591123140134,13.284111487342145,18.11606333675581,22.464624831710044
cvxkerb,11.5523846449891,False,0.42,61.57417967636013,11.3182508627322,0.37093888218243865,921.0802754792925,10.066246342848826,0.584202596106582,1.21970241660043,1045.1931361615486,62.585591123140134,-3.6899739111625585,8.086071195358826,8.888220004110611
Optimization,7.2432631340739135,False,0.42,60.510105934379986,9.572487192828316,0.3139254070784704,902.1430595390718,6.53108804418301,0.6451557637097866,1.1869136193809204,1042.8769335972179,51.88183235698884,0.20794256715618875,14.309618391446186,14.31112918745584
ML,0.5905886266878853,True,0.42,60.510105934379986,9.572487192828316,0.3139254070784704,902.1430595390718,6.53108804418301,0.6451557637097866,1.1869136193809204,1042.8769335972179,51.88183235698884,-0.7002176761589461,-10.229154266435145,10.253092304301848
cvxkerb,12.675120908905281,False,0.42,60.510105934379986,9.572487192828316,0.3139254070784704,902.1430595390718,6.53108804418301,0.6451557637097866,1.1869136193809204,1042.8769335972179,51.88183235698884,96.65021765897922,28.24584603722101,100.69306029655893
Optimization,6.91609759986252,False,0.42,57.97494227790036,9.675879095118098,0.34580286165838686,951.3294414372192,9.025371992363699,0.5525749484610536,1.1820854542749843,1138.42004630438,64.91468904102646,-14.91604649474337,-14.087085723599278,20.516686555518184
ML,0.59687523785212,True,0.42,57.97494227790036,9.675879095118098,0.34580286165838686,951.3294414372192,9.025371992363699,0.5525749484610536,1.1820854542749843,1138.42004630438,64.91468904102646,-3.5457126364220826,2.586202210060774,4.388680891954491
cvxkerb,10.626694433072378,False,0.42,57.97494227790036,9.675879095118098,0.34580286165838686,951.3294414372192,9.025371992363699,0.5525749484610536,1.1820854542749843,1138.42004630438,64.91468904102646,4.069996540482638,2.126355167964309,4.591977584861359
Optimization,16.189929875375775,False,0.42,53.610716418260736,8.476562687984192,0.35123928207321065,969.7663814917261,4.497899092199972,0.5742661248311415,1.2218718113262201,944.2414395492643,45.71180461612953,-0.9189150278472418,-3.9159078168021897,4.02228030575891
ML,0.5093788036761524,True,0.42,53.610716418260736,8.476562687984192,0.35123928207321065,969.7663814917261,4.497899092199972,0.5742661248311415,1.2218718113262201,944.2414395492643,45.71180461612953,-12.466621449925997,7.208100226461744,14.400463855392744
cvxkerb,19.793039516731007,False,0.42,53.610716418260736,8.476562687984192,0.35123928207321065,969.7663814917261,4.497899092199972,0.5742661248311415,1.2218718113262201,944.2414395492643,45.71180461612953,0.11758572625071609,-0.8916819145801004,0.8994014897736949
Optimization,8.230703583413156,False,0.42,64.77681082607326,9.93292830350174,0.3986895945388298,1050.9138722411474,2.983258615359676,0.5576789958573916,1.2492135639478583,1243.0122431007694,46.947337875824424,15.582458534709334,6.88578953496864,17.036053284309116
ML,0.5420290162945882,True,0.42,64.77681082607326,9.93292830350174,0.3986895945388298,1050.9138722411474,2.983258615359676,0.5576789958573916,1.2492135639478583,1243.0122431007694,46.947337875824424,-5.920196751581711,-5.75137064136554,8.253907791573644
cvxkerb,10.33850511073351,False,0.42,64.77681082607326,9.93292830350174,0.3986895945388298,1050.9138722411474,2.983258615359676,0.5576789958573916,1.2492135639478583,1243.0122431007694,46.947337875824424,-32.35140061951177,8.613475989615646,33.478427243044614
Optimization,7.324267342300125,False,0.44,53.347895646582955,9.507467521388755,0.38759049249998945,1081.059799802103,5.91548365987032,0.5160311900631209,1.1606800704002362,1281.361151752838,46.20453889800595,-10.154001186267623,-5.432153959530893,11.515729969514371
ML,0.6475434639188477,True,0.44,53.347895646582955,9.507467521388755,0.38759049249998945,1081.059799802103,5.91548365987032,0.5160311900631209,1.1606800704002362,1281.361151752838,46.20453889800595,-2.034753542118286,1.1147806388501669,2.3201202231604503
cvxkerb,14.743109844323076,False,0.44,53.347895646582955,9.507467521388755,0.38759049249998945,1081.059799802103,5.91548365987032,0.5160311900631209,1.1606800704002362,1281.361151752838,46.20453889800595,-6.083029429776809,-2.6385086996841927,6.630608961614305
Optimization,7.309852658736152,False,0.44,62.07885764283706,8.052915251621176,0.3511780456569481,1053.8885158843113,11.217546209913401,0.6318404272412974,1.2319624869547645,1255.2765398645215,48.98439371674153,2.771802995528114,-17.46645999180582,17.685025204714073
ML,0.4374298583024133,True,0.44,62.07885764283706,8.052915251621176,0.3511780456569481,1053.8885158843113,11.217546209913401,0.6318404272412974,1.2319624869547645,1255.2765398645215,48.98439371674153,-2.690851658749155,1.5480282923449635,3.104363742104579
cvxkerb,12.626387455456486,False,0.44,62.07885764283706,8.052915251621176,0.3511780456569481,1053.8885158843113,11.217546209913401,0.6318404272412974,1.2319624869547645,1255.2765398645215,48.98439371674153,28.72313013993954,35.55655443598165,45.708716547227944
Optimization,13.331319655172225,False,0.44,57.91068712821044,8.623093042320681,0.35470453456155776,917.489300359977,4.528358121559809,0.5327033060579919,1.1539811439445753,1009.5952397879887,64.1129893453298,6.52177182811656,-1.569814267027536,6.708041786615377
ML,0.5604516389332682,True,0.44,57.91068712821044,8.623093042320681,0.35470453456155776,917.489300359977,4.528358121559809,0.5327033060579919,1.1539811439445753,1009.5952397879887,64.1129893453298,3.268367092101406,15.95717359568732,16.28845028268902
cvxkerb,12.848174637381147,False,0.44,57.91068712821044,8.623093042320681,0.35470453456155776,917.489300359977,4.528358121559809,0.5327033060579919,1.1539811439445753,1009.5952397879887,64.1129893453298,-24.67986622642327,-16.601614185368774,29.744064794744947
Optimization,7.547240733054256,False,0.44,63.761282791362625,11.670589111617733,0.38874689402128826,1025.0866900333187,9.699218534595339,0.463807387382275,1.1834789041890679,1025.4812499028626,57.71290643905226,-2.7445130690925663,10.262782211339054,10.623419915629675
ML,0.6868798375176257,True,0.44,63.761282791362625,11.670589111617733,0.38874689402128826,1025.0866900333187,9.699218534595339,0.463807387382275,1.1834789041890679,1025.4812499028626,57.71290643905226,-1.6112829742760708,-1.8616764312158103,2.4621275267005114
cvxkerb,12.552926219037182,False,0.44,63.761282791362625,11.670589111617733,0.38874689402128826,1025.0866900333187,9.699218534595339,0.463807387382275,1.1834789041890679,1025.4812499028626,57.71290643905226,82.41126126721967,42.4268185090481,92.69115876098242
Optimization,9.100335559076331,False,0.44,52.25003969063026,11.295990607519913,0.320408766115576,993.8081495036308,9.611264658497163,0.48603172954652385,1.1609863113740782,1253.4735870751958,51.85859325518392,-3.6693494321095725,3.792025097762014,5.276701583089559
ML,0.4474295813806636,True,0.44,52.25003969063026,11.295990607519913,0.320408766115576,993.8081495036308,9.611264658497163,0.48603172954652385,1.1609863113740782,1253.4735870751958,51.85859325518392,2.8735916284077097,-2.6054651644000923,3.878914483429259
cvxkerb,23.177313021982485,False,0.44,52.25003969063026,11.295990607519913,0.320408766115576,993.8081495036308,9.611264658497163,0.48603172954652385,1.1609863113740782,1253.4735870751958,51.85859325518392,-1.0359045040273263,-4.163793622892109,4.290719692021502
Optimization,8.223065800019807,False,0.44,51.15358178955897,11.704238239273062,0.3161694553273987,1093.1664639436665,2.4695325238730605,0.598313221693366,1.2046677264897312,1253.7914910387037,56.07986511006262,-0.3517781530970139,-8.490716005645236,8.498000126942605
ML,0.41484241860379467,True,0.44,51.15358178955897,11.704238239273062,0.3161694553273987,1093.1664639436665,2.4695325238730605,0.598313221693366,1.2046677264897312,1253.7914910387037,56.07986511006262,3.505431121877945,0.8966548658938254,3.618292041662964
cvxkerb,10.932367316408186,False,0.44,51.15358178955897,11.704238239273062,0.3161694553273987,1093.1664639436665,2.4695325238730605,0.598313221693366,1.2046677264897312,1253.7914910387037,56.07986511006262,-34.4940553066996,-4.417376636892945,34.775754022793215
Optimization,8.433827141016861,False,0.44,59.87810374604304,11.6768321242149,0.34237701199309234,968.426520022379,11.538608785650794,0.5389704865655082,1.1989048400449283,1040.6599489367622,63.19096946024277,-14.086354868411123,27.772326758509873,31.140448408143598
ML,0.5903651818737514,True,0.44,59.87810374604304,11.6768321242149,0.34237701199309234,968.426520022379,11.538608785650794,0.5389704865655082,1.1989048400449283,1040.6599489367622,63.19096946024277,9.158960116237177,1.4598253728097665,9.274569560358177
cvxkerb,17.701057950403566,False,0.44,59.87810374604304,11.6768321242149,0.34237701199309234,968.426520022379,11.538608785650794,0.5389704865655082,1.1989048400449283,1040.6599489367622,63.19096946024277,38.60227163780798,-22.473108764876585,44.66739295232135
Optimization,8.28457239541288,False,0.44,46.02526918351997,9.607505084946958,0.367375622978409,990.0700771561585,8.987557810324782,0.5213964858937328,1.213474414110403,974.5679219415898,59.987388732899134,10.595582821029556,9.779615081549775,14.418989092879308
ML,0.5012023738749279,True,0.44,46.02526918351997,9.607505084946958,0.367375622978409,990.0700771561585,8.987557810324782,0.5213964858937328,1.213474414110403,974.5679219415898,59.987388732899134,-0.29516267178112965,1.851007922340629,1.8743935903061415
cvxkerb,14.006797983444692,False,0.44,46.02526918351997,9.607505084946958,0.367375622978409,990.0700771561585,8.987557810324782,0.5213964858937328,1.213474414110403,974.5679219415898,59.987388732899134,138.988176818749,16.79650910558131,139.99941433282396
Optimization,10.557884236446647,False,0.44,50.0434575499106,9.786905874810563,0.3123449865810355,941.1960071753923,0.011320983211573044,0.4578530103297321,1.247728382317693,996.9414780547049,58.266214190080035,6.443481220519668,-9.797439088746682,11.726391727078328
ML,0.6958130363885319,True,0.44,50.0434575499106,9.786905874810563,0.3123449865810355,941.1960071753923,0.011320983211573044,0.4578530103297321,1.247728382317693,996.9414780547049,58.266214190080035,7.7906948207032585,-19.050070753500822,20.581548083239998
cvxkerb,16.057306137596125,False,0.44,50.0434575499106,9.786905874810563,0.3123449865810355,941.1960071753923,0.011320983211573044,0.4578530103297321,1.247728382317693,996.9414780547049,58.266214190080035,8.780574275721749,10.241156404312852,13.489987735689928
Optimization,7.90199863113891,False,0.46,56.94624756661423,9.574542081109769,0.34734356593750215,1070.9094786404362,4.080052632718706,0.6239299369624343,1.158813443097669,1210.7193748834522,61.95095266109473,-7.635783514030801,7.159103100155692,10.46699322020433
ML,0.5125539132701518,True,0.46,56.94624756661423,9.574542081109769,0.34734356593750215,1070.9094786404362,4.080052632718706,0.6239299369624343,1.158813443097669,1210.7193748834522,61.95095266109473,-3.570812877176246,-3.759835867406245,5.1852743759267135
cvxkerb,11.633506877996506,False,0.46,56.94624756661423,9.574542081109769,0.34734356593750215,1070.9094786404362,4.080052632718706,0.6239299369624343,1.158813443097669,1210.7193748834522,61.95095266109473,31.46316592966682,5.2516703999632535,31.898445923079027
Optimization,7.75394531326108,False,0.46,58.338548949173614,9.741585293599005,0.3953120114394138,1043.8490401151664,11.1619824343506,0.5555175946544332,1.1758904274793138,921.1306745458888,59.521697029677014,33.61710769640504,16.945604307159748,37.64655940728882
ML,0.5913675522570936,True,0.46,58.338548949173614,9.741585293599005,0.3953120114394138,1043.8490401151664,11.1619824343506,0.5555175946544332,1.1758904274793138,921.1306745458888,59.521697029677014,-7.9117506505288135,0.5525611352225949,7.9310227691201085
cvxkerb,16.30977522430696,False,0.46,58.338548949173614,9.741585293599005,0.3953120114394138,1043.8490401151664,11.1619824343506,0.5555175946544332,1.1758904274793138,921.1306745458888,59.521697029677014,3.1051964398197005,27.936553321435508,28.108597553262566
Optimization,8.805986358765075,False,0.46,57.04938340914533,9.959143471952963,0.3528656603989276,966.8885054236208,6.231752311707638,0.4895111811356957,1.2305174397360377,974.3107818794831,46.69932579778933,30.84490187631707,-34.549761793795874,46.31515963232412
ML,0.5655296686163627,True,0.46,57.04938340914533,9.959143471952963,0.3528656603989276,966.8885054236208,6.231752311707638,0.4895111811356957,1.2305174397360377,974.3107818794831,46.69932579778933,-8.746924564526878,0.12053574133458578,8.747755037863303
cvxkerb,18.693700326752747,False,0.46,57.04938340914533,9.959143471952963,0.3528656603989276,966.8885054236208,6.231752311707638,0.4895111811356957,1.2305174397360377,974.3107818794831,46.69932579778933,-19.25847428364257,-2.9687226594961835,19.48594739710462
Optimization,8.082004796673695,False,0.46,63.410717702051095,8.048012109090731,0.3552814875718349,1048.1327162133252,5.820215850288495,0.46708060603254437,1.2472461390027902,1107.2041725504391,57.28372488638023,-12.05568317481498,-2.009275283844997,12.2219754531658
ML,0.5692721110997978,True,0.46,63.410717702051095,8.048012109090731,0.3552814875718349,1048.1327162133252,5.820215850288495,0.46708060603254437,1.2472461390027902,1107.2041725504391,57.28372488638023,1.892949489170631,4.708678959106603,5.074930079171987
cvxkerb,11.764195672190658,False,0.46,63.410717702051095,8.048012109090731,0.3552814875718349,1048.1327162133252,5.820215850288495,0.46708060603254437,1.2472461390027902,1107.2041725504391,57.28372488638023,1.2655231078118663,51.759914576018645,51.775383201412936
Optimization,8.517074160716009,False,0.46,50.24816752978604,9.686850470103666,0.30399225325637513,989.8157028269752,6.931356967645604,0.5641814107504289,1.1832426692174365,1026.213272265254,47.13247237873196,-1.3855369332530867,10.418891186188539,10.510613975550886
ML,0.7167582854886434,True,0.46,50.24816752978604,9.686850470103666,0.30399225325637513,989.8157028269752,6.931356967645604,0.5641814107504289,1.1832426692174365,1026.213272265254,47.13247237873196,-7.5915799175881435,-18.72303572617797,20.203567814840632
cvxkerb,19.13037348688106,False,0.46,50.24816752978604,9.686850470103666,0.30399225325637513,989.8157028269752,6.931356967645604,0.5641814107504289,1.1832426692174365,1026.213272265254,47.13247237873196,14.52196356284885,-6.222708607720482,15.799035671119558
Optimization,9.150445189407645,False,0.46,46.12448589701945,9.942537193653362,0.3912800800407862,1022.0726015636315,6.556884890545585,0.4999488358458711,1.1843275489064449,1240.8193663218772,56.18436263536916,8.839646794625756,-10.535476904940323,13.752658981748523
ML,0.6663721163644836,True,0.46,46.12448589701945,9.942537193653362,0.3912800800407862,1022.0726015636315,6.556884890545585,0.4999488358458711,1.1843275489064449,1240.8193663218772,56.18436263536916,1.1804045337312552,1.3377141920804743,1.784049921652087
cvxkerb,19.319454822780173,False,0.46,46.12448589701945,9.942537193653362,0.3912800800407862,1022.0726015636315,6.556884890545585,0.4999488358458711,1.1843275489064449,1240.8193663218772,56.18436263536916,-35.266963281456455,11.483079634577283,37.08934910442136
Optimization,7.91471872929948,False,0.46,62.98497836578405,10.494021244989348,0.3131287972004824,961.9383422210378,2.421539379029483,0.6317652995433725,1.2260400067287482,1170.5593475640023,51.019326392632436,17.559266730804815,-32.129295497150494,36.61447087241278
ML,0.6055730405500656,True,0.46,62.98497836578405,10.494021244989348,0.3131287972004824,961.9383422210378,2.421539379029483,0.6317652995433725,1.2260400067287482,1170.5593475640023,51.019326392632436,-0.43039000855335263,-2.3793713367957543,2.417983357640778
cvxkerb,12.281528508938592,False,0.46,62.98497836578405,10.494021244989348,0.3131287972004824,961.9383422210378,2.421539379029483,0.6317652995433725,1.2260400067287482,1170.5593475640023,51.019326392632436,-34.18793084467467,-26.905027447163125,43.505115990798814
Optimization,7.615548077386819,False,0.46,49.07069747773793,11.076244532638897,0.3425505659271843,1013.0831879505076,0.25210988383632893,0.4568862617146629,1.1945825549827016,1226.6620972806495,62.70477757415131,-2.9639275796245537,10.932901699938107,11.327541934496143
ML,0.4575652632957076,True,0.46,49.07069747773793,11.076244532638897,0.3425505659271843,1013.0831879505076,0.25210988383632893,0.4568862617146629,1.1945825549827016,1226.6620972806495,62.70477757415131,12.971680015080212,-8.322079731886797,15.411732332139445
cvxkerb,17.95915185293694,False,0.46,49.07069747773793,11.076244532638897,0.3425505659271843,1013.0831879505076,0.25210988383632893,0.4568862617146629,1.1945825549827016,1226.6620972806495,62.70477757415131,-59.151553022863965,31.517556769004617,67.02434341121229
Optimization,11.322034945108257,False,0.46,46.27589112507196,9.548892564840827,0.32827654570600984,960.8980848708061,11.79536255465641,0.5785554826959856,1.22176761577935,1290.6470549260036,52.544035649152775,14.01704083276119,-3.461955190566153,14.438232836769965
ML,0.6529178451768206,True,0.46,46.27589112507196,9.548892564840827,0.32827654570600984,960.8980848708061,11.79536255465641,0.5785554826959856,1.22176761577935,1290.6470549260036,52.544035649152775,4.2322399561742765,-2.8707994076528687,5.114034052058913
cvxkerb,14.136890534383502,False,0.46,46.27589112507196,9.548892564840827,0.32827654570600984,960.8980848708061,11.79536255465641,0.5785554826959856,1.22176761577935,1290.6470549260036,52.544035649152775,86.77174634976026,-19.84344330822361,89.01178689877997
Optimization,13.99275429511081,False,0.48,49.56662504737221,8.233831948947508,0.32999293974730665,994.861732973686,2.016240626312143,0.5209594579312777,1.1899983018293567,922.9567374753094,56.66614496368409,12.58399502574812,7.471297162014664,14.634794569490266
ML,0.5124237206233524,True,0.48,49.56662504737221,8.233831948947508,0.32999293974730665,994.861732973686,2.016240626312143,0.5209594579312777,1.1899983018293567,922.9567374753094,56.66614496368409,8.170319476071201,-1.3901726890129764,8.287743990154736
cvxkerb,14.767093155949704,False,0.48,49.56662504737221,8.233831948947508,0.32999293974730665,994.861732973686,2.016240626312143,0.5209594579312777,1.1899983018293567,922.9567374753094,56.66614496368409,8.60711248151934,5.819079883011171,10.389613850109702
Optimization,11.527336680668284,False,0.48,63.19860316319437,10.869047503463026,0.35820701311242237,1059.5609362682144,10.372395197471679,0.5413776143474534,1.1975108364931835,1054.4203742607342,64.33412280036922,-18.509988856678625,-0.4120797529342034,18.51457526375221
ML,0.8019812987402059,True,0.48,63.19860316319437,10.869047503463026,0.35820701311242237,1059.5609362682144,10.372395197471679,0.5413776143474534,1.1975108364931835,1054.4203742607342,64.33412280036922,6.460049228277874,-1.4166080178775233,6.613547785272927
cvxkerb,13.491165433659125,False,0.48,63.19860316319437,10.869047503463026,0.35820701311242237,1059.5609362682144,10.372395197471679,0.5413776143474534,1.1975108364931835,1054.4203742607342,64.33412280036922,-47.372070777735004,6.13582393492585,47.76778647929108
Optimization,12.363793722958295,False,0.48,64.43690602650969,10.0504609764128,0.32908768542315825,993.8813683978516,10.294293402209867,0.5109806248770127,1.1692676396486699,951.6284987723526,50.957187967804224,-11.021317252195287,-8.997533661584066,14.227615610666316
ML,0.6356142250562732,True,0.48,64.43690602650969,10.0504609764128,0.32908768542315825,993.8813683978516,10.294293402209867,0.5109806248770127,1.1692676396486699,951.6284987723526,50.957187967804224,7.5450037411427,-20.40405203874089,21.75436556311178
cvxkerb,24.915361696654763,False,0.48,64.43690602650969,10.0504609764128,0.32908768542315825,993.8813683978516,10.294293402209867,0.5109806248770127,1.1692676396486699,951.6284987723526,50.957187967804224,-2.642457658480848,-41.98295696187687,42.06603449030666
Optimization,12.350893983195437,False,0.48,48.68602793900198,8.157447519278918,0.3021846711986202,1054.8971206239582,1.6132011284346,0.5435441231942302,1.2105896815179482,1071.3407202275384,45.542133046724665,1.8368192615029975,0.7400962332045793,1.9803149834892488
ML,0.6375236680487657,True,0.48,48.68602793900198,8.157447519278918,0.3021846711986202,1054.8971206239582,1.6132011284346,0.5435441231942302,1.2105896815179482,1071.3407202275384,45.542133046724665,-12.160185760794155,-2.5262454342121643,12.419824223027424
cvxkerb,24.668378716208764,False,0.48,48.68602793900198,8.157447519278918,0.3021846711986202,1054.8971206239582,1.6132011284346,0.5435441231942302,1.2105896815179482,1071.3407202275384,45.542133046724665,72.21598563240357,-103.03909271074191,125.82608317639227
Optimization,9.240517714203301,False,0.48,63.53815124291728,11.848233995765407,0.3508959040422048,990.5649610568654,3.3443317911423094,0.641774374638082,1.1642814304472866,1131.93183041909,50.65100535037278,-10.96277081225839,2.0627180690456823,11.155140058039255
ML,0.7018913933841857,True,0.48,63.53815124291728,11.848233995765407,0.3508959040422048,990.5649610568654,3.3443317911423094,0.641774374638082,1.1642814304472866,1131.93183041909,50.65100535037278,-9.546862764446947,-1.9422902073902562,9.742437061275156
cvxkerb,14.236644124177612,False,0.48,63.53815124291728,11.848233995765407,0.3508959040422048,990.5649610568654,3.3443317911423094,0.641774374638082,1.1642814304472866,1131.93183041909,50.65100535037278,-21.950368219192853,-13.581598819863107,25.81237089966473
Optimization,8.435035700747372,False,0.48,56.41707872557523,11.638381564443778,0.30061838226408966,1062.1367140675184,11.380434633467027,0.46826514686671145,1.166144768603292,1284.2985211085422,55.75080287280693,5.566449153267265,24.031058183335247,24.66732887012199
ML,0.5893639960644668,True,0.48,56.41707872557523,11.638381564443778,0.30061838226408966,1062.1367140675184,11.380434633467027,0.46826514686671145,1.166144768603292,1284.2985211085422,55.75080287280693,5.628875410232048,-31.294343192868514,31.796543118033302
cvxkerb,16.55056984267066,False,0.48,56.41707872557523,11.638381564443778,0.30061838226408966,1062.1367140675184,11.380434633467027,0.46826514686671145,1.166144768603292,1284.2985211085422,55.75080287280693,-0.2260739623463717,47.91671992911058,47.9172532414085
Optimization,8.867325648334411,False,0.48,57.064908453680594,8.90904421423865,0.3543787070391747,1038.9940266242952,6.1820043406390655,0.6480570341169882,1.2111341656247725,1048.3894850368677,60.44304055231676,-12.317991894746616,-27.64449486045301,30.264682724401
ML,0.8181235982240337,True,0.48,57.064908453680594,8.90904421423865,0.3543787070391747,1038.9940266242952,6.1820043406390655,0.6480570341169882,1.2111341656247725,1048.3894850368677,60.44304055231676,-0.4780687513346618,6.5586434672315415,6.576043936992944
cvxkerb,13.718515376829,False,0.48,57.064908453680594,8.90904421423865,0.3543787070391747,1038.9940266242952,6.1820043406390655,0.6480570341169882,1.2111341656247725,1048.3894850368677,60.44304055231676,-13.713317643411724,-43.06193774639421,45.19276007574042
Optimization,13.6723093277146,False,0.48,45.181740699024324,10.593190109195206,0.3511093821472398,989.1035628986323,11.603622175419783,0.5642398367925827,1.2363431577789386,955.7800944820641,56.38412926258855,0.7209423269397949,-18.643620576830166,18.65755466430632
ML,0.8143862209390199,True,0.48,45.181740699024324,10.593190109195206,0.3511093821472398,989.1035628986323,11.603622175419783,0.5642398367925827,1.2363431577789386,955.7800944820641,56.38412926258855,5.864932612745476,-1.686021234923924,6.10246689107445
cvxkerb,13.761633679265408,False,0.48,45.181740699024324,10.593190109195206,0.3511093821472398,989.1035628986323,11.603622175419783,0.5642398367925827,1.2363431577789386,955.7800944820641,56.38412926258855,79.37789152828098,-30.49207519883063,85.03303071987193
Optimization,9.67437960396785,False,0.48,64.33244441792215,9.773756411344177,0.33209970456408977,1005.2188026503084,8.253230476388818,0.504694903074996,1.2236473174619074,920.6629428458564,45.98588985528833,-1.4076754931705098,-28.89997167266451,28.934234273173427
ML,0.5747296024416185,True,0.48,64.33244441792215,9.773756411344177,0.33209970456408977,1005.2188026503084,8.253230476388818,0.504694903074996,1.2236473174619074,920.6629428458564,45.98588985528833,-12.88529222592446,-17.60885764862424,21.819775971283065
cvxkerb,17.108918256403292,False,0.48,64.33244441792215,9.773756411344177,0.33209970456408977,1005.2188026503084,8.253230476388818,0.504694903074996,1.2236473174619074,920.6629428458564,45.98588985528833,-225.13202120782813,82.58509732858676,239.80142884039313
Optimization,9.4931377783,False,0.5,59.319693870834485,10.429297667172264,0.3088578339636644,1035.3744551655152,0.7691365324341057,0.5692285299099794,1.2239581177221743,984.3879562479801,61.83244015085548,-28.475867125086626,-38.057295073474826,47.53138664961417
ML,0.6038049286878601,True,0.5,59.319693870834485,10.429297667172264,0.3088578339636644,1035.3744551655152,0.7691365324341057,0.5692285299099794,1.2239581177221743,984.3879562479801,61.83244015085548,12.223747769031387,-15.471231985855052,19.717480282253213
cvxkerb,17.668814045384813,False,0.5,59.319693870834485,10.429297667172264,0.3088578339636644,1035.3744551655152,0.7691365324341057,0.5692285299099794,1.2239581177221743,984.3879562479801,61.83244015085548,-16.161275040075942,-13.007796845799934,20.745833068416037
Optimization,10.182305457063233,False,0.5,49.270857089806825,9.644577345919949,0.37040314525916573,943.4905864434472,4.400146556435777,0.5281834853682325,1.247645652943541,1281.8665427516275,61.00275165504152,-6.301019951392316,-4.947099986037324,8.011033060704126
ML,0.6887768697572244,True,0.5,49.270857089806825,9.644577345919949,0.37040314525916573,943.4905864434472,4.400146556435777,0.5281834853682325,1.247645652943541,1281.8665427516275,61.00275165504152,3.35176986439285,12.191017944321752,12.643388776061068
cvxkerb,15.17659651271391,False,0.5,49.270857089806825,9.644577345919949,0.37040314525916573,943.4905864434472,4.400146556435777,0.5281834853682325,1.247645652943541,1281.8665427516275,61.00275165504152,-12.947094950189264,-21.320245529843575,24.943538985116593
Optimization,10.136406181284134,False,0.5,58.86755077037705,11.064981891041516,0.33040946359712836,1062.3254028889708,3.527001126059205,0.5392652719973122,1.2227018527014133,1177.1680916899154,64.747369446244,-19.454078536232217,16.0266078862032,25.205422671163475
ML,0.665398173814727,True,0.5,58.86755077037705,11.064981891041516,0.33040946359712836,1062.3254028889708,3.527001126059205,0.5392652719973122,1.2227018527014133,1177.1680916899154,64.747369446244,-12.265986181108744,3.716178738515762,12.8165674582451
cvxkerb,16.809802970632298,False,0.5,58.86755077037705,11.064981891041516,0.33040946359712836,1062.3254028889708,3.527001126059205,0.5392652719973122,1.2227018527014133,1177.1680916899154,64.747369446244,28.972031276895947,5.907112540137179,29.56810063009261
Optimization,10.510586437155176,False,0.5,56.386099688244045,10.526889673306336,0.35187478471147093,910.2331012890952,2.794302682513131,0.5484003458864166,1.1810235283744703,972.7054391044777,55.08265683836876,-11.996162934827362,-1.17812450088874,12.053874999290484
ML,0.6849913635120732,True,0.5,56.386099688244045,10.526889673306336,0.35187478471147093,910.2331012890952,2.794302682513131,0.5484003458864166,1.1810235283744703,972.7054391044777,55.08265683836876,1.4707527495589132,1.334247812755908,1.985782182460863
cvxkerb,21.732320748717676,False,0.5,56.386099688244045,10.526889673306336,0.35187478471147093,910.2331012890952,2.794302682513131,0.5484003458864166,1.1810235283744703,972.7054391044777,55.08265683836876,9.58641648200891,17.056610139073182,19.56597379132626
Optimization,11.631818635634035,False,0.5,56.547068024393354,10.585629500912356,0.34583634794263063,1005.7414639768106,0.4125223002207026,0.577792604394657,1.1581447212891158,1074.0058377360892,50.85310195334816,3.139158177695048,7.006229270212138,7.677340858094488
ML,0.7096306872660431,True,0.5,56.547068024393354,10.585629500912356,0.34583634794263063,1005.7414639768106,0.4125223002207026,0.577792604394657,1.1581447212891158,1074.0058377360892,50.85310195334816,-4.5080585490202525,3.8815732598472734,5.948882487741372
cvxkerb,13.594396629413431,False,0.5,56.547068024393354,10.585629500912356,0.34583634794263063,1005.7414639768106,0.4125223002207026,0.577792604394657,1.1581447212891158,1074.0058377360892,50.85310195334816,7.133988690141644,7.999445350795612,10.718438344807252
Optimization,12.074067114622265,False,0.5,57.52109417961603,8.301114866606694,0.31123970271760126,909.861797421965,3.0897505979096316,0.4771322934320756,1.1760048040252433,1054.0232222875848,63.85965568142271,-16.84487134033042,9.144187333849377,19.16679035385989
ML,0.7407410886437398,True,0.5,57.52109417961603,8.301114866606694,0.31123970271760126,909.861797421965,3.0897505979096316,0.4771322934320756,1.1760048040252433,1054.0232222875848,63.85965568142271,-5.418423153621938,1.2807530412154997,5.56773183839605
cvxkerb,13.069830620526801,False,0.5,57.52109417961603,8.301114866606694,0.31123970271760126,909.861797421965,3.0897505979096316,0.4771322934320756,1.1760048040252433,1054.0232222875848,63.85965568142271,-8.581956876881458,39.80835055229787,40.7229021256011
Optimization,16.309748690117793,False,0.5,64.48878621276951,11.90240767662661,0.30652767575664636,1064.3678645505804,7.755719203888576,0.5794684268746182,1.1628349926614694,1160.0748665782612,64.64965161202495,8.854526107501634,-1.9953115821328578,9.07655776702939
ML,0.6124504923413889,True,0.5,64.48878621276951,11.90240767662661,0.30652767575664636,1064.3678645505804,7.755719203888576,0.5794684268746182,1.1628349926614694,1160.0748665782612,64.64965161202495,-5.124283850931473,-0.4682745964344335,5.145635634455953
cvxkerb,16.310153446250496,False,0.5,64.48878621276951,11.90240767662661,0.30652767575664636,1064.3678645505804,7.755719203888576,0.5794684268746182,1.1628349926614694,1160.0748665782612,64.64965161202495,8.562420850531966,26.008747405280232,27.3819282084607
Optimization,12.958702444166317,False,0.5,51.23305833309298,10.101273057802885,0.306605530782216,1094.5136471299475,4.320718823168712,0.5455734709826272,1.1855283974236923,1173.0046920464802,58.24464316659186,-8.861209264714011,-4.3586538449900045,9.875165465626365
ML,0.6414200901755066,True,0.5,51.23305833309298,10.101273057802885,0.306605530782216,1094.5136471299475,4.320718823168712,0.5455734709826272,1.1855283974236923,1173.0046920464802,58.24464316659186,-4.404430848561684,-1.1505941804719457,4.552238797327937
cvxkerb,16.62710938231815,False,0.5,51.23305833309298,10.101273057802885,0.306605530782216,1094.5136471299475,4.320718823168712,0.5455734709826272,1.1855283974236923,1173.0046920464802,58.24464316659186,13.499720016730071,13.89704504804515,19.37447551799787
Optimization,14.256949682083592,False,0.5,49.89310109209426,9.685203526533458,0.38388393367652707,1075.4240935324576,2.9181597631707112,0.5601141269082729,1.1692493150635825,940.7515056558226,63.222410027839146,12.669509229266193,-46.358243475271905,48.05833124675732
ML,0.5221035816041543,True,0.5,49.89310109209426,9.685203526533458,0.38388393367652707,1075.4240935324576,2.9181597631707112,0.5601141269082729,1.1692493150635825,940.7515056558226,63.222410027839146,0.9154122576694806,2.8499688001033157,2.993376314975093
cvxkerb,14.155221361008353,False,0.5,49.89310109209426,9.685203526533458,0.38388393367652707,1075.4240935324576,2.9181597631707112,0.5601141269082729,1.1692493150635825,940.7515056558226,63.222410027839146,24.952750761315983,6.436975334859686,25.769641480198114
Optimization,14.572168160834519,False,0.52,45.34996427974777,8.196018579885095,0.35727702766869457,1063.8991370772105,3.920866686823603,0.5199228797615445,1.2096346497496775,1009.6851556496588,45.532167321553686,33.58676332125812,11.222634429362687,35.41211930869609
ML,0.5468740167255971,True,0.52,45.34996427974777,8.196018579885095,0.35727702766869457,1063.8991370772105,3.920866686823603,0.5199228797615445,1.2096346497496775,1009.6851556496588,45.532167321553686,-2.7323414356498077,0.9051339801793022,2.878360165622794
cvxkerb,26.089061081073655,False,0.52,45.34996427974777,8.196018579885095,0.35727702766869457,1063.8991370772105,3.920866686823603,0.5199228797615445,1.2096346497496775,1009.6851556496588,45.532167321553686,-74.11008221699676,-105.57171077466921,128.987171463291
Optimization,16.349268934040854,False,0.52,47.11300690897861,11.251403886147031,0.35787564763599994,1023.657004202744,9.37754506505651,0.5906554455464903,1.2334458252856098,922.4855621839514,59.9504127349301,6.718034138484209,-20.11335795038458,21.20563959719531
ML,0.7866293773704272,True,0.52,47.11300690897861,11.251403886147031,0.35787564763599994,1023.657004202744,9.37754506505651,0.5906554455464903,1.2334458252856098,922.4855621839514,59.9504127349301,-1.6212972107505341,0.3879139163241132,1.6670578430472571
cvxkerb,21.61275708687721,False,0.52,47.11300690897861,11.251403886147031,0.35787564763599994,1023.657004202744,9.37754506505651,0.5906554455464903,1.2334458252856098,922.4855621839514,59.9504127349301,-0.8612432106683269,-40.485293880125155,40.494453452639924
Optimization,11.070015937507351,False,0.52,63.29669899993756,8.846857488591883,0.3144240021118103,1051.795366370806,6.007434388007171,0.6323570224763543,1.1646614557159842,1158.3711572092157,49.6575829230363,36.084389241904354,13.266044061703466,38.44568990157831
ML,0.37305457440587597,True,0.52,63.29669899993756,8.846857488591883,0.3144240021118103,1051.795366370806,6.007434388007171,0.6323570224763543,1.1646614557159842,1158.3711572092157,49.6575829230363,-16.49874492921875,-14.240178092899402,21.794294123850705
cvxkerb,16.509032485040606,False,0.52,63.29669899993756,8.846857488591883,0.3144240021118103,1051.795366370806,6.007434388007171,0.6323570224763543,1.1646614557159842,1158.3711572092157,49.6575829230363,-50.84456297878465,15.311756122052879,53.10008907756015
Optimization,13.997547849534508,False,0.52,50.31371129732527,11.583262926240778,0.31034750636465847,1031.3125404799305,10.883826221258925,0.48374988767964594,1.2468326960099254,1081.1533441662048,63.91430216882049,-2.885543370792514,-9.0692277048365,9.517208188691605
ML,0.5341879259848422,True,0.52,50.31371129732527,11.583262926240778,0.31034750636465847,1031.3125404799305,10.883826221258925,0.48374988767964594,1.2468326960099254,1081.1533441662048,63.91430216882049,-0.534114426411361,-2.740283843755468,2.791851314960734
cvxkerb,23.788946370645753,False,0.52,50.31371129732527,11.583262926240778,0.31034750636465847,1031.3125404799305,10.883826221258925,0.48374988767964594,1.2468326960099254,1081.1533441662048,63.91430216882049,8.11059963702382,-20.90458704897147,22.42283626484653
Optimization,14.042974758165947,False,0.52,48.94365963936133,8.390440152435966,0.3166848578205578,1084.7462791753553,9.85765503331429,0.5208129124710188,1.2155820767327392,1114.9102694672151,58.54248526965128,24.3152181438029,-2.763364590441518,24.471739154388427
ML,0.7134172947793745,True,0.52,48.94365963936133,8.390440152435966,0.3166848578205578,1084.7462791753553,9.85765503331429,0.5208129124710188,1.2155820767327392,1114.9102694672151,58.54248526965128,-6.9250069693336185,-8.599535326884657,11.041183331674933
cvxkerb,23.87149035631225,False,0.52,48.94365963936133,8.390440152435966,0.3166848578205578,1084.7462791753553,9.85765503331429,0.5208129124710188,1.2155820767327392,1114.9102694672151,58.54248526965128,15.588402890277601,2.4942341054749297,15.78668769699741
Optimization,16.873224773840626,False,0.52,52.656667895368706,10.522541179932322,0.34301427320968264,987.5530109976257,3.7244506692974406,0.6024259240900649,1.2436176564166506,1276.3003436937845,48.495625697498674,2.1769387212757723,-2.514992979879628,3.3262970229721827
ML,0.6306845137321704,True,0.52,52.656667895368706,10.522541179932322,0.34301427320968264,987.5530109976257,3.7244506692974406,0.6024259240900649,1.2436176564166506,1276.3003436937845,48.495625697498674,13.911657856932823,8.381348538249751,16.241343160218676
cvxkerb,15.597771989999472,False,0.52,52.656667895368706,10.522541179932322,0.34301427320968264,987.5530109976257,3.7244506692974406,0.6024259240900649,1.2436176564166506,1276.3003436937845,48.495625697498674,-4.521542000267393,-17.112940796608854,17.700200133569727
Optimization,17.885131601609363,False,0.52,57.53506697084663,8.584386262165282,0.3823003574446935,947.0062597623837,7.827373353821355,0.5310394285150659,1.2096043595477646,942.9802210515633,45.338255998432146,-9.220399190076312,-11.330440714398708,14.608033680371353
ML,0.8469527815263811,True,0.52,57.53506697084663,8.584386262165282,0.3823003574446935,947.0062597623837,7.827373353821355,0.5310394285150659,1.2096043595477646,942.9802210515633,45.338255998432146,0.03836198752486369,-1.3735194484073463,1.3740550633945057
cvxkerb,14.400513876717163,False,0.52,57.53506697084663,8.584386262165282,0.3823003574446935,947.0062597623837,7.827373353821355,0.5310394285150659,1.2096043595477646,942.9802210515633,45.338255998432146,-26.660155740296855,-14.087794472544944,30.15343856341348
Optimization,10.742462290336775,False,0.52,46.767939342935165,9.368902099115619,0.398138333424128,1025.9367190518406,4.993931356873893,0.483307702699454,1.2486176797283695,1228.3396037052514,50.62954604901839,6.292126319413562,1.1310230981570109,6.3929701131806915
ML,0.5008422457142832,True,0.52,46.767939342935165,9.368902099115619,0.398138333424128,1025.9367190518406,4.993931356873893,0.483307702699454,1.2486176797283695,1228.3396037052514,50.62954604901839,-1.0323423491625408,6.542506568177838,6.623452492509068
cvxkerb,21.516511450425256,False,0.52,46.767939342935165,9.368902099115619,0.398138333424128,1025.9367190518406,4.993931356873893,0.483307702699454,1.2486176797283695,1228.3396037052514,50.62954604901839,-27.496371080503536,-64.59547741645076,70.20417455718678
Optimization,13.321191199671079,False,0.52,57.74604313076048,8.282786432737465,0.33615401877629564,1006.9598932562385,11.954693916535664,0.5449067125244882,1.2316056757114324,1072.826914026647,60.92781445239417,67.12809923329439,-57.31547324205213,88.26803033735041
ML,0.523347518718611,True,0.52,57.74604313076048,8.282786432737465,0.33615401877629564,1006.9598932562385,11.954693916535664,0.5449067125244882,1.2316056757114324,1072.826914026647,60.92781445239417,-0.6200507439761259,-1.792291851690186,1.8965160180553136
cvxkerb,22.17981576866928,False,0.52,57.74604313076048,8.282786432737465,0.33615401877629564,1006.9598932562385,11.954693916535664,0.5449067125244882,1.2316056757114324,1072.826914026647,60.92781445239417,-25.373858580965088,-47.48416954279605,53.83845332525644
Optimization,13.775670912256928,False,0.54,64.19491442923939,11.40632560006895,0.3863789622965004,981.354749714401,9.148334564486074,0.47877523107795605,1.150861900259178,907.9891730312113,56.73203474809121,0.49700246061433884,-0.36771623191248454,0.6182448326258971
ML,0.6692272742356601,True,0.54,64.19491442923939,11.40632560006895,0.3863789622965004,981.354749714401,9.148334564486074,0.47877523107795605,1.150861900259178,907.9891730312113,56.73203474809121,-5.044850959309082,4.387994387269952,6.686180968561528
cvxkerb,25.70248871781041,False,0.54,64.19491442923939,11.40632560006895,0.3863789622965004,981.354749714401,9.148334564486074,0.47877523107795605,1.150861900259178,907.9891730312113,56.73203474809121,-37.36293245125471,-41.04663594124024,55.5050902481001
Optimization,15.01124490199208,False,0.54,57.56060929139074,11.319758372849773,0.34156277820291553,951.6600858255184,10.404139282927204,0.583853658350167,1.1948085487283076,1095.1600781117208,49.085129358727926,-0.12641987735238258,3.1619837359428957,3.1645099354808766
ML,0.7854944413780638,True,0.54,57.56060929139074,11.319758372849773,0.34156277820291553,951.6600858255184,10.404139282927204,0.583853658350167,1.1948085487283076,1095.1600781117208,49.085129358727926,1.2496284432840732,16.988909285396744,17.034805838450414
cvxkerb,20.421774416167377,False,0.54,57.56060929139074,11.319758372849773,0.34156277820291553,951.6600858255184,10.404139282927204,0.583853658350167,1.1948085487283076,1095.1600781117208,49.085129358727926,-19.63619843521008,-8.095582923407044,21.239556300843635
Optimization,12.090384728027322,False,0.54,49.916371740451495,11.65936859940662,0.3335406813496347,1090.4528029066744,6.396663481136534,0.576308875735232,1.2042940444489327,951.7522467866804,52.51642438015882,-33.06040892550444,35.648463627042645,48.618963350632605
ML,0.6147599577685214,True,0.54,49.916371740451495,11.65936859940662,0.3335406813496347,1090.4528029066744,6.396663481136534,0.576308875735232,1.2042940444489327,951.7522467866804,52.51642438015882,2.122887305656721,-0.46613439104735577,2.173460784793584
cvxkerb,22.76557042531453,False,0.54,49.916371740451495,11.65936859940662,0.3335406813496347,1090.4528029066744,6.396663481136534,0.576308875735232,1.2042940444489327,951.7522467866804,52.51642438015882,-35.28352165409828,1.465709586691884,35.31395198654128
Optimization,15.910413872435115,False,0.54,64.69151792752226,10.665629218779676,0.3285404068463422,1017.1616788430489,1.3137883928279277,0.6431673337615167,1.1674784987883364,1159.2121272220857,49.90908925077861,27.16358292079026,41.141689016591144,49.300089373474215
ML,0.6285184742599872,True,0.54,64.69151792752226,10.665629218779676,0.3285404068463422,1017.1616788430489,1.3137883928279277,0.6431673337615167,1.1674784987883364,1159.2121272220857,49.90908925077861,-1.8803106345521512,2.927833802847398,3.4796233789744786
cvxkerb,16.13188504421044,False,0.54,64.69151792752226,10.665629218779676,0.3285404068463422,1017.1616788430489,1.3137883928279277,0.6431673337615167,1.1674784987883364,1159.2121272220857,49.90908925077861,29.215823995100852,-16.85951263979491,33.73140284903839
Optimization,12.255333745105915,False,0.54,49.68650131301054,8.078605930987392,0.38793930568071955,1093.1219662761769,4.098844644378815,0.5177013758850946,1.150709181277437,1172.1002753321495,61.508797914972575,-15.435390486649684,4.905927635924667,16.196277518130053
ML,0.8102451073559616,True,0.54,49.68650131301054,8.078605930987392,0.38793930568071955,1093.1219662761769,4.098844644378815,0.5177013758850946,1.150709181277437,1172.1002753321495,61.508797914972575,-6.44734337522966,-9.384684919382563,11.385980310636599
cvxkerb,24.272965571823402,False,0.54,49.68650131301054,8.078605930987392,0.38793930568071955,1093.1219662761769,4.098844644378815,0.5177013758850946,1.150709181277437,1172.1002753321495,61.508797914972575,39.49862648174553,-8.801857398021834,40.46744602269287
Optimization,12.502187986921172,False,0.54,53.12925435904145,11.08734414092044,0.3483877264564259,1079.506465304417,10.893134923802144,0.46748336157421677,1.2436493331310225,1230.2139366081663,60.82621428625334,-15.935549068745294,26.462253851354163,30.89000814204971
ML,0.9904678094159842,True,0.54,53.12925435904145,11.08734414092044,0.3483877264564259,1079.506465304417,10.893134923802144,0.46748336157421677,1.2436493331310225,1230.2139366081663,60.82621428625334,9.320010998386316,0.2961163473195728,9.324713931332788
cvxkerb,32.421571614025346,False,0.54,53.12925435904145,11.08734414092044,0.3483877264564259,1079.506465304417,10.893134923802144,0.46748336157421677,1.2436493331310225,1230.2139366081663,60.82621428625334,-17.657353266857754,-131.25149293892704,132.43389491775824
Optimization,18.526733821389204,False,0.54,54.97935888441586,8.288852741340751,0.36844353610693076,1000.6440829717269,9.181786198335168,0.5470581268123431,1.1649381636226432,1159.3027816311287,48.447727242103326,53.38014870609124,-19.985984072624742,56.998945913373035
ML,0.6683315820907877,True,0.54,54.97935888441586,8.288852741340751,0.36844353610693076,1000.6440829717269,9.181786198335168,0.5470581268123431,1.1649381636226432,1159.3027816311287,48.447727242103326,2.0862630702666785,1.9935192865119689,2.8855870709534543
cvxkerb,40.167137934537266,False,0.54,54.97935888441586,8.288852741340751,0.36844353610693076,1000.6440829717269,9.181786198335168,0.5470581268123431,1.1649381636226432,1159.3027816311287,48.447727242103326,79.65808226616825,-14.155399979626104,80.90602832241134
Optimization,12.738904916532066,False,0.54,47.64941312683853,10.187662055172497,0.35462476001308507,917.8946245620774,5.015809026082962,0.6206569597134404,1.235615362199466,939.6950659678724,46.814417654956614,13.312985384660594,-22.45675574461955,26.106349006050035
ML,0.4419542229155281,True,0.54,47.64941312683853,10.187662055172497,0.35462476001308507,917.8946245620774,5.015809026082962,0.6206569597134404,1.235615362199466,939.6950659678724,46.814417654956614,10.758635268195826,5.552612462299198,12.107011934847815
cvxkerb,16.31671224096079,False,0.54,47.64941312683853,10.187662055172497,0.35462476001308507,917.8946245620774,5.015809026082962,0.6206569597134404,1.235615362199466,939.6950659678724,46.814417654956614,-76.6236602970349,15.822929009259955,78.24033742097157
Optimization,14.11722801334183,False,0.54,47.54220981734048,9.710167421438848,0.31608602934850977,1040.069577773314,9.106417613015395,0.4711593040545598,1.2006139852694644,1225.8500224103668,63.72326083101993,45.89230814515184,-104.0701105664194,113.7395791279198
ML,0.7587954531475066,True,0.54,47.54220981734048,9.710167421438848,0.31608602934850977,1040.069577773314,9.106417613015395,0.4711593040545598,1.2006139852694644,1225.8500224103668,63.72326083101993,-6.705433837444686,-19.448325207410438,20.571830164609672
cvxkerb,26.989909624491908,False,0.54,47.54220981734048,9.710167421438848,0.31608602934850977,1040.069577773314,9.106417613015395,0.4711593040545598,1.2006139852694644,1225.8500224103668,63.72326083101993,-134.07211297056978,-77.59608637947561,154.90798590713217
Optimization,14.342800904908117,False,0.56,54.83856048078259,10.291090038948436,0.3238337210627997,1058.7910169431182,5.837793188789075,0.516809109683992,1.1606820992963989,995.5380641614428,63.98562343511968,-20.572854631039906,-4.193994484431983,20.995998128342123
ML,0.7318419520503607,True,0.56,54.83856048078259,10.291090038948436,0.3238337210627997,1058.7910169431182,5.837793188789075,0.516809109683992,1.1606820992963989,995.5380641614428,63.98562343511968,-12.199935474237623,-4.699424349589598,13.073752896283347
cvxkerb,38.759151325604805,False,0.56,54.83856048078259,10.291090038948436,0.3238337210627997,1058.7910169431182,5.837793188789075,0.516809109683992,1.1606820992963989,995.5380641614428,63.98562343511968,-80.56536458468014,-33.917495230047656,87.41381157084238
Optimization,13.851067295186041,False,0.56,54.15529225408268,11.038080594867775,0.3205988184188473,1041.8592254281536,0.25379788019299543,0.5337865955967892,1.2275865065202787,1035.4931823097727,56.27474202890799,-20.885593589172398,7.915275593303633,22.33516526220541
ML,0.6153764613182994,True,0.56,54.15529225408268,11.038080594867775,0.3205988184188473,1041.8592254281536,0.25379788019299543,0.5337865955967892,1.2275865065202787,1035.4931823097727,56.27474202890799,4.292610393885056,-1.9117345488346391,4.699067245624178
cvxkerb,16.31857495404,False,0.56,54.15529225408268,11.038080594867775,0.3205988184188473,1041.8592254281536,0.25379788019299543,0.5337865955967892,1.2275865065202787,1035.4931823097727,56.27474202890799,-18.81024637296596,-0.31360229017474445,18.812860362211854
Optimization,29.02514594186191,False,0.56,48.91960369403524,11.775065528848057,0.3976489661147887,975.2518658660844,11.079432252167228,0.5589649351346864,1.1769742465873767,1180.9594884322396,58.178036131497144,-5.9313557339731355,2.2781255237414078,6.353804902958389
ML,0.754298168299847,True,0.56,48.91960369403524,11.775065528848057,0.3976489661147887,975.2518658660844,11.079432252167228,0.5589649351346864,1.1769742465873767,1180.9594884322396,58.178036131497144,4.121197953077615,-5.389664111906646,6.784744048792525
cvxkerb,17.728831531160765,False,0.56,48.91960369403524,11.775065528848057,0.3976489661147887,975.2518658660844,11.079432252167228,0.5589649351346864,1.1769742465873767,1180.9594884322396,58.178036131497144,-20.40137577996859,10.879364166850852,23.12091473948311
Optimization,13.462321388603737,False,0.56,46.54967253110966,8.072116035835649,0.3102332179534063,982.0997427394759,11.19831500458822,0.5774804962418443,1.2301825899875516,1086.5498378018194,52.23332166390085,65.50550437397499,-22.983693523061678,69.42061128548843
ML,0.7301828963872787,True,0.56,46.54967253110966,8.072116035835649,0.3102332179534063,982.0997427394759,11.19831500458822,0.5774804962418443,1.2301825899875516,1086.5498378018194,52.23332166390085,3.4278130964933227,0.9610108865455949,3.55997816686427
cvxkerb,21.410213932299452,False,0.56,46.54967253110966,8.072116035835649,0.3102332179534063,982.0997427394759,11.19831500458822,0.5774804962418443,1.2301825899875516,1086.5498378018194,52.23332166390085,49.19103837269254,53.60124179302556,72.75198538829095
Optimization,28.253194806659707,False,0.56,47.721124688632855,11.344315603181123,0.3154786034846112,960.2351173994717,2.98772278993638,0.5244614197146096,1.175466376588996,1095.5803705753808,53.14815762709371,-3.0339627547960126,0.857026822868587,3.1526853589607757
ML,1.06592088318126,True,0.56,47.721124688632855,11.344315603181123,0.3154786034846112,960.2351173994717,2.98772278993638,0.5244614197146096,1.175466376588996,1095.5803705753808,53.14815762709371,8.032194145080668,-2.6758367621374832,8.466182443219292
cvxkerb,18.04127924032068,False,0.56,47.721124688632855,11.344315603181123,0.3154786034846112,960.2351173994717,2.98772278993638,0.5244614197146096,1.175466376588996,1095.5803705753808,53.14815762709371,-25.10896931068534,-16.04087754853659,29.795471004367148
Optimization,18.451629168317552,False,0.56,64.40233772836865,8.08792725923849,0.3802697405336022,1057.6070299150044,3.566569366141152,0.47712532320146267,1.1645628646705424,1178.972646894877,57.85613182172347,-9.516735053814962,-34.061889745811904,35.366376392561854
ML,0.7353338551327084,True,0.56,64.40233772836865,8.08792725923849,0.3802697405336022,1057.6070299150044,3.566569366141152,0.47712532320146267,1.1645628646705424,1178.972646894877,57.85613182172347,-6.923012836375462,14.437855797741,16.011863937998687
cvxkerb,32.92841884891546,False,0.56,64.40233772836865,8.08792725923849,0.3802697405336022,1057.6070299150044,3.566569366141152,0.47712532320146267,1.1645628646705424,1178.972646894877,57.85613182172347,-45.816577013430326,-67.95410626017201,81.95681354741863
Optimization,14.66031804446372,False,0.56,53.04520827367084,8.204897185617252,0.3496515422230605,924.6636982150585,4.811643920260221,0.5201419575984169,1.2272840083426504,1221.2682046530924,48.06825764778176,6.43394221533823,-7.514755305691422,9.892783214784846
ML,0.5889067844700939,True,0.56,53.04520827367084,8.204897185617252,0.3496515422230605,924.6636982150585,4.811643920260221,0.5201419575984169,1.2272840083426504,1221.2682046530924,48.06825764778176,-2.6279927049605507,-2.0416469839531604,3.327862386639644
cvxkerb,44.971366459916425,False,0.56,53.04520827367084,8.204897185617252,0.3496515422230605,924.6636982150585,4.811643920260221,0.5201419575984169,1.2272840083426504,1221.2682046530924,48.06825764778176,20.915737338119225,91.81918704679558,94.17128637929731
Optimization,21.989886322592987,False,0.56,63.226836324328175,10.216397121583304,0.31744984863979553,975.7406711162319,10.117738380356945,0.5788426031979236,1.21507243843338,1246.7285942753956,62.87946114925009,-16.277066856878086,14.551375343408722,21.833126891218363
ML,0.7333754538627932,True,0.56,63.226836324328175,10.216397121583304,0.31744984863979553,975.7406711162319,10.117738380356945,0.5788426031979236,1.21507243843338,1246.7285942753956,62.87946114925009,3.333675845610926,-3.7348562411988198,5.006250671513713
cvxkerb,24.256853604578104,False,0.56,63.226836324328175,10.216397121583304,0.31744984863979553,975.7406711162319,10.117738380356945,0.5788426031979236,1.21507243843338,1246.7285942753956,62.87946114925009,-24.290616897859163,-2.6963826526494823,24.439814825159175
Optimization,19.78680394716006,False,0.56,51.74954091425944,8.072324368822741,0.34003298684107586,1009.9753842312421,7.434991113925042,0.5826980690257421,1.2336291313102459,986.185162910292,47.40963644876936,4.2062260001971215,0.007658991257722,4.2062329732055215
ML,0.7956648652114187,True,0.56,51.74954091425944,8.072324368822741,0.34003298684107586,1009.9753842312421,7.434991113925042,0.5826980690257421,1.2336291313102459,986.185162910292,47.40963644876936,-6.669649573629552,10.506690198596466,12.444868997474417
cvxkerb,22.730311271053402,False,0.56,51.74954091425944,8.072324368822741,0.34003298684107586,1009.9753842312421,7.434991113925042,0.5826980690257421,1.2336291313102459,986.185162910292,47.40963644876936,38.645183712159316,32.988251411476014,50.81018554712522
Optimization,27.311372786623938,False,0.58,48.898855379403194,11.307471388693449,0.35626554229027424,1052.4375022388165,8.563288395161658,0.49150229907697585,1.2068812736433872,1247.089261122037,53.64232473603859,-8.800125618750487,-6.952808883543821,11.215336030493
ML,0.532905952915665,True,0.58,48.898855379403194,11.307471388693449,0.35626554229027424,1052.4375022388165,8.563288395161658,0.49150229907697585,1.2068812736433872,1247.089261122037,53.64232473603859,-3.0778184808915134,-1.1064358901973597,3.270652378415378
cvxkerb,25.611154984057627,False,0.58,48.898855379403194,11.307471388693449,0.35626554229027424,1052.4375022388165,8.563288395161658,0.49150229907697585,1.2068812736433872,1247.089261122037,53.64232473603859,-11.300629999983576,55.75388652737483,56.887609382922015
Optimization,17.26726994962612,False,0.58,54.70533484685243,11.111637626994147,0.3382363331061628,988.625469064583,4.514285625235466,0.523468103055456,1.2025946576901458,1223.5197778004604,52.23536623845132,-25.218423987505105,-26.134695717273065,36.31791883696014
ML,0.7497982583206778,True,0.58,54.70533484685243,11.111637626994147,0.3382363331061628,988.625469064583,4.514285625235466,0.523468103055456,1.2025946576901458,1223.5197778004604,52.23536623845132,11.48800762666977,0.59066956239405,11.503182592759345
cvxkerb,21.42694474314846,False,0.58,54.70533484685243,11.111637626994147,0.3382363331061628,988.625469064583,4.514285625235466,0.523468103055456,1.2025946576901458,1223.5197778004604,52.23536623845132,-17.170504721481432,-34.255835289445336,38.31825261892855
Optimization,15.492088333991632,False,0.58,48.866784672241046,11.802978852850687,0.3408699562270934,993.3366311661729,0.6325174782412679,0.4575132459087961,1.2217181447046757,1115.2378656484445,55.17411968432533,-6.202516126508544,-11.70128239578159,13.24353487575831
ML,0.5893980271178987,True,0.58,48.866784672241046,11.802978852850687,0.3408699562270934,993.3366311661729,0.6325174782412679,0.4575132459087961,1.2217181447046757,1115.2378656484445,55.17411968432533,2.6457629365609447,-4.600412561204747,5.306963091050287
cvxkerb,23.87247734598683,False,0.58,48.866784672241046,11.802978852850687,0.3408699562270934,993.3366311661729,0.6325174782412679,0.4575132459087961,1.2217181447046757,1115.2378656484445,55.17411968432533,-51.066344086562,-9.843466569099593,52.00639703405848
Optimization,27.50221044962867,False,0.58,50.47332769842915,11.920021852787269,0.3596258575232702,1041.947416960204,0.08829395550497443,0.5536411464365042,1.1537528657531801,1127.6920848365792,63.415416992721504,13.71258888612184,-1.287861366223688,13.772932906915786
ML,0.6451029716654478,True,0.58,50.47332769842915,11.920021852787269,0.3596258575232702,1041.947416960204,0.08829395550497443,0.5536411464365042,1.1537528657531801,1127.6920848365792,63.415416992721504,-2.3599083503717133,-7.934323988141278,8.277841782188656
cvxkerb,22.569488942659692,False,0.58,50.47332769842915,11.920021852787269,0.3596258575232702,1041.947416960204,0.08829395550497443,0.5536411464365042,1.1537528657531801,1127.6920848365792,63.415416992721504,-57.91885695008601,0.483240702713733,57.92087285237754
Optimization,27.484763615865234,False,0.58,61.60405768691524,10.656048912270409,0.3338367865925216,1087.1046045517714,10.946490854990186,0.4918696798768198,1.1539417585120362,1196.523483340305,61.55220522698306,-55.22786651544416,31.320871380398113,63.49105625105917
ML,1.0318775854040458,True,0.58,61.60405768691524,10.656048912270409,0.3338367865925216,1087.1046045517714,10.946490854990186,0.4918696798768198,1.1539417585120362,1196.523483340305,61.55220522698306,9.264933467150632,-2.9117142592985226,9.711697692912923
cvxkerb,22.19856377704341,False,0.58,61.60405768691524,10.656048912270409,0.3338367865925216,1087.1046045517714,10.946490854990186,0.4918696798768198,1.1539417585120362,1196.523483340305,61.55220522698306,38.28907489937311,-129.82574192714213,135.35426304177756
Optimization,21.817217211034475,False,0.58,46.76284486781584,9.654662094332828,0.3750160832954601,1038.680170685809,11.887712846066147,0.5055782251975512,1.1998189299173978,1031.8121655095988,53.81206228118349,-7.137883045469588,9.207159432687364,11.649942454352558
ML,0.5110429987069084,True,0.58,46.76284486781584,9.654662094332828,0.3750160832954601,1038.680170685809,11.887712846066147,0.5055782251975512,1.1998189299173978,1031.8121655095988,53.81206228118349,-7.721096523735449,6.471232756085715,10.074332976047414
cvxkerb,19.926343683760845,False,0.58,46.76284486781584,9.654662094332828,0.3750160832954601,1038.680170685809,11.887712846066147,0.5055782251975512,1.1998189299173978,1031.8121655095988,53.81206228118349,-12.30859762552879,-60.100739341724626,61.34819023352767
Optimization,25.62109614255688,False,0.58,63.308324029334074,11.047737502972389,0.3505115555744006,1097.6741133443143,5.58333037531108,0.46164756616405506,1.1762274321814985,1074.4281920877252,48.138052482922404,-39.86311586383852,19.4398073042892,44.35058189473629
ML,0.4740781143075321,True,0.58,63.308324029334074,11.047737502972389,0.3505115555744006,1097.6741133443143,5.58333037531108,0.46164756616405506,1.1762274321814985,1074.4281920877252,48.138052482922404,0.49057661653595086,12.323498652910567,12.333259279889498
cvxkerb,27.079334444829662,False,0.58,63.308324029334074,11.047737502972389,0.3505115555744006,1097.6741133443143,5.58333037531108,0.46164756616405506,1.1762274321814985,1074.4281920877252,48.138052482922404,-53.29576025818596,7.29094161519576,53.7921545500292
Optimization,16.961169529427856,False,0.58,47.52275316032304,10.11813446008983,0.32688615449790065,904.2073804920938,8.674070446802547,0.456497319338033,1.2095276841104055,1115.6775176509257,64.37629381155608,8.70156024664653,1.3185899011480176,8.800899388893658
ML,0.41998271319638997,True,0.58,47.52275316032304,10.11813446008983,0.32688615449790065,904.2073804920938,8.674070446802547,0.456497319338033,1.2095276841104055,1115.6775176509257,64.37629381155608,-8.239914277365463,5.277852994978636,9.785290978552256
cvxkerb,20.035491590568977,False,0.58,47.52275316032304,10.11813446008983,0.32688615449790065,904.2073804920938,8.674070446802547,0.456497319338033,1.2095276841104055,1115.6775176509257,64.37629381155608,-15.592714193887302,-16.458238570594535,22.671708201608013
Optimization,18.510490044749524,False,0.58,58.72182307886973,11.795161990767673,0.32680471873786376,1062.2931878303364,0.6643178032609143,0.5576242020079627,1.1570550063709895,1273.6131964522558,60.3270256111478,-25.873062990987368,7.738861321814727,27.005654280055502
ML,0.6786003769837727,True,0.58,58.72182307886973,11.795161990767673,0.32680471873786376,1062.2931878303364,0.6643178032609143,0.5576242020079627,1.1570550063709895,1273.6131964522558,60.3270256111478,-10.305204306077309,0.46103745200081514,10.315512169647308
cvxkerb,21.70408655576454,False,0.58,58.72182307886973,11.795161990767673,0.32680471873786376,1062.2931878303364,0.6643178032609143,0.5576242020079627,1.1570550063709895,1273.6131964522558,60.3270256111478,-9.341318665645769,49.35249047078193,50.228762179470074
Optimization,17.4177787160959,False,0.6,57.45150795665563,8.040187924219326,0.3194840491655364,998.2660863824262,11.406042739069619,0.5267218080710316,1.1924372026053633,1185.878435602649,57.07585514572236,-7.345661044760159,-21.170151088117453,22.408347401765877
ML,0.7974878656170158,True,0.6,57.45150795665563,8.040187924219326,0.3194840491655364,998.2660863824262,11.406042739069619,0.5267218080710316,1.1924372026053633,1185.878435602649,57.07585514572236,-2.6432410518584946,-0.1951130918288051,2.6504324886389763
cvxkerb,17.25822300272402,False,0.6,57.45150795665563,8.040187924219326,0.3194840491655364,998.2660863824262,11.406042739069619,0.5267218080710316,1.1924372026053633,1185.878435602649,57.07585514572236,-16.92418615747105,12.006999518999152,20.750809973154798
Optimization,23.532239570562453,False,0.6,63.30277640809792,11.418061743642998,0.36831755632398183,910.4665714601325,9.39418341583989,0.6191021621681121,1.2299082145771953,1103.3916141232105,49.65803677298963,22.741030169435536,-23.60987070605447,32.78079388794277
ML,0.6174703928058948,True,0.6,63.30277640809792,11.418061743642998,0.36831755632398183,910.4665714601325,9.39418341583989,0.6191021621681121,1.2299082145771953,1103.3916141232105,49.65803677298963,3.6761198946814213,-1.448785814934474,3.951308367822979
cvxkerb,23.303159891992596,False,0.6,63.30277640809792,11.418061743642998,0.36831755632398183,910.4665714601325,9.39418341583989,0.6191021621681121,1.2299082145771953,1103.3916141232105,49.65803677298963,-12.490277350340893,-21.243361213117243,24.643202387664896
Optimization,16.32649810477904,False,0.6,58.38630832727003,11.553088786046024,0.3459941951293963,1021.3946232548531,2.2619982335467337,0.6109933667763371,1.246732811135347,1007.439573165839,54.89651903201093,-27.355248022375715,0.21414385525711535,27.35608619588034
ML,0.7189105305311599,True,0.6,58.38630832727003,11.553088786046024,0.3459941951293963,1021.3946232548531,2.2619982335467337,0.6109933667763371,1.246732811135347,1007.439573165839,54.89651903201093,-12.86500466373914,-5.465784581112131,13.977952142039726
cvxkerb,17.573183838563516,False,0.6,58.38630832727003,11.553088786046024,0.3459941951293963,1021.3946232548531,2.2619982335467337,0.6109933667763371,1.246732811135347,1007.439573165839,54.89651903201093,94.77046467978357,-66.95535517028281,116.03646220736317
Optimization,16.298740488899444,False,0.6,56.53872246689679,8.61936557858982,0.33561939434613797,1039.4026027868526,6.721391796112181,0.5272925128655871,1.1920249601807542,1124.8443530492918,45.11729455774323,-22.961808062367652,9.067829119289762,24.68744933016879
ML,0.6239322441283068,True,0.6,56.53872246689679,8.61936557858982,0.33561939434613797,1039.4026027868526,6.721391796112181,0.5272925128655871,1.1920249601807542,1124.8443530492918,45.11729455774323,4.304086237256694,-8.08770535840383,9.161666677089737
cvxkerb,33.298094567107455,False,0.6,56.53872246689679,8.61936557858982,0.33561939434613797,1039.4026027868526,6.721391796112181,0.5272925128655871,1.1920249601807542,1124.8443530492918,45.11729455774323,-38.95475407590352,22.575165748353058,45.02344915352149
Optimization,23.74434786856777,False,0.6,58.383083110697015,9.641214887490648,0.34707009994910615,909.8296780690354,2.292745672156298,0.6081027215067296,1.195395883304786,1020.6648966524596,52.680381479299164,-17.844340269256904,-10.621963590693326,20.766477558002904
ML,0.6986409663664325,True,0.6,58.383083110697015,9.641214887490648,0.34707009994910615,909.8296780690354,2.292745672156298,0.6081027215067296,1.195395883304786,1020.6648966524596,52.680381479299164,4.449685884836724,-9.867322579347558,10.824220958508622
cvxkerb,29.59435773379196,False,0.6,58.383083110697015,9.641214887490648,0.34707009994910615,909.8296780690354,2.292745672156298,0.6081027215067296,1.195395883304786,1020.6648966524596,52.680381479299164,60.28465386384203,35.509069977655294,69.96523095196116
Optimization,18.75960785038856,False,0.6,51.167042433523974,11.478164675436872,0.37640955865788794,949.5624885813813,0.43608897979490946,0.47036945302847655,1.222849393384744,979.8678952162587,52.42541841010787,1.7281665374412434,-6.353924463164726,6.584748716901414
ML,0.5335097069103779,True,0.6,51.167042433523974,11.478164675436872,0.37640955865788794,949.5624885813813,0.43608897979490946,0.47036945302847655,1.222849393384744,979.8678952162587,52.42541841010787,-2.3822490086794232,2.3099724444623173,3.318295199877387
cvxkerb,29.608613954331204,False,0.6,51.167042433523974,11.478164675436872,0.37640955865788794,949.5624885813813,0.43608897979490946,0.47036945302847655,1.222849393384744,979.8678952162587,52.42541841010787,107.21646926994764,30.022229082902417,111.34049363021478
Optimization,18.379709767191166,False,0.6,53.240354779033126,8.553590343872498,0.36657652402653673,1004.9344613371245,7.672497606513306,0.517599756205698,1.2406866577339837,1134.9479474302307,46.70804968581748,-0.9201957927788792,50.095137779874406,50.10358858885906
ML,0.5999127217514101,True,0.6,53.240354779033126,8.553590343872498,0.36657652402653673,1004.9344613371245,7.672497606513306,0.517599756205698,1.2406866577339837,1134.9479474302307,46.70804968581748,-17.744361427052706,3.5270182872827123,18.091495804733853
cvxkerb,31.96751036704685,False,0.6,53.240354779033126,8.553590343872498,0.36657652402653673,1004.9344613371245,7.672497606513306,0.517599756205698,1.2406866577339837,1134.9479474302307,46.70804968581748,12.860462926885322,-7.799021812438723,15.040486957698105
Optimization,17.66759913141607,False,0.6,48.56663024856432,8.957479345368185,0.3417968508013887,950.2384009208935,3.8468110321979885,0.47699569721432844,1.1796176765558999,1128.9135258168005,53.83707416182128,25.594108250235056,8.547046398724618,26.983520512837117
ML,0.7240241210218673,True,0.6,48.56663024856432,8.957479345368185,0.3417968508013887,950.2384009208935,3.8468110321979885,0.47699569721432844,1.1796176765558999,1128.9135258168005,53.83707416182128,8.770348583910694,-4.400046386806235,9.812207829502539
cvxkerb,19.284254088415125,False,0.6,48.56663024856432,8.957479345368185,0.3417968508013887,950.2384009208935,3.8468110321979885,0.47699569721432844,1.1796176765558999,1128.9135258168005,53.83707416182128,-20.123921985288387,10.908659140990958,22.890414594853866
Optimization,17.73206864267875,False,0.6,56.10591650656363,10.110318489701402,0.36554359784406615,946.6375108843233,10.372835846332773,0.5118737124160025,1.2194131653976237,906.4498585488859,52.453142597882945,18.275192460026112,-29.132816438393807,34.39045875070793
ML,0.9256947530855439,True,0.6,56.10591650656363,10.110318489701402,0.36554359784406615,946.6375108843233,10.372835846332773,0.5118737124160025,1.2194131653976237,906.4498585488859,52.453142597882945,3.4565689792102448,9.317079971005489,9.937597712432828
cvxkerb,19.81880452212093,False,0.6,56.10591650656363,10.110318489701402,0.36554359784406615,946.6375108843233,10.372835846332773,0.5118737124160025,1.2194131653976237,906.4498585488859,52.453142597882945,-32.43940499574022,-42.503418182976674,53.46826679175834
Optimization,22.885614057486364,False,0.62,51.055352152348505,9.83738404069129,0.38179634943491536,1085.984352629133,6.541000954318681,0.5822932410647303,1.2403273622238915,939.4187405651769,49.6415715573233,54.47196005486524,-10.063968807834577,55.39384352420314
ML,0.8417113292168459,True,0.62,51.055352152348505,9.83738404069129,0.38179634943491536,1085.984352629133,6.541000954318681,0.5822932410647303,1.2403273622238915,939.4187405651769,49.6415715573233,-4.288367662977059,-5.530121991442569,6.998024467884065
cvxkerb,29.726565532910833,False,0.62,51.055352152348505,9.83738404069129,0.38179634943491536,1085.984352629133,6.541000954318681,0.5822932410647303,1.2403273622238915,939.4187405651769,49.6415715573233,-4.92501212674427,22.305005915785884,22.842264190570543
Optimization,19.410997129346583,False,0.62,56.9212786220119,8.358608924942716,0.333735907835728,917.9401838029692,11.538524674573315,0.6114523298652501,1.195963275435646,989.4410193294684,63.669102104997044,8.915892397819485,1.2690395068372802,9.005753634172384
ML,0.8640195447530304,True,0.62,56.9212786220119,8.358608924942716,0.333735907835728,917.9401838029692,11.538524674573315,0.6114523298652501,1.195963275435646,989.4410193294684,63.669102104997044,1.4044837781841921,-10.748993970786549,10.840361897427046
cvxkerb,24.527304392270675,False,0.62,56.9212786220119,8.358608924942716,0.333735907835728,917.9401838029692,11.538524674573315,0.6114523298652501,1.195963275435646,989.4410193294684,63.669102104997044,-29.770555056393327,52.31960358285838,60.19656856859196
Optimization,33.47509296321009,False,0.62,56.446303712601534,11.996829195773763,0.32868466456472,956.091012952011,1.9169935228073305,0.48281271765306705,1.1785186596010047,1217.136018109411,63.11513581272896,-2.5528606003255034,-4.832445263331911,5.465311012906156
ML,0.7957139084601145,True,0.62,56.446303712601534,11.996829195773763,0.32868466456472,956.091012952011,1.9169935228073305,0.48281271765306705,1.1785186596010047,1217.136018109411,63.11513581272896,-10.02700751398465,4.07055766640871,10.821752140991928
cvxkerb,22.501687607282104,False,0.62,56.446303712601534,11.996829195773763,0.32868466456472,956.091012952011,1.9169935228073305,0.48281271765306705,1.1785186596010047,1217.136018109411,63.11513581272896,-11.241546164509398,57.143015933088535,58.23827461470683
Optimization,24.631781274601153,False,0.62,64.7855989021277,8.21897992903838,0.33550152661362465,996.3800334219954,6.037602656979837,0.5131871644771273,1.2229240249097568,1249.89882939559,63.77438603955726,51.68734863892044,8.016713594872554,52.30535064583283
ML,0.4741740204270539,True,0.62,64.7855989021277,8.21897992903838,0.33550152661362465,996.3800334219954,6.037602656979837,0.5131871644771273,1.2229240249097568,1249.89882939559,63.77438603955726,-5.286586654839682,-3.6715311389306615,6.436469479712189
cvxkerb,23.98877580142667,False,0.62,64.7855989021277,8.21897992903838,0.33550152661362465,996.3800334219954,6.037602656979837,0.5131871644771273,1.2229240249097568,1249.89882939559,63.77438603955726,-4.532252116299245,-3.6567701013237595,5.823510695416843
Optimization,17.62499346286165,False,0.62,54.28700499764283,9.733003729236112,0.37996918620027914,1047.8949307768225,5.115819527888416,0.516740841515126,1.1816468784061498,1209.5980349176036,46.04144812442539,-11.924018346874234,-39.889802043576026,41.63386266745226
ML,0.6791417363453451,True,0.62,54.28700499764283,9.733003729236112,0.37996918620027914,1047.8949307768225,5.115819527888416,0.516740841515126,1.1816468784061498,1209.5980349176036,46.04144812442539,5.105205223903247,8.748652333469582,10.129266411250708
cvxkerb,23.262844621796084,False,0.62,54.28700499764283,9.733003729236112,0.37996918620027914,1047.8949307768225,5.115819527888416,0.516740841515126,1.1816468784061498,1209.5980349176036,46.04144812442539,32.71473066071404,-29.941368551764967,44.34793290510487
Optimization,18.31104898393584,False,0.62,48.94485332334034,8.854149911535806,0.3676093034164577,981.0002197175097,11.178532885278242,0.4678019469792018,1.2011525640809493,1267.4086121772484,63.0822732095901,-23.54399775796541,8.23415107475062,24.942355028122286
ML,0.5080538751826451,True,0.62,48.94485332334034,8.854149911535806,0.3676093034164577,981.0002197175097,11.178532885278242,0.4678019469792018,1.2011525640809493,1267.4086121772484,63.0822732095901,-17.140612134266497,8.594853352879268,19.174777404049934
cvxkerb,20.62374281295963,False,0.62,48.94485332334034,8.854149911535806,0.3676093034164577,981.0002197175097,11.178532885278242,0.4678019469792018,1.2011525640809493,1267.4086121772484,63.0822732095901,-161.18150642020035,-68.6724066382982,175.20096302640823
Optimization,20.595467979287974,False,0.62,63.18011177671406,11.83106663270489,0.30777124183917254,1006.472046972263,3.6403713865700453,0.5285678152962805,1.167965121795534,1131.228840804965,64.15958706497781,1.6234084091125252,-12.637378994161896,12.741224537102452
ML,0.8652769698323385,True,0.62,63.18011177671406,11.83106663270489,0.30777124183917254,1006.472046972263,3.6403713865700453,0.5285678152962805,1.167965121795534,1131.228840804965,64.15958706497781,-2.765034427716432,-2.7495128383522904,3.8993892130333956
cvxkerb,29.620299824479787,False,0.62,63.18011177671406,11.83106663270489,0.30777124183917254,1006.472046972263,3.6403713865700453,0.5285678152962805,1.167965121795534,1131.228840804965,64.15958706497781,-23.973854704956125,21.78285670225316,32.39195201782755
Optimization,27.510470035861395,False,0.62,51.43372737402619,9.861947889758797,0.3943195849693451,1086.346284950765,2.4824625050674536,0.5216438082486146,1.1649399388453772,1103.9940317253988,54.21165101389333,-7.627122167086846,-107.4848230968527,107.75509356273321
ML,0.567010025401259,True,0.62,51.43372737402619,9.861947889758797,0.3943195849693451,1086.346284950765,2.4824625050674536,0.5216438082486146,1.1649399388453772,1103.9940317253988,54.21165101389333,-6.123716191467812,-4.536497515397785,7.621004507337291
cvxkerb,18.49337789513634,False,0.62,51.43372737402619,9.861947889758797,0.3943195849693451,1086.346284950765,2.4824625050674536,0.5216438082486146,1.1649399388453772,1103.9940317253988,54.21165101389333,24.130157840290764,12.731125501821714,27.28270649954804
Optimization,21.678603490835236,False,0.62,54.66132490386605,9.664282681634745,0.39778536935017816,940.112931917614,2.5843113942553018,0.50837343540728,1.1672757318281086,1051.7462392816747,63.216684539795075,7.191150146601502,6.399687632612346,9.626455330285296
ML,0.48188794344669705,True,0.62,54.66132490386605,9.664282681634745,0.39778536935017816,940.112931917614,2.5843113942553018,0.50837343540728,1.1672757318281086,1051.7462392816747,63.216684539795075,2.3198691839384527,-1.5080886238773399,2.766970243435139
cvxkerb,27.50058063265499,False,0.62,54.66132490386605,9.664282681634745,0.39778536935017816,940.112931917614,2.5843113942553018,0.50837343540728,1.1672757318281086,1051.7462392816747,63.216684539795075,-37.69901932592928,-16.641882822037662,41.208837911293024
Optimization,28.533347496769665,False,0.64,53.542248928386684,8.515017749472221,0.3947623658520667,995.0341732045257,3.807110092282411,0.6032608142237801,1.1997948592582264,1024.01360960498,61.23935484781603,2.6870307791119266,-18.35445834027022,18.550101761785832
ML,0.6369479037609773,True,0.64,53.542248928386684,8.515017749472221,0.3947623658520667,995.0341732045257,3.807110092282411,0.6032608142237801,1.1997948592582264,1024.01360960498,61.23935484781603,-5.193073105800052,-27.192139611934913,27.683577531763188
cvxkerb,19.078982971510587,False,0.64,53.542248928386684,8.515017749472221,0.3947623658520667,995.0341732045257,3.807110092282411,0.6032608142237801,1.1997948592582264,1024.01360960498,61.23935484781603,-106.7416297319816,51.25566874639069,118.40996198157988
Optimization,27.76901666141095,False,0.64,58.546013726713184,10.810518305751664,0.39559800588260724,1006.2679906473218,4.796634611693131,0.6407407252983416,1.214211023502552,1019.2601425106222,47.529284908071425,-43.048834294502655,-7.651998633200788,43.72362310236944
ML,1.005263441470834,True,0.64,58.546013726713184,10.810518305751664,0.39559800588260724,1006.2679906473218,4.796634611693131,0.6407407252983416,1.214211023502552,1019.2601425106222,47.529284908071425,-0.895738272930127,-4.541012686283984,4.628514153654921
cvxkerb,25.511523326192606,False,0.64,58.546013726713184,10.810518305751664,0.39559800588260724,1006.2679906473218,4.796634611693131,0.6407407252983416,1.214211023502552,1019.2601425106222,47.529284908071425,34.31546808467794,26.022118704582113,43.06625142435678
Optimization,22.227159561640313,False,0.64,60.42486148066356,8.155251791247208,0.3194128770445972,1007.3215018527549,11.217864485325615,0.6169913550104233,1.2342534508351801,1021.28327750387,53.58895794157405,-10.991202491743469,-10.958925054883377,15.521100817050911
ML,0.7429029066547521,True,0.64,60.42486148066356,8.155251791247208,0.3194128770445972,1007.3215018527549,11.217864485325615,0.6169913550104233,1.2342534508351801,1021.28327750387,53.58895794157405,6.381186365999525,-2.2079650688154127,6.752381001004555
cvxkerb,27.00770651339568,False,0.64,60.42486148066356,8.155251791247208,0.3194128770445972,1007.3215018527549,11.217864485325615,0.6169913550104233,1.2342534508351801,1021.28327750387,53.58895794157405,9.713213689358863,6.383051151085525,11.622816447510589
Optimization,20.782268925199684,False,0.64,60.33536712676671,9.402570765828587,0.33768106277742127,1006.7108867107158,0.0028920562216145917,0.4982488672076056,1.1708231808608214,1000.1931786999054,61.11811685066883,-5.2787808973144354,14.140159510069989,15.093364062795098
ML,0.6934676227070984,True,0.64,60.33536712676671,9.402570765828587,0.33768106277742127,1006.7108867107158,0.0028920562216145917,0.4982488672076056,1.1708231808608214,1000.1931786999054,61.11811685066883,2.3831460362184953,-1.3818128946989938,2.754776198877204
cvxkerb,25.57168233974925,False,0.64,60.33536712676671,9.402570765828587,0.33768106277742127,1006.7108867107158,0.0028920562216145917,0.4982488672076056,1.1708231808608214,1000.1931786999054,61.11811685066883,-12.20106734523657,190.2117750567135,190.60268994583674
Optimization,27.57632431242569,False,0.64,45.80138172696533,11.937287915256166,0.3383481122575043,930.4456427833734,8.000506264757481,0.5068576578190919,1.2085778270931047,1134.7071631378365,53.914596418057386,30.094990563961503,-41.01391267485334,50.87091005619447
ML,0.6255415959206212,True,0.64,45.80138172696533,11.937287915256166,0.3383481122575043,930.4456427833734,8.000506264757481,0.5068576578190919,1.2085778270931047,1134.7071631378365,53.914596418057386,10.565688645806032,11.545819293068666,15.650550140755792
cvxkerb,19.194599393144532,False,0.64,45.80138172696533,11.937287915256166,0.3383481122575043,930.4456427833734,8.000506264757481,0.5068576578190919,1.2085778270931047,1134.7071631378365,53.914596418057386,-24.2941387116974,34.6556916322498,42.322832351495364
Optimization,32.439705275355216,False,0.64,55.545102999013544,11.719481929175515,0.34837968965827965,998.08981934719,1.4369614620063826,0.610531248830444,1.174696541246706,1259.844995748926,63.21648440660792,-0.8713371839886058,26.311362787690552,26.325786602372744
ML,0.7915272950886016,True,0.64,55.545102999013544,11.719481929175515,0.34837968965827965,998.08981934719,1.4369614620063826,0.610531248830444,1.174696541246706,1259.844995748926,63.21648440660792,-0.017872353292474944,-3.4196703364447516,3.419717039606109
cvxkerb,20.399252553018815,False,0.64,55.545102999013544,11.719481929175515,0.34837968965827965,998.08981934719,1.4369614620063826,0.610531248830444,1.174696541246706,1259.844995748926,63.21648440660792,-26.51821113697521,-52.9684287347419,59.23571527830678
Optimization,25.935056654208086,False,0.64,57.46344849064374,8.297713673754062,0.35036917612374446,936.5250260506202,6.887702100380903,0.5774809224522367,1.2056709256552853,1195.318204191323,51.71218488481803,51.59490550728014,-5.509706914320153,51.888256326329504
ML,0.8766859140262704,True,0.64,57.46344849064374,8.297713673754062,0.35036917612374446,936.5250260506202,6.887702100380903,0.5774809224522367,1.2056709256552853,1195.318204191323,51.71218488481803,7.1454606333825,1.041056521762263,7.2209006602170325
cvxkerb,20.14879123415222,False,0.64,57.46344849064374,8.297713673754062,0.35036917612374446,936.5250260506202,6.887702100380903,0.5774809224522367,1.2056709256552853,1195.318204191323,51.71218488481803,22.379321584237132,51.750223517388854,56.38190905485915
Optimization,19.392461374648786,False,0.64,45.87321857426017,8.946532525880036,0.388974899029538,901.8331100367633,2.4167892335266488,0.6418048351945932,1.2113401846522172,1004.6685466550026,46.339821887916955,4.8761911219257685,-3.261190815798281,5.866225821991065
ML,0.8146875025183169,True,0.64,45.87321857426017,8.946532525880036,0.388974899029538,901.8331100367633,2.4167892335266488,0.6418048351945932,1.2113401846522172,1004.6685466550026,46.339821887916955,-13.79587328847127,-4.109391474337081,14.394902503348517
cvxkerb,24.965078992409943,False,0.64,45.87321857426017,8.946532525880036,0.388974899029538,901.8331100367633,2.4167892335266488,0.6418048351945932,1.2113401846522172,1004.6685466550026,46.339821887916955,62.61903565165922,167.720981491153,179.02924693552015
Optimization,32.606147601951626,False,0.64,63.14926352692851,8.489925667401188,0.35340361132046566,1075.8925387023785,4.920285440900916,0.5463989835465735,1.1570460677666958,1011.2574561795643,51.49013298337895,34.702535076241766,-7.927139641978067,35.5964251522707
ML,0.9564742579167385,True,0.64,63.14926352692851,8.489925667401188,0.35340361132046566,1075.8925387023785,4.920285440900916,0.5463989835465735,1.1570460677666958,1011.2574561795643,51.49013298337895,-1.0086861082485725,15.39417716001378,15.427188275861015
cvxkerb,20.144614409542477,False,0.64,63.14926352692851,8.489925667401188,0.35340361132046566,1075.8925387023785,4.920285440900916,0.5463989835465735,1.1570460677666958,1011.2574561795643,51.49013298337895,122.6759337926859,38.780390605473166,128.65964179734266
Optimization,37.076863272159805,False,0.66,50.29632643556638,11.734372574805006,0.37199595393694795,1050.762742595674,2.6287100767186,0.5386079953270322,1.2117813194589286,1207.9894472826404,47.07918751824779,-21.220106410134342,35.50018138675309,41.35886597272458
ML,0.6144414909944875,True,0.66,50.29632643556638,11.734372574805006,0.37199595393694795,1050.762742595674,2.6287100767186,0.5386079953270322,1.2117813194589286,1207.9894472826404,47.07918751824779,4.195020071660094,-9.614255146612251,10.489618459495619
cvxkerb,31.121419624321458,False,0.66,50.29632643556638,11.734372574805006,0.37199595393694795,1050.762742595674,2.6287100767186,0.5386079953270322,1.2117813194589286,1207.9894472826404,47.07918751824779,67.35186837305716,43.665779560702425,80.26814111455101
Optimization,27.857177791058447,False,0.66,59.22243634030572,8.207864392524721,0.3859747805685067,991.6506629530096,3.1489929803545733,0.49835290149593636,1.198301411284395,1254.7326157875837,52.56695163365294,2.4402435499092223,-0.11883084215625392,2.443135148108088
ML,0.7074104116014333,True,0.66,59.22243634030572,8.207864392524721,0.3859747805685067,991.6506629530096,3.1489929803545733,0.49835290149593636,1.198301411284395,1254.7326157875837,52.56695163365294,-5.412266507253762,5.071615333541301,7.4171362962367136
cvxkerb,32.5445855294578,False,0.66,59.22243634030572,8.207864392524721,0.3859747805685067,991.6506629530096,3.1489929803545733,0.49835290149593636,1.198301411284395,1254.7326157875837,52.56695163365294,-14.707433226161523,5.37283287885984,15.658094559880434
Optimization,21.793872118356923,False,0.66,52.59848581924029,10.007742323123443,0.3605071253437744,1011.9781063691571,5.836860426434138,0.55098656081788,1.1676411910427886,1225.0931617218716,55.835206398820304,28.922034516326583,-36.90426922725004,46.887196202811495
ML,0.6567745605511486,True,0.66,52.59848581924029,10.007742323123443,0.3605071253437744,1011.9781063691571,5.836860426434138,0.55098656081788,1.1676411910427886,1225.0931617218716,55.835206398820304,-1.4728209704316224,-3.9001508183175817,4.168978054219816
cvxkerb,24.10706784526319,False,0.66,52.59848581924029,10.007742323123443,0.3605071253437744,1011.9781063691571,5.836860426434138,0.55098656081788,1.1676411910427886,1225.0931617218716,55.835206398820304,-108.54966913609772,-14.402604913043563,109.50098491720297
Optimization,22.475955624672693,False,0.66,50.34419790972148,10.036453540750088,0.3147453917426135,1022.3311351292028,6.788967678613751,0.5929404632764516,1.2437704615379368,1264.9018244404624,63.92151236137663,7.733008953797454,-3.8700415779453,8.647349264054098
ML,0.6906506600523067,True,0.66,50.34419790972148,10.036453540750088,0.3147453917426135,1022.3311351292028,6.788967678613751,0.5929404632764516,1.2437704615379368,1264.9018244404624,63.92151236137663,0.4571856383434712,-0.44079994801910294,0.63507739849657
cvxkerb,26.674159182524782,False,0.66,50.34419790972148,10.036453540750088,0.3147453917426135,1022.3311351292028,6.788967678613751,0.5929404632764516,1.2437704615379368,1264.9018244404624,63.92151236137663,-3.337827598023314,104.69307172341998,104.74626656811824
Optimization,26.520704404087077,False,0.66,62.37602191635641,10.647606305887715,0.34340488684781806,1063.885570734073,10.866985650877586,0.47395199328643944,1.203193297755279,1013.8047838969776,45.941223957538945,-27.25393153743265,19.480083846729272,33.50000673018841
ML,0.6762784438290911,True,0.66,62.37602191635641,10.647606305887715,0.34340488684781806,1063.885570734073,10.866985650877586,0.47395199328643944,1.203193297755279,1013.8047838969776,45.941223957538945,5.9363970370319254,-3.449313847988214,6.865753840854235
cvxkerb,23.317762269504136,False,0.66,62.37602191635641,10.647606305887715,0.34340488684781806,1063.885570734073,10.866985650877586,0.47395199328643944,1.203193297755279,1013.8047838969776,45.941223957538945,-28.95228784180713,114.91905902152384,118.5100210854227
Optimization,23.251127968790584,False,0.66,50.12584750738435,8.761653984099642,0.3669953490859218,900.080308805068,9.67069403036225,0.4658499212259858,1.169148961490812,1054.4945581196357,54.69717479432207,2.1737771711620444,7.12284437657105,7.447161821977222
ML,0.8615669393238727,True,0.66,50.12584750738435,8.761653984099642,0.3669953490859218,900.080308805068,9.67069403036225,0.4658499212259858,1.169148961490812,1054.4945581196357,54.69717479432207,-0.935732851521604,1.0456629583450183,1.4032130956742128
cvxkerb,27.92623318308043,False,0.66,50.12584750738435,8.761653984099642,0.3669953490859218,900.080308805068,9.67069403036225,0.4658499212259858,1.169148961490812,1054.4945581196357,54.69717479432207,-22.377848193366418,-83.47777526573644,86.42515289591422
Optimization,21.979976997274647,False,0.66,55.08140159496848,10.179526744117574,0.32835071902709395,1089.6850311082985,10.109569282026902,0.5944747015265597,1.1577993866409408,942.4520077236077,54.85562691729911,35.378499419044495,-3.0641118459391827,35.510942011551265
ML,0.5437134026564496,True,0.66,55.08140159496848,10.179526744117574,0.32835071902709395,1089.6850311082985,10.109569282026902,0.5944747015265597,1.1577993866409408,942.4520077236077,54.85562691729911,-1.6367171206718798,-8.713136305440234,8.865528027719563
cvxkerb,22.746189420993428,False,0.66,55.08140159496848,10.179526744117574,0.32835071902709395,1089.6850311082985,10.109569282026902,0.5944747015265597,1.1577993866409408,942.4520077236077,54.85562691729911,-56.353836867741855,92.70149571242008,108.48650716580335
Optimization,26.295985521257997,False,0.66,60.785813093542096,8.12485424135499,0.39668655502933936,1005.3189885179579,3.6393723127853432,0.5225166425189354,1.1566405353460496,1295.7398056168156,45.78583890301385,-36.86528272824719,67.04283724245272,76.5100718608446
ML,0.8120228823437146,True,0.66,60.785813093542096,8.12485424135499,0.39668655502933936,1005.3189885179579,3.6393723127853432,0.5225166425189354,1.1566405353460496,1295.7398056168156,45.78583890301385,-2.748580700304178,-4.63788475356987,5.391166001291414
cvxkerb,36.825551312101226,False,0.66,60.785813093542096,8.12485424135499,0.39668655502933936,1005.3189885179579,3.6393723127853432,0.5225166425189354,1.1566405353460496,1295.7398056168156,45.78583890301385,40.10218216262517,-240.5956327561318,243.91482840435881
Optimization,24.604366382157217,False,0.66,49.68115550034998,8.199124006092175,0.3268500076197495,1030.8471559890636,6.40340317571053,0.6388082556561855,1.18962772624917,1177.5453369313577,54.78645494950243,4.963801519877751,-29.499192756734363,29.91390477399615
ML,0.3348592074390784,True,0.66,49.68115550034998,8.199124006092175,0.3268500076197495,1030.8471559890636,6.40340317571053,0.6388082556561855,1.18962772624917,1177.5453369313577,54.78645494950243,-3.6612002548911087,-1.364983883773405,3.9073735820082325
cvxkerb,25.824843206289934,False,0.66,49.68115550034998,8.199124006092175,0.3268500076197495,1030.8471559890636,6.40340317571053,0.6388082556561855,1.18962772624917,1177.5453369313577,54.78645494950243,31.099268346846152,-39.58793642139643,50.34251882667049
Optimization,25.492266103967427,False,0.68,64.69858216882983,11.783098868033843,0.3197106038823652,1075.0726479801522,8.453923636940218,0.5407693127613823,1.204061099432473,1239.8400699929832,54.60269879276746,-37.44825046773226,9.530587804244291,38.64199227509393
ML,0.909008661233744,True,0.68,64.69858216882983,11.783098868033843,0.3197106038823652,1075.0726479801522,8.453923636940218,0.5407693127613823,1.204061099432473,1239.8400699929832,54.60269879276746,3.785635661777386,-2.483243342237712,4.527420331766052
cvxkerb,21.743641411250845,False,0.68,64.69858216882983,11.783098868033843,0.3197106038823652,1075.0726479801522,8.453923636940218,0.5407693127613823,1.204061099432473,1239.8400699929832,54.60269879276746,16.566410681183964,99.29877355221484,100.67120934920614
Optimization,24.784010627714817,False,0.68,46.784443361144774,9.723932251389034,0.3174786715045158,1097.4200171848233,6.7338025492220925,0.5874873721881735,1.1825418280682607,937.8955659117377,64.51741725567074,-43.32398323957139,-2.769247927008204,43.412397512967445
ML,0.7137023543636365,True,0.68,46.784443361144774,9.723932251389034,0.3174786715045158,1097.4200171848233,6.7338025492220925,0.5874873721881735,1.1825418280682607,937.8955659117377,64.51741725567074,-1.6211418343165511,-0.8201367363294675,1.8167897823491805
cvxkerb,22.548585848752804,False,0.68,46.784443361144774,9.723932251389034,0.3174786715045158,1097.4200171848233,6.7338025492220925,0.5874873721881735,1.1825418280682607,937.8955659117377,64.51741725567074,-118.3088838285658,87.99867973092253,147.44748091149796
Optimization,27.73232946193678,False,0.68,46.31201529890059,10.762461249546545,0.3572407725967765,980.903904891647,4.3633373902807655,0.4933628551858217,1.2169611256537518,1288.2672111175482,48.51430491673652,-39.55786930846412,-8.577820814787326,40.47720388263159
ML,1.1356451483344105,True,0.68,46.31201529890059,10.762461249546545,0.3572407725967765,980.903904891647,4.3633373902807655,0.4933628551858217,1.2169611256537518,1288.2672111175482,48.51430491673652,-4.445677776565081,-3.9808008602629674,5.967480739986935
cvxkerb,31.320109004136903,False,0.68,46.31201529890059,10.762461249546545,0.3572407725967765,980.903904891647,4.3633373902807655,0.4933628551858217,1.2169611256537518,1288.2672111175482,48.51430491673652,30.206032875546697,-43.36240247214593,52.84602511291625
Optimization,23.172746923438357,False,0.68,52.354170162550865,8.40247990889036,0.3309631810002846,1032.7468721387877,7.989412817626452,0.5072448614479989,1.1960102626557687,977.378891204775,49.20744163059672,-129.5444825845053,-34.57713663229757,134.07964553121315
ML,0.6159164807902451,True,0.68,52.354170162550865,8.40247990889036,0.3309631810002846,1032.7468721387877,7.989412817626452,0.5072448614479989,1.1960102626557687,977.378891204775,49.20744163059672,-1.884245414284631,0.617632332986164,1.9828894270741857
cvxkerb,22.26575092451295,False,0.68,52.354170162550865,8.40247990889036,0.3309631810002846,1032.7468721387877,7.989412817626452,0.5072448614479989,1.1960102626557687,977.378891204775,49.20744163059672,94.43186786778024,-72.81224017048933,119.24344840553265
Optimization,58.27262805633954,False,0.68,56.14849489340284,9.024084692246053,0.3650827950489328,923.2547360585761,6.436924596960365,0.5374296210090069,1.176787358281744,1141.6019990958,62.42667184680565,-45.804810875763565,-15.884432994294418,48.48088191147823
ML,0.38621119119382546,True,0.68,56.14849489340284,9.024084692246053,0.3650827950489328,923.2547360585761,6.436924596960365,0.5374296210090069,1.176787358281744,1141.6019990958,62.42667184680565,-4.265857337769332,-16.911196866402634,17.440932265232462
cvxkerb,25.267216470274743,False,0.68,56.14849489340284,9.024084692246053,0.3650827950489328,923.2547360585761,6.436924596960365,0.5374296210090069,1.176787358281744,1141.6019990958,62.42667184680565,-138.40079424400548,113.83960220808694,179.20444993991364
Optimization,33.6529312747229,False,0.68,51.68286044767724,11.271616707329757,0.3038363861355701,1074.1594344676228,6.152998797527156,0.5296500469726826,1.1997167280717684,1166.9662122135323,45.25530853035795,40.980795491628555,-23.29694696086502,47.13993356830323
ML,0.6597673444422898,True,0.68,51.68286044767724,11.271616707329757,0.3038363861355701,1074.1594344676228,6.152998797527156,0.5296500469726826,1.1997167280717684,1166.9662122135323,45.25530853035795,10.684369408784205,-5.762195058436371,12.139136771403157
cvxkerb,25.814870066818145,False,0.68,51.68286044767724,11.271616707329757,0.3038363861355701,1074.1594344676228,6.152998797527156,0.5296500469726826,1.1997167280717684,1166.9662122135323,45.25530853035795,160.3927774917661,51.78712024475422,168.54598451095723
Optimization,28.761258755604146,False,0.68,47.187118062189576,9.589165171783623,0.33368477014471526,1013.8964776273184,10.333362240737108,0.46566764355240137,1.157257479804471,1240.1270832630396,49.25700172076715,5.229301756022597,-34.07308091915062,34.47202402207517
ML,0.460490329815701,True,0.68,47.187118062189576,9.589165171783623,0.33368477014471526,1013.8964776273184,10.333362240737108,0.46566764355240137,1.157257479804471,1240.1270832630396,49.25700172076715,-7.008176445734493,2.065715362371702,7.306279289274822
cvxkerb,36.16377616042617,False,0.68,47.187118062189576,9.589165171783623,0.33368477014471526,1013.8964776273184,10.333362240737108,0.46566764355240137,1.157257479804471,1240.1270832630396,49.25700172076715,-39.52256858780718,32.870991486764574,51.40559803271305
Optimization,28.331501872501,False,0.68,46.127637077064634,9.47753059033034,0.350580922259233,1012.0697348700646,8.743381881513322,0.5209691446861316,1.2112684344674607,1134.1501691163826,55.95232201307494,-13.136771146646293,0.021501196525419965,13.136788742337702
ML,0.4846222043716317,True,0.68,46.127637077064634,9.47753059033034,0.350580922259233,1012.0697348700646,8.743381881513322,0.5209691446861316,1.2112684344674607,1134.1501691163826,55.95232201307494,-5.391171162567024,10.456459615789319,11.764449591915772
cvxkerb,25.566630096292798,False,0.68,46.127637077064634,9.47753059033034,0.350580922259233,1012.0697348700646,8.743381881513322,0.5209691446861316,1.2112684344674607,1134.1501691163826,55.95232201307494,7.148910877845697,1.3285545383271797,7.271312391906312
Optimization,26.281530296960316,False,0.68,48.336594099005254,8.186739279597095,0.37795316818239333,950.5172013369448,9.95572566423514,0.5907873334069031,1.2445673537050805,1063.5708943026689,58.23939678901269,-48.184161360592746,-7.799569537252683,48.81133772997907
ML,0.9207802542707821,True,0.68,48.336594099005254,8.186739279597095,0.37795316818239333,950.5172013369448,9.95572566423514,0.5907873334069031,1.2445673537050805,1063.5708943026689,58.23939678901269,1.2145121271273023,-7.423910153109884,7.522598066385529
cvxkerb,32.2520428572276,False,0.68,48.336594099005254,8.186739279597095,0.37795316818239333,950.5172013369448,9.95572566423514,0.5907873334069031,1.2445673537050805,1063.5708943026689,58.23939678901269,20.511869116324036,-6.837683391526761,21.621532989313422
Optimization,31.191128114017136,False,0.7000000000000001,55.845999512421585,8.59240319450851,0.3746313812569077,901.6709408344277,2.023188581208442,0.5661593659706952,1.2214387562037292,1266.6572410775666,59.109933038692475,-8.867907957742702,46.683543649318125,47.518344238880914
ML,0.775108036656946,True,0.7000000000000001,55.845999512421585,8.59240319450851,0.3746313812569077,901.6709408344277,2.023188581208442,0.5661593659706952,1.2214387562037292,1266.6572410775666,59.109933038692475,-6.511000954705144,0.3342824527589055,6.519576534591324
cvxkerb,23.95003202224856,False,0.7000000000000001,55.845999512421585,8.59240319450851,0.3746313812569077,901.6709408344277,2.023188581208442,0.5661593659706952,1.2214387562037292,1266.6572410775666,59.109933038692475,49.303222522901976,28.090149406180856,56.74384763835064
Optimization,37.93923711307388,False,0.7000000000000001,47.35114498241873,11.960890138460297,0.3209406713949934,902.3559752573284,11.96907526864265,0.5062147770890226,1.216801945251256,970.6729256705221,56.60457064398283,-24.671095631559634,13.458508249012311,28.10328101753056
ML,0.5706942782643714,True,0.7000000000000001,47.35114498241873,11.960890138460297,0.3209406713949934,902.3559752573284,11.96907526864265,0.5062147770890226,1.216801945251256,970.6729256705221,56.60457064398283,-3.410637004068059,-7.759135771008628,8.475649396150363
cvxkerb,27.466635461356503,False,0.7000000000000001,47.35114498241873,11.960890138460297,0.3209406713949934,902.3559752573284,11.96907526864265,0.5062147770890226,1.216801945251256,970.6729256705221,56.60457064398283,-28.950884882393527,54.94245570827657,62.103358803928906
Optimization,28.783588041728166,False,0.7000000000000001,56.31726147119239,8.628942660376934,0.3690622742081342,1002.686899425164,7.807278279025241,0.627937482514333,1.1940434570656047,1260.4710492869422,60.0133802856331,-6.6002240313948795,-11.113747601220897,12.925878809900924
ML,0.7518225382494563,True,0.7000000000000001,56.31726147119239,8.628942660376934,0.3690622742081342,1002.686899425164,7.807278279025241,0.627937482514333,1.1940434570656047,1260.4710492869422,60.0133802856331,-15.757132937221039,-4.70668547699487,16.44506389712763
cvxkerb,27.296887073879745,False,0.7000000000000001,56.31726147119239,8.628942660376934,0.3690622742081342,1002.686899425164,7.807278279025241,0.627937482514333,1.1940434570656047,1260.4710492869422,60.0133802856331,20.829258830048627,-36.92268627109382,42.39272089501662
Optimization,32.749149198432406,False,0.7000000000000001,55.29142232535601,8.800616844997467,0.33195894262599984,1018.3615815326652,0.8667521792697341,0.47949060185323594,1.157324560410739,1224.9269330856475,60.04818466424018,-10.15853368317245,74.78708289157511,75.47386020353984
ML,0.7285832562220536,True,0.7000000000000001,55.29142232535601,8.800616844997467,0.33195894262599984,1018.3615815326652,0.8667521792697341,0.47949060185323594,1.157324560410739,1224.9269330856475,60.04818466424018,-3.5425597984453976,-19.06244226292208,19.388822423056006
cvxkerb,24.968892930845417,False,0.7000000000000001,55.29142232535601,8.800616844997467,0.33195894262599984,1018.3615815326652,0.8667521792697341,0.47949060185323594,1.157324560410739,1224.9269330856475,60.04818466424018,0.37885305332913205,50.46324012020302,50.46466222085792
Optimization,25.525643067468554,False,0.7000000000000001,51.84668164921982,11.079089229542342,0.3561355824189338,1076.5672981356158,6.333745299547449,0.5535259656795934,1.2077877081440909,1199.7261420569737,64.29380957656922,3.2497524797548665,0.4108745617384376,3.2756234651065523
ML,0.8350495170878087,True,0.7000000000000001,51.84668164921982,11.079089229542342,0.3561355824189338,1076.5672981356158,6.333745299547449,0.5535259656795934,1.2077877081440909,1199.7261420569737,64.29380957656922,1.149073387233933,-1.7416482893269438,2.0865541960286422
cvxkerb,34.59964235948151,False,0.7000000000000001,51.84668164921982,11.079089229542342,0.3561355824189338,1076.5672981356158,6.333745299547449,0.5535259656795934,1.2077877081440909,1199.7261420569737,64.29380957656922,38.80239713263856,-22.25417660564798,44.73113456681338
Optimization,26.89057867612651,False,0.7000000000000001,46.44714515482653,11.524420593426264,0.32566616898959144,1018.5969495510988,11.231930148021332,0.5856245003073293,1.1914429812467036,1175.813683562166,51.8795927263274,67.63641866093708,117.20947846334077,135.32459854337608
ML,0.965746189894874,True,0.7000000000000001,46.44714515482653,11.524420593426264,0.32566616898959144,1018.5969495510988,11.231930148021332,0.5856245003073293,1.1914429812467036,1175.813683562166,51.8795927263274,2.4443591724542832,-9.899324169221403,10.196642132157645
cvxkerb,27.443461589057335,False,0.7000000000000001,46.44714515482653,11.524420593426264,0.32566616898959144,1018.5969495510988,11.231930148021332,0.5856245003073293,1.1914429812467036,1175.813683562166,51.8795927263274,-14.311379392150895,-2.9512070900848,14.612501613161523
Optimization,39.976281934551686,False,0.7000000000000001,64.71048266510437,10.216233533840843,0.3930832864175808,901.0697977388446,8.978865674170802,0.6306101306205031,1.1639720566978953,938.4503406928606,53.491452143719115,25.292915458554877,-37.44377877169781,45.18592857403123
ML,0.7669404059929357,True,0.7000000000000001,64.71048266510437,10.216233533840843,0.3930832864175808,901.0697977388446,8.978865674170802,0.6306101306205031,1.1639720566978953,938.4503406928606,53.491452143719115,2.4968188461222174,-7.693335810879158,8.088357079735461
cvxkerb,44.5637129407645,False,0.7000000000000001,64.71048266510437,10.216233533840843,0.3930832864175808,901.0697977388446,8.978865674170802,0.6306101306205031,1.1639720566978953,938.4503406928606,53.491452143719115,-21.777134285441445,8.542977900096576,23.392863208416532
Optimization,31.049233014114698,False,0.7000000000000001,57.07510287675226,8.655726883812811,0.37359535605151784,960.2462589587816,5.560692105655755,0.5698861084055243,1.1671273410666239,1196.6551274470485,51.05280681273629,-11.10280721823855,5.617447832569621,12.442991934298245
ML,0.8522039745682345,True,0.7000000000000001,57.07510287675226,8.655726883812811,0.37359535605151784,960.2462589587816,5.560692105655755,0.5698861084055243,1.1671273410666239,1196.6551274470485,51.05280681273629,-3.5672848748613277,1.9702038272663314,4.075196252867989
cvxkerb,22.85116152674949,False,0.7000000000000001,57.07510287675226,8.655726883812811,0.37359535605151784,960.2462589587816,5.560692105655755,0.5698861084055243,1.1671273410666239,1196.6551274470485,51.05280681273629,-62.75038537723265,48.37754627753234,79.23381758331473
Optimization,27.345619279473926,False,0.7000000000000001,57.49401338813216,9.130163454649775,0.3378024949434402,920.5892289400572,8.628273845203212,0.5507777593582547,1.2208765632345655,999.5774099187491,51.48876457270133,7.565178252665737,6.484599847513519,9.964033178235557
ML,0.6538059083714327,True,0.7000000000000001,57.49401338813216,9.130163454649775,0.3378024949434402,920.5892289400572,8.628273845203212,0.5507777593582547,1.2208765632345655,999.5774099187491,51.48876457270133,-3.4150905544489443,-0.32389964691787054,3.4304160791892166
cvxkerb,41.37289379214003,False,0.7000000000000001,57.49401338813216,9.130163454649775,0.3378024949434402,920.5892289400572,8.628273845203212,0.5507777593582547,1.2208765632345655,999.5774099187491,51.48876457270133,-0.14434799528832365,5.953288482437969,5.955038211369625
Optimization,27.29142112290309,False,0.72,51.83868987149453,11.696873739370641,0.30243909931100965,1016.2849789738174,6.587190293992052,0.49386408024227646,1.192888743135021,1160.905602377508,59.54262393763855,-30.30935774102355,-38.16544205942194,48.73662005375873
ML,0.847556423025275,True,0.72,51.83868987149453,11.696873739370641,0.30243909931100965,1016.2849789738174,6.587190293992052,0.49386408024227646,1.192888743135021,1160.905602377508,59.54262393763855,1.9600017715463456,-6.47854755478446,6.768543814150021
cvxkerb,29.93152158925433,False,0.72,51.83868987149453,11.696873739370641,0.30243909931100965,1016.2849789738174,6.587190293992052,0.49386408024227646,1.192888743135021,1160.905602377508,59.54262393763855,-15.41936662895026,-79.54658588224324,81.02725586343823
Optimization,28.590027375550857,False,0.72,52.622937640694715,9.647409132577987,0.3727579322134944,990.3277991037676,10.28075935807077,0.638818957186073,1.1835946153378933,1124.2777925502721,46.90113073665129,25.60270031262608,9.708263040683741,27.38153820670507
ML,0.7064520462660054,True,0.72,52.622937640694715,9.647409132577987,0.3727579322134944,990.3277991037676,10.28075935807077,0.638818957186073,1.1835946153378933,1124.2777925502721,46.90113073665129,10.730377219720197,5.911443860622053,12.25096583109986
cvxkerb,27.64014389264892,False,0.72,52.622937640694715,9.647409132577987,0.3727579322134944,990.3277991037676,10.28075935807077,0.638818957186073,1.1835946153378933,1124.2777925502721,46.90113073665129,-198.63563367550898,224.3365835629575,299.63814458504913
Optimization,34.208988061596834,False,0.72,46.344812681040736,9.858757873780661,0.38207358408157305,1022.908203644263,9.98594944474942,0.5488023341198611,1.161846170509448,905.4559383343525,51.06439093437182,-1.972843611670449,-92.7152278171451,92.7362150462333
ML,0.5183972185750124,True,0.72,46.344812681040736,9.858757873780661,0.38207358408157305,1022.908203644263,9.98594944474942,0.5488023341198611,1.161846170509448,905.4559383343525,51.06439093437182,-1.5685378495784632,-4.856195920280332,5.1032293502945345
cvxkerb,57.35514731787176,False,0.72,46.344812681040736,9.858757873780661,0.38207358408157305,1022.908203644263,9.98594944474942,0.5488023341198611,1.161846170509448,905.4559383343525,51.06439093437182,38.045021421325096,-47.02153548678,60.48510936159078
Optimization,33.313193600865304,False,0.72,45.16902992124921,11.356831812157836,0.30319944601443244,1088.0359669458483,10.704892213123447,0.5571043832171927,1.2043595574911292,1161.5111691824625,52.74100023869774,-11.622211916076855,-0.5365572354929239,11.63459081743568
ML,0.6382742619422188,True,0.72,45.16902992124921,11.356831812157836,0.30319944601443244,1088.0359669458483,10.704892213123447,0.5571043832171927,1.2043595574911292,1161.5111691824625,52.74100023869774,-6.144911706382477,-16.822081636181437,17.90928168446711
cvxkerb,26.661821996491504,False,0.72,45.16902992124921,11.356831812157836,0.30319944601443244,1088.0359669458483,10.704892213123447,0.5571043832171927,1.2043595574911292,1161.5111691824625,52.74100023869774,0.7086929631321516,-69.37989327402374,69.3835127132586
Optimization,28.74976931771524,False,0.72,61.03285179662734,9.766136041515587,0.34906135758981993,1069.7535170562628,8.47269737565637,0.5480908817039569,1.175769564818918,1253.9706987379866,56.54040803381117,-9.80498443500592,27.58808289223636,29.2786618109437
ML,0.7209856993031452,True,0.72,61.03285179662734,9.766136041515587,0.34906135758981993,1069.7535170562628,8.47269737565637,0.5480908817039569,1.175769564818918,1253.9706987379866,56.54040803381117,7.098540140478704,5.797160220953784,9.16495165035781
cvxkerb,24.2936249423479,False,0.72,61.03285179662734,9.766136041515587,0.34906135758981993,1069.7535170562628,8.47269737565637,0.5480908817039569,1.175769564818918,1253.9706987379866,56.54040803381117,-30.426033627247417,48.05610723105518,56.87822926646947
Optimization,37.257781221913234,False,0.72,59.241439844958606,8.713802696393499,0.3079588147372042,1088.0794067891088,3.1279965907452207,0.6206692995217448,1.2363491450462818,1209.0090367050177,48.3766721330514,-45.54111658692239,-72.5005296455105,85.61728855122196
ML,0.8871165720753585,True,0.72,59.241439844958606,8.713802696393499,0.3079588147372042,1088.0794067891088,3.1279965907452207,0.6206692995217448,1.2363491450462818,1209.0090367050177,48.3766721330514,7.068304009222576,0.8088811507186278,7.114436750915692
cvxkerb,27.269819020455916,False,0.72,59.241439844958606,8.713802696393499,0.3079588147372042,1088.0794067891088,3.1279965907452207,0.6206692995217448,1.2363491450462818,1209.0090367050177,48.3766721330514,79.75674760981921,-77.19982519070466,110.99978287713792
Optimization,27.68093689758676,False,0.72,63.02518415593127,8.65568104818778,0.33814088099031236,928.1737207901723,7.499325244893984,0.5957741018977192,1.2431912732597457,1011.548770504386,64.00422411730861,73.95627973830626,13.01794173653314,75.09326281222825
ML,0.6981105313142648,True,0.72,63.02518415593127,8.65568104818778,0.33814088099031236,928.1737207901723,7.499325244893984,0.5957741018977192,1.2431912732597457,1011.548770504386,64.00422411730861,2.2532859662807287,7.265459202655902,7.606851850226545
cvxkerb,23.364473495673995,False,0.72,63.02518415593127,8.65568104818778,0.33814088099031236,928.1737207901723,7.499325244893984,0.5957741018977192,1.2431912732597457,1011.548770504386,64.00422411730861,-33.50868599856477,-3.3960466179795454,33.68033803247677
Optimization,34.92592418663216,False,0.72,62.902000581324884,11.930609645974277,0.36370475535036273,932.3275387569183,10.87019267999167,0.5532495646400121,1.1653749312102917,1268.6906677806646,60.14938101446206,-20.131803060334526,-26.227601538681995,33.0632209098262
ML,0.6746889487802142,True,0.72,62.902000581324884,11.930609645974277,0.36370475535036273,932.3275387569183,10.87019267999167,0.5532495646400121,1.1653749312102917,1268.6906677806646,60.14938101446206,6.311713375042184,-1.3726388853744897,6.459246336712088
cvxkerb,37.61316226146829,False,0.72,62.902000581324884,11.930609645974277,0.36370475535036273,932.3275387569183,10.87019267999167,0.5532495646400121,1.1653749312102917,1268.6906677806646,60.14938101446206,31.941241333660845,27.56145481036412,42.18858482100232
Optimization,27.915369768191777,False,0.72,58.0955150256852,8.91370340923368,0.32740117803855473,962.968231081747,1.401649292807424,0.504631924073989,1.1709519224312532,1082.131499923441,63.1687509574453,-23.90404684665433,11.07450391883088,26.34479251569929
ML,0.4314236413048888,True,0.72,58.0955150256852,8.91370340923368,0.32740117803855473,962.968231081747,1.401649292807424,0.504631924073989,1.1709519224312532,1082.131499923441,63.1687509574453,8.3029672489831,7.307813347671439,11.060895129332472
cvxkerb,23.424639116430395,False,0.72,58.0955150256852,8.91370340923368,0.32740117803855473,962.968231081747,1.401649292807424,0.504631924073989,1.1709519224312532,1082.131499923441,63.1687509574453,-101.13642350089805,194.23352578101358,218.98684594257406
Optimization,39.45134651162755,False,0.74,49.424756396133674,10.708294850633791,0.37722402758932766,994.6426373768797,7.412723088741531,0.5412651847644797,1.2394091369257845,1099.1476722057278,61.83617418057638,-22.529220038293182,-14.08425537475803,26.569380967482694
ML,0.5258912843903669,True,0.74,49.424756396133674,10.708294850633791,0.37722402758932766,994.6426373768797,7.412723088741531,0.5412651847644797,1.2394091369257845,1099.1476722057278,61.83617418057638,5.852547289679489,0.46722113407680216,5.871167291609288
cvxkerb,28.391746858979147,False,0.74,49.424756396133674,10.708294850633791,0.37722402758932766,994.6426373768797,7.412723088741531,0.5412651847644797,1.2394091369257845,1099.1476722057278,61.83617418057638,-35.62033365946997,-23.189689145872862,42.50376280629967
Optimization,37.04391642596663,False,0.74,60.88768450185712,8.395874493634828,0.32713813950795845,1071.021884399488,4.157631444944006,0.6446090699028322,1.247973433477386,1007.3104081814226,45.81956444499781,8.714547087754081,-16.765665376463012,18.89526042319115
ML,2.281179013164577,False,0.74,60.88768450185712,8.395874493634828,0.32713813950795845,1071.021884399488,4.157631444944006,0.6446090699028322,1.247973433477386,1007.3104081814226,45.81956444499781,-0.4284731450979067,-0.49236266422457164,0.6526945910549665
cvxkerb,55.77520579170521,False,0.74,60.88768450185712,8.395874493634828,0.32713813950795845,1071.021884399488,4.157631444944006,0.6446090699028322,1.247973433477386,1007.3104081814226,45.81956444499781,-35.29840679065018,103.9215901064164,109.7527877195119
Optimization,29.679290720318875,False,0.74,51.726254550099114,8.937936027132679,0.3480648028312409,1010.3657467068338,7.581298123833065,0.5014237007997389,1.244865408090299,967.9033992828544,64.31306349532825,-19.190130218029573,-62.85195474144177,65.7162789010849
ML,0.43958406849130827,True,0.74,51.726254550099114,8.937936027132679,0.3480648028312409,1010.3657467068338,7.581298123833065,0.5014237007997389,1.244865408090299,967.9033992828544,64.31306349532825,-14.295163438494573,8.658057026524562,16.712679294709847
cvxkerb,26.935351993442616,False,0.74,51.726254550099114,8.937936027132679,0.3480648028312409,1010.3657467068338,7.581298123833065,0.5014237007997389,1.244865408090299,967.9033992828544,64.31306349532825,39.03210180653252,-139.3643156857762,144.72704466684934
Optimization,29.900520654388263,False,0.74,54.72115083805362,9.255128573222915,0.3141844397616985,942.7602421325465,1.266163756814413,0.5866139150380248,1.2160727393109152,1280.2425486319491,59.59356827294482,62.404526075030354,-9.059076707562538,63.0586373579595
ML,0.9003272092404657,True,0.74,54.72115083805362,9.255128573222915,0.3141844397616985,942.7602421325465,1.266163756814413,0.5866139150380248,1.2160727393109152,1280.2425486319491,59.59356827294482,12.662427335180203,1.0092021480202074,12.702580643093254
cvxkerb,24.949468352996938,False,0.74,54.72115083805362,9.255128573222915,0.3141844397616985,942.7602421325465,1.266163756814413,0.5866139150380248,1.2160727393109152,1280.2425486319491,59.59356827294482,67.693141889874,-47.317544142767304,82.59123102742413
Optimization,38.59546614244217,False,0.74,61.324557037256,11.953048460572747,0.3388851496474116,909.483127228017,9.614058039543899,0.5708761438165616,1.1698542858868202,1097.9313826485682,59.84620491067449,-32.82950832663777,58.445610433060416,67.03481182088781
ML,0.6320537681628866,True,0.74,61.324557037256,11.953048460572747,0.3388851496474116,909.483127228017,9.614058039543899,0.5708761438165616,1.1698542858868202,1097.9313826485682,59.84620491067449,3.0369660763413324,-6.8809035273242225,7.521302832700662
cvxkerb,33.86828738081759,False,0.74,61.324557037256,11.953048460572747,0.3388851496474116,909.483127228017,9.614058039543899,0.5708761438165616,1.1698542858868202,1097.9313826485682,59.84620491067449,7.572476388121043,-37.530508841600856,38.28683184279068
Optimization,36.544732313653235,False,0.74,45.004858688690256,8.507744230696705,0.3933615377835094,1073.4709278230716,2.803308384434842,0.6056743809090983,1.2108571593173973,1288.3618845799479,52.472113190681185,8.703947381568206,4.144321320536676,9.640233359673555
ML,0.7038903733163498,True,0.74,45.004858688690256,8.507744230696705,0.3933615377835094,1073.4709278230716,2.803308384434842,0.6056743809090983,1.2108571593173973,1288.3618845799479,52.472113190681185,1.5910777540515775,-2.968522332539182,3.368034034599662
cvxkerb,34.24745638582549,False,0.74,45.004858688690256,8.507744230696705,0.3933615377835094,1073.4709278230716,2.803308384434842,0.6056743809090983,1.2108571593173973,1288.3618845799479,52.472113190681185,24.684504514694854,-11.506365643113877,27.234559174861307
Optimization,32.53527743694821,False,0.74,51.418708766388804,9.00901133542068,0.35342204099312474,1064.7603499841075,1.2377611305403327,0.6386041419291473,1.2295072881181164,972.5001022206208,59.24015922396325,-5.568728855587072,-26.1945120179524,26.779902929728866
ML,0.49723419673560554,True,0.74,51.418708766388804,9.00901133542068,0.35342204099312474,1064.7603499841075,1.2377611305403327,0.6386041419291473,1.2295072881181164,972.5001022206208,59.24015922396325,-2.2421636500738233,-1.052724114065274,2.4769993730412785
cvxkerb,26.219354250140572,False,0.74,51.418708766388804,9.00901133542068,0.35342204099312474,1064.7603499841075,1.2377611305403327,0.6386041419291473,1.2295072881181164,972.5001022206208,59.24015922396325,169.96170981840663,-5.911523930596509,170.0644845921049
Optimization,30.02917823599743,False,0.74,50.96901322295521,10.55237090318581,0.3288152135777403,947.2015860647424,8.76617584831592,0.4580650479441902,1.1594768471034593,902.715269609436,48.05886372950852,132.9726148058717,-72.00619348137214,151.21708960295302
ML,0.6786976163700341,True,0.74,50.96901322295521,10.55237090318581,0.3288152135777403,947.2015860647424,8.76617584831592,0.4580650479441902,1.1594768471034593,902.715269609436,48.05886372950852,-31.767529570791897,4.737619929807753,32.11885704115963
cvxkerb,44.40177263314186,False,0.74,50.96901322295521,10.55237090318581,0.3288152135777403,947.2015860647424,8.76617584831592,0.4580650479441902,1.1594768471034593,902.715269609436,48.05886372950852,-63.06005173103121,-35.5440618178063,72.38750206236134
Optimization,32.47856968920476,False,0.74,52.55593647818823,9.266737424067705,0.3677303959298141,957.9165409341455,6.926396957070738,0.46317843300639455,1.1691289156696514,1062.9621086445395,63.73898507817391,-23.05943438341672,-15.14224809638299,27.58668503998832
ML,1.1353604021608485,True,0.74,52.55593647818823,9.266737424067705,0.3677303959298141,957.9165409341455,6.926396957070738,0.46317843300639455,1.1691289156696514,1062.9621086445395,63.73898507817391,1.800282191211428,-2.250631774520132,2.88207552858572
cvxkerb,24.26882171466661,False,0.74,52.55593647818823,9.266737424067705,0.3677303959298141,957.9165409341455,6.926396957070738,0.46317843300639455,1.1691289156696514,1062.9621086445395,63.73898507817391,9.190760468030813,-169.13612115733827,169.3856474384135
Optimization,37.19059541810523,False,0.76,56.25660474429206,9.253470777829113,0.32951088601842854,1046.6803698669812,10.455323857453886,0.4885163264917056,1.1597618760535149,1259.1183225568104,51.99790927294797,6.797659078273903,-28.474435312308007,29.27459026697475
ML,0.7346131990254396,True,0.76,56.25660474429206,9.253470777829113,0.32951088601842854,1046.6803698669812,10.455323857453886,0.4885163264917056,1.1597618760535149,1259.1183225568104,51.99790927294797,-15.814545607396525,-9.584251660856552,18.49209919579322
cvxkerb,33.27497031880061,False,0.76,56.25660474429206,9.253470777829113,0.32951088601842854,1046.6803698669812,10.455323857453886,0.4885163264917056,1.1597618760535149,1259.1183225568104,51.99790927294797,18.019394771411452,50.81178196250154,53.9122970585818
Optimization,47.732441791655525,False,0.76,48.053163290815675,10.840693066360643,0.36773418460815166,904.8853765881266,4.940972011082918,0.5165900493924747,1.2169412064253644,986.4543249243683,56.817438459485174,61.39467416630138,53.49076060096462,81.42829659065713
ML,3.1217121080187846,False,0.76,48.053163290815675,10.840693066360643,0.36773418460815166,904.8853765881266,4.940972011082918,0.5165900493924747,1.2169412064253644,986.4543249243683,56.817438459485174,-2.004803454077289,4.414326866911152,4.848249021803011
cvxkerb,25.41387279142473,False,0.76,48.053163290815675,10.840693066360643,0.36773418460815166,904.8853765881266,4.940972011082918,0.5165900493924747,1.2169412064253644,986.4543249243683,56.817438459485174,-71.1947450374598,133.52744365257885,151.32174308189002
Optimization,35.29470835100177,False,0.76,58.92062813978227,9.369900876745216,0.31079624481108353,913.9291735496531,7.067232270750575,0.5541310707468223,1.2242201009121132,1103.894204001575,53.448915800617584,-10.580080023229709,-2.46914150843295,10.864380013908336
ML,0.8903657842293389,True,0.76,58.92062813978227,9.369900876745216,0.31079624481108353,913.9291735496531,7.067232270750575,0.5541310707468223,1.2242201009121132,1103.894204001575,53.448915800617584,-3.8732834038233985,-0.47186982161780255,3.9019207391856883
cvxkerb,25.995522289500567,False,0.76,58.92062813978227,9.369900876745216,0.31079624481108353,913.9291735496531,7.067232270750575,0.5541310707468223,1.2242201009121132,1103.894204001575,53.448915800617584,39.73260994867795,31.57329017823198,50.74990587195824
Optimization,33.4801033684937,False,0.76,57.35389172377182,10.577692678519266,0.30283374503833843,1065.7060519163017,9.459302498049956,0.5018070288206694,1.2208676719965508,985.9418425699993,45.80660322103026,-16.948246251318285,-33.72004844683746,37.7396968489731
ML,0.4979162529306,True,0.76,57.35389172377182,10.577692678519266,0.30283374503833843,1065.7060519163017,9.459302498049956,0.5018070288206694,1.2208676719965508,985.9418425699993,45.80660322103026,-0.26669702883124813,-2.334859705105379,2.35004194594739
cvxkerb,28.816947370955774,False,0.76,57.35389172377182,10.577692678519266,0.30283374503833843,1065.7060519163017,9.459302498049956,0.5018070288206694,1.2208676719965508,985.9418425699993,45.80660322103026,187.45293305868253,73.76282051590083,201.4436789843849
Optimization,44.86222966998719,False,0.76,54.89965589424922,8.52372500850711,0.36962214361212725,941.2147559874351,5.2947560291006015,0.4630001577897777,1.2325308402422983,950.3762564190002,63.0619501409862,13.411125274286029,21.617954479748395,25.44001251986852
ML,0.9700751323750951,True,0.76,54.89965589424922,8.52372500850711,0.36962214361212725,941.2147559874351,5.2947560291006015,0.4630001577897777,1.2325308402422983,950.3762564190002,63.0619501409862,-1.1665048173123724,8.880359831991841,8.956646930323151
cvxkerb,53.914798084432256,False,0.76,54.89965589424922,8.52372500850711,0.36962214361212725,941.2147559874351,5.2947560291006015,0.4630001577897777,1.2325308402422983,950.3762564190002,63.0619501409862,95.06873454123408,-12.466114663156848,95.88257559153597
Optimization,38.74008597428164,False,0.76,61.43155383521676,10.217956457284682,0.31797978134950755,993.5516461915159,11.61687003491614,0.6005972386078371,1.231116260387913,913.130199527696,54.3571892526832,-79.97431533411195,12.788273660435744,80.99031458374617
ML,0.8230728448696247,True,0.76,61.43155383521676,10.217956457284682,0.31797978134950755,993.5516461915159,11.61687003491614,0.6005972386078371,1.231116260387913,913.130199527696,54.3571892526832,-3.7585302867175443,0.7849723452689893,3.8396264791005597
cvxkerb,26.672482574069864,False,0.76,61.43155383521676,10.217956457284682,0.31797978134950755,993.5516461915159,11.61687003491614,0.6005972386078371,1.231116260387913,913.130199527696,54.3571892526832,-18.34282265319607,46.98554336791476,50.43907640376459
Optimization,37.60689520400595,False,0.76,60.272209592283176,9.789329706664752,0.3789864621035539,1023.6692614090915,1.3571968730858694,0.4812662876785677,1.193703372544977,1058.7557572356159,59.87088539274589,-75.3531800994711,-13.319737723999122,76.52135103446263
ML,0.655349526249537,True,0.76,60.272209592283176,9.789329706664752,0.3789864621035539,1023.6692614090915,1.3571968730858694,0.4812662876785677,1.193703372544977,1058.7557572356159,59.87088539274589,-7.040758594132778,0.3191429849218677,7.04798792746408
cvxkerb,36.23141760074063,False,0.76,60.272209592283176,9.789329706664752,0.3789864621035539,1023.6692614090915,1.3571968730858694,0.4812662876785677,1.193703372544977,1058.7557572356159,59.87088539274589,-6.103042202639021,-174.09200108246043,174.19894363922702
Optimization,39.87274463471267,False,0.76,64.51054658041804,9.33296696220291,0.35950463449237613,918.0391400400489,7.272180029753319,0.4679263546609236,1.245923543532382,1186.2650608289246,60.763195762714126,43.62161488324503,-6.096673183475835,44.045598065280686
ML,0.893692939507898,True,0.76,64.51054658041804,9.33296696220291,0.35950463449237613,918.0391400400489,7.272180029753319,0.4679263546609236,1.245923543532382,1186.2650608289246,60.763195762714126,-0.013411206309973934,-17.449595035615072,17.449600189328606
cvxkerb,27.6023740575248,False,0.76,64.51054658041804,9.33296696220291,0.35950463449237613,918.0391400400489,7.272180029753319,0.4679263546609236,1.245923543532382,1186.2650608289246,60.763195762714126,9.354468501581588,0.30353514169306445,9.359391782018994
Optimization,41.21479669270644,False,0.76,52.59919904519505,9.793940912010536,0.39806482195640497,970.0544741338655,5.426195272321294,0.47670311027056395,1.1547957732436986,1210.1638058369979,56.41366350143957,-26.14094226136873,-25.265729365111344,36.35527393189691
ML,0.9081643644404541,True,0.76,52.59919904519505,9.793940912010536,0.39806482195640497,970.0544741338655,5.426195272321294,0.47670311027056395,1.1547957732436986,1210.1638058369979,56.41366350143957,1.375179874426104,-2.1238541357335823,2.530192893219653
cvxkerb,68.4165841124512,False,0.76,52.59919904519505,9.793940912010536,0.39806482195640497,970.0544741338655,5.426195272321294,0.47670311027056395,1.1547957732436986,1210.1638058369979,56.41366350143957,-16.898364346118466,-13.267841297951446,21.484653366572932
Optimization,36.70453276431934,False,0.78,56.75406456682953,8.256174095459155,0.3862434130141157,1092.2999358474294,2.9609690480085704,0.5400190537181719,1.1522134451029495,1156.2840898908885,53.27852116105178,-6.583525509969905,-18.99476889478863,20.103334387778915
ML,2.3888925114514654,False,0.78,56.75406456682953,8.256174095459155,0.3862434130141157,1092.2999358474294,2.9609690480085704,0.5400190537181719,1.1522134451029495,1156.2840898908885,53.27852116105178,12.706959277850567,4.655633821437329,13.532987119193741
cvxkerb,27.583102940462464,False,0.78,56.75406456682953,8.256174095459155,0.3862434130141157,1092.2999358474294,2.9609690480085704,0.5400190537181719,1.1522134451029495,1156.2840898908885,53.27852116105178,92.66439193624053,55.66820278975842,108.10013105799116
Optimization,71.31960248111243,False,0.78,47.83222701235799,10.571333563262952,0.3381980045462946,1091.3629341181756,3.9596987434833175,0.6424371818983601,1.2401485851100749,1008.1532941242625,61.070835536528556,-1.889517362299331,19.075453169109718,19.168807721643216
ML,1.1181835843171615,True,0.78,47.83222701235799,10.571333563262952,0.3381980045462946,1091.3629341181756,3.9596987434833175,0.6424371818983601,1.2401485851100749,1008.1532941242625,61.070835536528556,-10.682613437360855,-1.7644977485977038,10.827358041410152
cvxkerb,28.26211487043704,False,0.78,47.83222701235799,10.571333563262952,0.3381980045462946,1091.3629341181756,3.9596987434833175,0.6424371818983601,1.2401485851100749,1008.1532941242625,61.070835536528556,-198.00577218684765,-57.21266692638878,206.1057376109159
Optimization,35.228211042401675,False,0.78,58.00184902279863,10.614625905622482,0.3956221173643628,900.6041742712323,2.9751893976696864,0.6355582958750632,1.2432133915398282,1188.234567748255,60.3152664209508,8.456173778017,-22.371359504560672,23.91619955273662
ML,0.6748452092556736,True,0.78,58.00184902279863,10.614625905622482,0.3956221173643628,900.6041742712323,2.9751893976696864,0.6355582958750632,1.2432133915398282,1188.234567748255,60.3152664209508,2.1098913599846494,-0.150809215508319,2.115274206910326
cvxkerb,28.46350805874611,False,0.78,58.00184902279863,10.614625905622482,0.3956221173643628,900.6041742712323,2.9751893976696864,0.6355582958750632,1.2432133915398282,1188.234567748255,60.3152664209508,2.470444438368128,21.955654012662897,22.09420373869184
Optimization,40.70327709831739,False,0.78,48.40285480354316,9.264419551763583,0.3424492832676535,961.8648448716446,3.3676269585181893,0.6444459418432715,1.1653364827415744,1193.331163486745,45.0082057887835,-55.63611472711512,-37.51827541371166,67.10438325435855
ML,0.9029058981637208,True,0.78,48.40285480354316,9.264419551763583,0.3424492832676535,961.8648448716446,3.3676269585181893,0.6444459418432715,1.1653364827415744,1193.331163486745,45.0082057887835,5.462282276642504,-0.3906659657373968,5.476234798336202
cvxkerb,45.92120408577659,False,0.78,48.40285480354316,9.264419551763583,0.3424492832676535,961.8648448716446,3.3676269585181893,0.6444459418432715,1.1653364827415744,1193.331163486745,45.0082057887835,48.968113455067915,-71.01501756644285,86.26128248125337
Optimization,40.10447474381884,False,0.78,53.528121129839455,10.149667754399228,0.3022504327428686,988.8226010350813,9.376274620742404,0.586009211274854,1.2135156988863935,1263.822171374881,45.3606401965046,-13.973121121085923,-107.39178207726681,108.2970127547187
ML,3.48570384041944,False,0.78,53.528121129839455,10.149667754399228,0.3022504327428686,988.8226010350813,9.376274620742404,0.586009211274854,1.2135156988863935,1263.822171374881,45.3606401965046,3.246616659840486,1.5732160961761037,3.607704065083689
cvxkerb,38.0781714198503,False,0.78,53.528121129839455,10.149667754399228,0.3022504327428686,988.8226010350813,9.376274620742404,0.586009211274854,1.2135156988863935,1263.822171374881,45.3606401965046,108.7345390430974,-117.63597882797785,160.1918334239649
Optimization,38.092806878732695,False,0.78,55.27266767857302,11.212182098703519,0.3373650296372984,977.6242913536994,1.1482813926960138,0.6329168870443496,1.159103631494544,1159.2836709794224,53.26388957605595,69.65599632338593,6.176766346599013,69.92932336512368
ML,0.645302544275011,True,0.78,55.27266767857302,11.212182098703519,0.3373650296372984,977.6242913536994,1.1482813926960138,0.6329168870443496,1.159103631494544,1159.2836709794224,53.26388957605595,8.010473995658106,3.2756016307228504,8.6543202897922
cvxkerb,33.26275278277341,False,0.78,55.27266767857302,11.212182098703519,0.3373650296372984,977.6242913536994,1.1482813926960138,0.6329168870443496,1.159103631494544,1159.2836709794224,53.26388957605595,-115.03904832307157,-26.435539528517634,118.0373686136802
Optimization,35.02077659842045,False,0.78,52.86340869128529,9.551057314119,0.3286866874982794,953.7159208665934,10.332755237756633,0.46397238413693237,1.2177611182099595,969.1280205825809,51.890117867881266,10.302150162311795,7.182348351017321,12.55867930166951
ML,1.8091441692195778,True,0.78,52.86340869128529,9.551057314119,0.3286866874982794,953.7159208665934,10.332755237756633,0.46397238413693237,1.2177611182099595,969.1280205825809,51.890117867881266,2.4816757445132893,3.527762999553873,4.313215306697189
cvxkerb,33.865915424652556,False,0.78,52.86340869128529,9.551057314119,0.3286866874982794,953.7159208665934,10.332755237756633,0.46397238413693237,1.2177611182099595,969.1280205825809,51.890117867881266,75.8510306341205,-18.08720642006419,77.9777268477371
Optimization,35.72852004892694,False,0.78,59.80626061687903,10.171365497336298,0.35296445270351334,969.5540195208876,6.246246403698175,0.5810766398926906,1.1918363038428792,1185.6612585568696,62.22464454520772,54.86348220993792,-26.918856107592568,61.11159050737796
ML,2.032298411875439,False,0.78,59.80626061687903,10.171365497336298,0.35296445270351334,969.5540195208876,6.246246403698175,0.5810766398926906,1.1918363038428792,1185.6612585568696,62.22464454520772,9.912084348135728,-1.9743442606537198,10.106802233354207
cvxkerb,78.59606171421044,False,0.78,59.80626061687903,10.171365497336298,0.35296445270351334,969.5540195208876,6.246246403698175,0.5810766398926906,1.1918363038428792,1185.6612585568696,62.22464454520772,33.243137572273135,0.24307156127762045,33.244026221758695
Optimization,38.12400176285559,False,0.78,45.40803221376413,10.417955929033837,0.32770254488696243,1072.4669832879463,3.40153379116895,0.5873511440563818,1.2174219632447396,988.597419543856,45.695983997367,12.746644802626504,13.112181070901308,18.28677790537272
ML,1.2241740122929756,True,0.78,45.40803221376413,10.417955929033837,0.32770254488696243,1072.4669832879463,3.40153379116895,0.5873511440563818,1.2174219632447396,988.597419543856,45.695983997367,-2.1236323701336213,9.263813308539818,9.504107083727476
cvxkerb,29.667066098027544,False,0.78,45.40803221376413,10.417955929033837,0.32770254488696243,1072.4669832879463,3.40153379116895,0.5873511440563818,1.2174219632447396,988.597419543856,45.695983997367,-102.99775030820663,73.30563608131713,126.42093517229725
Optimization,41.505082593751155,False,0.8,53.802415419698725,8.364549356358829,0.37186037406901956,942.7473375963822,2.3634435625046564,0.5325516640554787,1.17277783416178,1133.5433069232063,52.42926678668943,-17.204968265901996,-14.81680747524728,22.705697892582787
ML,0.44423170823273805,True,0.8,53.802415419698725,8.364549356358829,0.37186037406901956,942.7473375963822,2.3634435625046564,0.5325516640554787,1.17277783416178,1133.5433069232063,52.42926678668943,-2.1872774304154277,4.399310329815127,4.913055458227883
cvxkerb,36.286968260975364,False,0.8,53.802415419698725,8.364549356358829,0.37186037406901956,942.7473375963822,2.3634435625046564,0.5325516640554787,1.17277783416178,1133.5433069232063,52.42926678668943,-9.877097051089416,-49.14093431781609,50.12373162270098
Optimization,42.71293732261191,False,0.8,61.21460930460825,11.788682467373576,0.31359327473673204,999.5299109010436,2.570115032875042,0.4620146336709965,1.1825503338126135,957.4750500736851,59.198661468684925,-11.900546841170282,6.373024233126269,13.499572326370295
ML,2.2478316276316948,False,0.8,61.21460930460825,11.788682467373576,0.31359327473673204,999.5299109010436,2.570115032875042,0.4620146336709965,1.1825503338126135,957.4750500736851,59.198661468684925,-5.645121746876491,-0.3882489921912054,5.658457105695454
cvxkerb,29.701564750968753,False,0.8,61.21460930460825,11.788682467373576,0.31359327473673204,999.5299109010436,2.570115032875042,0.4620146336709965,1.1825503338126135,957.4750500736851,59.198661468684925,-7.246852976084068,-74.97565043987491,75.32506247550873
Optimization,40.042902851772446,False,0.8,45.24139870601236,10.075749457059027,0.36057594893589723,1092.574098800362,7.073649637118962,0.5442345118756284,1.2073401625897704,1271.1602519448109,61.567562912032926,19.34983437845045,0.7435141468814314,19.364113812929208
ML,0.4856050060022594,True,0.8,45.24139870601236,10.075749457059027,0.36057594893589723,1092.574098800362,7.073649637118962,0.5442345118756284,1.2073401625897704,1271.1602519448109,61.567562912032926,1.0833303572488255,-2.0941847126802964,2.3577986075491526
cvxkerb,45.181545512496925,False,0.8,45.24139870601236,10.075749457059027,0.36057594893589723,1092.574098800362,7.073649637118962,0.5442345118756284,1.2073401625897704,1271.1602519448109,61.567562912032926,-41.56542385251185,92.9319246296542,101.80386571938558
Optimization,40.80872763907192,False,0.8,62.782387114548854,11.38090223264296,0.3525431998309642,1038.3011091627188,10.600196412265248,0.5491434020156551,1.181325074048882,1201.4664551638325,49.401325095693835,-43.89763443737508,102.41930356036357,111.43031926270032
ML,2.287196914997822,False,0.8,62.782387114548854,11.38090223264296,0.3525431998309642,1038.3011091627188,10.600196412265248,0.5491434020156551,1.181325074048882,1201.4664551638325,49.401325095693835,2.915658996178264,-3.881156756503414,4.854322316301972
cvxkerb,30.6164277357663,False,0.8,62.782387114548854,11.38090223264296,0.3525431998309642,1038.3011091627188,10.600196412265248,0.5491434020156551,1.181325074048882,1201.4664551638325,49.401325095693835,13.17929887518827,-3.1204377774034198,13.543671982301742
Optimization,42.27842388619581,False,0.8,52.82184488296441,8.31992993118702,0.3089825752572084,1018.1507442706129,7.192362620859187,0.533751798096531,1.193184369231203,921.5730331363485,55.330930207785244,4.133259664085306,-15.031273168051692,15.589195248740241
ML,2.161617339927648,False,0.8,52.82184488296441,8.31992993118702,0.3089825752572084,1018.1507442706129,7.192362620859187,0.533751798096531,1.193184369231203,921.5730331363485,55.330930207785244,-2.6963666818270897,-4.214284768765374,5.003058004372431
cvxkerb,29.991532661948632,False,0.8,52.82184488296441,8.31992993118702,0.3089825752572084,1018.1507442706129,7.192362620859187,0.533751798096531,1.193184369231203,921.5730331363485,55.330930207785244,67.1880106919912,3.903156232597503,67.3012883184504
Optimization,41.039347349874106,False,0.8,48.28785368656828,11.216436984244528,0.3791961014466716,925.4362378433774,4.782710689729531,0.4840305282289034,1.1754720500457547,1005.2984699322177,56.12472788051545,54.36562522636692,-53.665802350882856,76.39135781106268
ML,1.5855370017625101,True,0.8,48.28785368656828,11.216436984244528,0.3791961014466716,925.4362378433774,4.782710689729531,0.4840305282289034,1.1754720500457547,1005.2984699322177,56.12472788051545,12.190586617197258,-14.668042142675604,19.072542105621277
cvxkerb,36.478143283966475,False,0.8,48.28785368656828,11.216436984244528,0.3791961014466716,925.4362378433774,4.782710689729531,0.4840305282289034,1.1754720500457547,1005.2984699322177,56.12472788051545,116.34450876402713,-2.094323844499475,116.36335725608996
Optimization,42.28522053539441,False,0.8,46.75545828246881,10.67272264783162,0.3895812101398579,911.5576394039729,1.687840070804001,0.5933263873404063,1.1937281648244618,1061.4194483254753,47.739332690884716,24.198403960610218,-2.146110809352411,24.29338481658938
ML,2.298088002960545,False,0.8,46.75545828246881,10.67272264783162,0.3895812101398579,911.5576394039729,1.687840070804001,0.5933263873404063,1.1937281648244618,1061.4194483254753,47.739332690884716,14.759502404447487,8.070346346878221,16.82181326092588
cvxkerb,33.21971912217843,False,0.8,46.75545828246881,10.67272264783162,0.3895812101398579,911.5576394039729,1.687840070804001,0.5933263873404063,1.1937281648244618,1061.4194483254753,47.739332690884716,-41.14037767947793,-124.58977806012389,131.20649173223487
Optimization,72.42287825581673,False,0.8,61.914897566515265,9.385064203151721,0.36546211935154627,1041.8628589606967,7.034188249060097,0.5214483936340273,1.2077053341713544,1036.9062371158984,46.67747477104024,16.54822148357395,-21.81869556673889,27.384285831539405
ML,1.9456211444976537,True,0.8,61.914897566515265,9.385064203151721,0.36546211935154627,1041.8628589606967,7.034188249060097,0.5214483936340273,1.2077053341713544,1036.9062371158984,46.67747477104024,-4.703595949504063,-8.267199219833563,9.511592810702512
cvxkerb,41.25281030853429,False,0.8,61.914897566515265,9.385064203151721,0.36546211935154627,1041.8628589606967,7.034188249060097,0.5214483936340273,1.2077053341713544,1036.9062371158984,46.67747477104024,194.23336836419378,7.075952914974634,194.3622146811348
Optimization,44.90195136532807,False,0.8,63.40393972148548,8.19663409448571,0.3573499584935216,1070.7259857055915,2.903132737430839,0.6252584697047875,1.151904340927429,1192.981851653492,63.66226442337306,-15.351062715816283,-0.9681133683787354,15.38155941375771
ML,0.6047051688574175,True,0.8,63.40393972148548,8.19663409448571,0.3573499584935216,1070.7259857055915,2.903132737430839,0.6252584697047875,1.151904340927429,1192.981851653492,63.66226442337306,-0.1986014684186434,0.4558742898490776,0.4972563839745471
cvxkerb,37.97707820792326,False,0.8,63.40393972148548,8.19663409448571,0.3573499584935216,1070.7259857055915,2.903132737430839,0.6252584697047875,1.151904340927429,1192.981851653492,63.66226442337306,-47.03270123233495,20.32395167907641,51.236100525542675
Optimization,48.43857277348296,False,0.8200000000000001,57.31248793366253,8.051025918829723,0.3695229655747736,983.5998433840703,6.786689798716644,0.5798161204037768,1.1850236614327077,1266.8394020687176,47.679497334995624,0.8024776970924461,-0.8440682807521116,1.1646551922790802
ML,2.1942203149345763,False,0.8200000000000001,57.31248793366253,8.051025918829723,0.3695229655747736,983.5998433840703,6.786689798716644,0.5798161204037768,1.1850236614327077,1266.8394020687176,47.679497334995624,-5.430246009142886,-4.039093619202635,6.767706331135807
cvxkerb,32.90344922143909,False,0.8200000000000001,57.31248793366253,8.051025918829723,0.3695229655747736,983.5998433840703,6.786689798716644,0.5798161204037768,1.1850236614327077,1266.8394020687176,47.679497334995624,-6.9649939941668535,126.63749950941428,126.82889033392858
Optimization,43.03584759192328,False,0.8200000000000001,58.96233848167047,9.243892085532133,0.3099663922076776,954.4934368066192,9.981423602221911,0.6460941595566143,1.199384701474156,903.8801419692169,47.80089624268458,41.84069334552646,31.84280438433237,52.5795379467454
ML,0.7622109423422104,True,0.8200000000000001,58.96233848167047,9.243892085532133,0.3099663922076776,954.4934368066192,9.981423602221911,0.6460941595566143,1.199384701474156,903.8801419692169,47.80089624268458,17.48029341873347,14.71394071811636,22.848647869431122
cvxkerb,39.963286671440706,False,0.8200000000000001,58.96233848167047,9.243892085532133,0.3099663922076776,954.4934368066192,9.981423602221911,0.6460941595566143,1.199384701474156,903.8801419692169,47.80089624268458,26.76314830626791,2.956198979693687,26.925920962352116
Optimization,46.431422804360906,False,0.8200000000000001,59.645811348513924,11.107785553570086,0.38724628150836743,943.1279525451698,1.0056499091407294,0.5465788873197197,1.2014080695619274,1231.672711979967,53.875671585646714,3.9853753551022724,-15.973934786462538,16.463590412884262
ML,0.8275192909480384,True,0.8200000000000001,59.645811348513924,11.107785553570086,0.38724628150836743,943.1279525451698,1.0056499091407294,0.5465788873197197,1.2014080695619274,1231.672711979967,53.875671585646714,-8.169905472775003,-0.4059693720248939,8.179985731350712
cvxkerb,31.475146671940106,False,0.8200000000000001,59.645811348513924,11.107785553570086,0.38724628150836743,943.1279525451698,1.0056499091407294,0.5465788873197197,1.2014080695619274,1231.672711979967,53.875671585646714,8.867775633464865,36.67060479070241,37.72758540380447
Optimization,42.81135235457972,False,0.8200000000000001,57.87104245974835,8.352024110045809,0.3893534583498437,977.8532793618097,3.760432877164295,0.5424722894495478,1.1890066065747629,1245.4308012556585,63.585219503957845,100.48421991354122,28.899339930241187,104.55740193805768
ML,4.274362016810034,False,0.8200000000000001,57.87104245974835,8.352024110045809,0.3893534583498437,977.8532793618097,3.760432877164295,0.5424722894495478,1.1890066065747629,1245.4308012556585,63.585219503957845,-0.9015310421763265,-1.1305490130761588,1.445994222317299
cvxkerb,32.94561500864597,False,0.8200000000000001,57.87104245974835,8.352024110045809,0.3893534583498437,977.8532793618097,3.760432877164295,0.5424722894495478,1.1890066065747629,1245.4308012556585,63.585219503957845,66.05663104188751,28.191475479563596,71.82087297101653
Optimization,46.437894709187354,False,0.8200000000000001,62.06345957293445,9.05838844752412,0.35195018547649815,990.1073078134152,0.1397387940371546,0.561362428628148,1.2161524324146176,1136.765761767628,59.72559797566843,11.769871111592634,2.6299439632851005,12.060119038944954
ML,2.3534381829547835,False,0.8200000000000001,62.06345957293445,9.05838844752412,0.35195018547649815,990.1073078134152,0.1397387940371546,0.561362428628148,1.2161524324146176,1136.765761767628,59.72559797566843,-5.2711859819868545,-10.825084650937752,12.040259937254795
cvxkerb,42.823798830562254,False,0.8200000000000001,62.06345957293445,9.05838844752412,0.35195018547649815,990.1073078134152,0.1397387940371546,0.561362428628148,1.2161524324146176,1136.765761767628,59.72559797566843,49.568140557481165,95.32147415067612,107.43921068485297
Optimization,42.29781725729029,False,0.8200000000000001,57.97390085066071,10.549781514871608,0.3553427700787068,902.2779336177106,8.358086201722669,0.5252083582218313,1.2442609710158656,1227.1939084308822,56.75388939062624,-17.314019121419193,-6.931803099288438,18.650071108287342
ML,3.029025589236314,False,0.8200000000000001,57.97390085066071,10.549781514871608,0.3553427700787068,902.2779336177106,8.358086201722669,0.5252083582218313,1.2442609710158656,1227.1939084308822,56.75388939062624,-7.95071032817912,6.684217194708107,10.387134071949088
cvxkerb,35.008450707646446,False,0.8200000000000001,57.97390085066071,10.549781514871608,0.3553427700787068,902.2779336177106,8.358086201722669,0.5252083582218313,1.2442609710158656,1227.1939084308822,56.75388939062624,17.946427173969848,-115.2253964387447,116.61460557227163
Optimization,40.92933809012802,False,0.8200000000000001,56.564595723390276,9.992518696735921,0.3579536369149981,957.3321162574046,4.403493981803943,0.46677959212578185,1.1552276372272205,1001.3828518692065,46.484937186610914,-59.53035014437998,5.949787252268039,59.82693838614619
ML,4.651620690554526,False,0.8200000000000001,56.564595723390276,9.992518696735921,0.3579536369149981,957.3321162574046,4.403493981803943,0.46677959212578185,1.1552276372272205,1001.3828518692065,46.484937186610914,-1.9926752520620465,1.1726368990769356,2.312105524680332
cvxkerb,33.97072718358322,False,0.8200000000000001,56.564595723390276,9.992518696735921,0.3579536369149981,957.3321162574046,4.403493981803943,0.46677959212578185,1.1552276372272205,1001.3828518692065,46.484937186610914,-149.96425916452264,-145.17244239386227,208.72066753765276
Optimization,41.29996370092694,False,0.8200000000000001,59.2041969663253,9.45559762598133,0.38332743050287577,990.854144872085,8.634700959185219,0.4714906432883773,1.2346119185555111,1194.287194711244,49.23433556923931,-26.67441168263633,-13.896706989793241,30.077278862538975
ML,2.7454302798982466,False,0.8200000000000001,59.2041969663253,9.45559762598133,0.38332743050287577,990.854144872085,8.634700959185219,0.4714906432883773,1.2346119185555111,1194.287194711244,49.23433556923931,-0.6970215531872992,20.88229850445883,20.893928062356565
cvxkerb,37.4589588940089,False,0.8200000000000001,59.2041969663253,9.45559762598133,0.38332743050287577,990.854144872085,8.634700959185219,0.4714906432883773,1.2346119185555111,1194.287194711244,49.23433556923931,1.2952224845518796,13.382481073655248,13.44501398181607
Optimization,45.36649368392759,False,0.8200000000000001,64.01187931862249,11.436521439004933,0.3228355614178848,944.0219660038327,2.414075605366809,0.6344997792605007,1.2352666153101721,1209.9533729011796,52.85470228448455,-61.14617255689018,1.1818077545352628,61.15759223453511
ML,3.318708246576842,False,0.8200000000000001,64.01187931862249,11.436521439004933,0.3228355614178848,944.0219660038327,2.414075605366809,0.6344997792605007,1.2352666153101721,1209.9533729011796,52.85470228448455,-19.53366283014383,-5.454950670178163,20.28103721153876
cvxkerb,36.73544330597613,False,0.8200000000000001,64.01187931862249,11.436521439004933,0.3228355614178848,944.0219660038327,2.414075605366809,0.6344997792605007,1.2352666153101721,1209.9533729011796,52.85470228448455,86.04063435131896,46.5138190996502,97.80861990035618
Optimization,47.0906118531972,False,0.84,60.26570380406318,10.890446899337798,0.32045043386927957,967.5939958480958,5.638145219804099,0.5161585982855311,1.2254940200158329,1031.741409699982,47.764641735706746,65.66075960375285,51.296532871731706,83.32268380460674
ML,2.570977668238572,False,0.84,60.26570380406318,10.890446899337798,0.32045043386927957,967.5939958480958,5.638145219804099,0.5161585982855311,1.2254940200158329,1031.741409699982,47.764641735706746,-9.354480211580576,0.8662604311814299,9.394504093536987
cvxkerb,53.459396265482965,False,0.84,60.26570380406318,10.890446899337798,0.32045043386927957,967.5939958480958,5.638145219804099,0.5161585982855311,1.2254940200158329,1031.741409699982,47.764641735706746,98.87132477508612,61.84176559479674,116.61879280228528
Optimization,65.59441616965049,False,0.84,60.840062522603915,9.297254655502321,0.37161645381776115,927.0837699635656,3.4955249664660633,0.478942127227304,1.2311230558401358,989.0596940907142,59.34807110810421,-75.58453171649359,-82.53302909880283,111.91390586975982
ML,3.7454017723396773,False,0.84,60.840062522603915,9.297254655502321,0.37161645381776115,927.0837699635656,3.4955249664660633,0.478942127227304,1.2311230558401358,989.0596940907142,59.34807110810421,16.66294986205596,16.39682001634973,23.377544882941788
cvxkerb,55.72903485485665,False,0.84,60.840062522603915,9.297254655502321,0.37161645381776115,927.0837699635656,3.4955249664660633,0.478942127227304,1.2311230558401358,989.0596940907142,59.34807110810421,-26.063653712334716,-5.51485032087116,26.640713558351095
Optimization,51.58421191838494,False,0.84,57.02165330786431,10.839218853089488,0.39505920130759387,948.9232548104532,8.953571738863708,0.5541631172288164,1.1768557140620641,1210.6427359185564,56.04444560347693,15.203215364330687,72.76691768507968,74.33816023282647
ML,2.870093451343827,False,0.84,57.02165330786431,10.839218853089488,0.39505920130759387,948.9232548104532,8.953571738863708,0.5541631172288164,1.1768557140620641,1210.6427359185564,56.04444560347693,-6.207339732400902,28.58575160453704,29.25194457381825
cvxkerb,35.885577760220094,False,0.84,57.02165330786431,10.839218853089488,0.39505920130759387,948.9232548104532,8.953571738863708,0.5541631172288164,1.1768557140620641,1210.6427359185564,56.04444560347693,5.280467658020637,-100.53760795506436,100.67618363850322
Optimization,51.538080280256615,False,0.84,55.883602318839074,10.173879479925453,0.3497153815882872,926.9571569834876,5.952905742006374,0.4838207800841303,1.1626135786295764,1273.058286936467,57.099000262954085,-56.55402287514123,8.35016253437918,57.16714718885793
ML,1.6177227660216909,True,0.84,55.883602318839074,10.173879479925453,0.3497153815882872,926.9571569834876,5.952905742006374,0.4838207800841303,1.1626135786295764,1273.058286936467,57.099000262954085,11.202068603975443,4.90707859778055,12.229708147497561
cvxkerb,31.95507740895928,False,0.84,55.883602318839074,10.173879479925453,0.3497153815882872,926.9571569834876,5.952905742006374,0.4838207800841303,1.1626135786295764,1273.058286936467,57.099000262954085,14.529020510908145,-50.24805685772663,52.30640166350308
Optimization,47.48486094708686,False,0.84,62.10816324208576,8.127539180834368,0.30760999889807744,954.7829741259808,2.3984756957933238,0.4963719227765697,1.22979431892533,1125.2506375568187,45.115413225859356,-30.736389213764106,11.079833640354186,32.672439997617545
ML,2.603978910095181,False,0.84,62.10816324208576,8.127539180834368,0.30760999889807744,954.7829741259808,2.3984756957933238,0.4963719227765697,1.22979431892533,1125.2506375568187,45.115413225859356,-6.721511290623182,3.982884479148423,7.812943286893635
cvxkerb,30.903084831983413,False,0.84,62.10816324208576,8.127539180834368,0.30760999889807744,954.7829741259808,2.3984756957933238,0.4963719227765697,1.22979431892533,1125.2506375568187,45.115413225859356,39.57502835670909,8.256099030965256,40.42704590547563
Optimization,55.402438653228515,False,0.84,56.41122809249213,11.782518710995987,0.3442937121734436,1019.8587132620958,5.716059521932394,0.6365692442720599,1.1576084726765505,1100.4478803301392,58.739048827708764,9.555997355333723,-6.52164555485597,11.569310532538996
ML,4.749365301217232,False,0.84,56.41122809249213,11.782518710995987,0.3442937121734436,1019.8587132620958,5.716059521932394,0.6365692442720599,1.1576084726765505,1100.4478803301392,58.739048827708764,-4.925697767423842,6.548348846990302,8.194105876658138
cvxkerb,33.34809348870557,False,0.84,56.41122809249213,11.782518710995987,0.3442937121734436,1019.8587132620958,5.716059521932394,0.6365692442720599,1.1576084726765505,1100.4478803301392,58.739048827708764,328.5907076589436,-21.836849121800736,329.31550394625157
Optimization,43.236319808683554,False,0.84,62.806051142270405,9.535795577051891,0.37368168318297,995.1884435095449,1.4709978780861959,0.6355868402474043,1.1954096593377537,1193.7948161289614,52.343476288625844,10.361301087554278,28.80367349863684,30.61058913583709
ML,4.4134657265364945,False,0.84,62.806051142270405,9.535795577051891,0.37368168318297,995.1884435095449,1.4709978780861959,0.6355868402474043,1.1954096593377537,1193.7948161289614,52.343476288625844,-0.3356647424377888,-0.5949278465553453,0.6830885461803672
cvxkerb,58.13607823773506,False,0.84,62.806051142270405,9.535795577051891,0.37368168318297,995.1884435095449,1.4709978780861959,0.6355868402474043,1.1954096593377537,1193.7948161289614,52.343476288625844,130.1919960611628,-95.55303762606466,161.4940829812596
Optimization,54.76458102240177,False,0.84,51.153101747126726,8.169337970073213,0.363353529361617,949.7071487854186,3.649863053825581,0.6041629043328642,1.1827221183161454,996.8783568052569,48.38115498267412,-3.957916872090577,7.860338837549122,8.800570016053639
ML,2.42181197010668,False,0.84,51.153101747126726,8.169337970073213,0.363353529361617,949.7071487854186,3.649863053825581,0.6041629043328642,1.1827221183161454,996.8783568052569,48.38115498267412,-32.20892917408332,-0.44304232900829504,32.21197611209857
cvxkerb,33.54559221176455,False,0.84,51.153101747126726,8.169337970073213,0.363353529361617,949.7071487854186,3.649863053825581,0.6041629043328642,1.1827221183161454,996.8783568052569,48.38115498267412,-3.2273251201092443,-34.72587067123781,34.87551750592989
Optimization,47.328666751417316,False,0.84,55.43768923854957,10.654817915705024,0.3381100513611814,1043.8940462626763,4.03398406295496,0.508056735462952,1.2041188055857024,909.4865441223162,46.59578247268001,-87.7629548911098,-35.7904490928769,94.78023263048465
ML,1.863823980183393,True,0.84,55.43768923854957,10.654817915705024,0.3381100513611814,1043.8940462626763,4.03398406295496,0.508056735462952,1.2041188055857024,909.4865441223162,46.59578247268001,1.9670521593413968,-2.9221365062567584,3.5225240891678946
cvxkerb,32.65625818858588,False,0.84,55.43768923854957,10.654817915705024,0.3381100513611814,1043.8940462626763,4.03398406295496,0.508056735462952,1.2041188055857024,909.4865441223162,46.59578247268001,89.79672958554939,131.74368030021662,159.43603715379396
Optimization,61.624167311871446,False,0.86,56.301475829602104,11.794819672956724,0.39022456230962316,1075.143407311788,9.617001730903526,0.6386856214530571,1.1598494641679402,1006.0493045782958,54.90111891309169,98.20567938686588,-25.912919147613987,101.56689836057156
ML,6.414762566684248,False,0.86,56.301475829602104,11.794819672956724,0.39022456230962316,1075.143407311788,9.617001730903526,0.6386856214530571,1.1598494641679402,1006.0493045782958,54.90111891309169,1.6298836587621266,-5.12163661938208,5.374726262991941
cvxkerb,36.100719429185666,False,0.86,56.301475829602104,11.794819672956724,0.39022456230962316,1075.143407311788,9.617001730903526,0.6386856214530571,1.1598494641679402,1006.0493045782958,54.90111891309169,-87.98938752739822,92.75986893977169,127.85353183690422
Optimization,47.8611191295092,False,0.86,46.99863754108819,11.220070772938511,0.3369888625648125,1029.7068318066686,8.704675219941992,0.4919321844223401,1.238467498495335,1146.4897006427811,53.574502835029634,-177.7162113039813,-65.44131729746645,189.3822002456118
ML,6.428824929088931,False,0.86,46.99863754108819,11.220070772938511,0.3369888625648125,1029.7068318066686,8.704675219941992,0.4919321844223401,1.238467498495335,1146.4897006427811,53.574502835029634,6.638120703921321,-3.369503260477243,7.4443400447719785
cvxkerb,45.92248122235334,False,0.86,46.99863754108819,11.220070772938511,0.3369888625648125,1029.7068318066686,8.704675219941992,0.4919321844223401,1.238467498495335,1146.4897006427811,53.574502835029634,101.86237425364739,37.611204140658295,108.58428047144024
Optimization,57.69411866363035,False,0.86,64.52027851197589,9.242403885581318,0.34609695922125394,1034.8002742139706,6.498075385469854,0.6186855591418099,1.2261742706469516,923.3188815449428,64.96842467847549,-85.97724873520195,65.46602223599479,108.06427424213125
ML,5.704558307919817,False,0.86,64.52027851197589,9.242403885581318,0.34609695922125394,1034.8002742139706,6.498075385469854,0.6186855591418099,1.2261742706469516,923.3188815449428,64.96842467847549,5.028760636210826,6.7622584600618785,8.42713314342321
cvxkerb,33.099869874844956,False,0.86,64.52027851197589,9.242403885581318,0.34609695922125394,1034.8002742139706,6.498075385469854,0.6186855591418099,1.2261742706469516,923.3188815449428,64.96842467847549,58.873837430621556,27.279101451781944,64.88665586870592
Optimization,58.689122200976975,False,0.86,61.6050038556277,9.676996997275863,0.3193993956223397,956.9705353221227,6.061968219519778,0.5562661585346351,1.2305580826441234,1216.5410894609338,56.6273311440915,44.948662525976545,-2.5098567348956284,45.01868105246786
ML,2.8953643631396497,False,0.86,61.6050038556277,9.676996997275863,0.3193993956223397,956.9705353221227,6.061968219519778,0.5562661585346351,1.2305580826441234,1216.5410894609338,56.6273311440915,-2.3212212664925853,8.470256246663432,8.782557090742896
cvxkerb,36.58054466638178,False,0.86,61.6050038556277,9.676996997275863,0.3193993956223397,956.9705353221227,6.061968219519778,0.5562661585346351,1.2305580826441234,1216.5410894609338,56.6273311440915,-138.56329383376917,-22.2910101994214,140.34484505593414
Optimization,51.72780048799785,False,0.86,55.982880304829024,11.796449827552989,0.3998617319164385,947.0814497683053,8.723758456149785,0.5256062124466391,1.1508108196886213,903.7010089743609,54.21132015124512,-13.146340483948633,-8.742157154582062,15.787703437654164
ML,3.3647555896518004,False,0.86,55.982880304829024,11.796449827552989,0.3998617319164385,947.0814497683053,8.723758456149785,0.5256062124466391,1.1508108196886213,903.7010089743609,54.21132015124512,4.03763432625289,-5.586548525482001,6.8928960082175
cvxkerb,40.066428554753436,False,0.86,55.982880304829024,11.796449827552989,0.3998617319164385,947.0814497683053,8.723758456149785,0.5256062124466391,1.1508108196886213,903.7010089743609,54.21132015124512,-22.25339513799068,-55.382268425569556,59.685921716342676
Optimization,67.41185561190393,False,0.86,58.4194941897157,11.015750737765696,0.31103942342499336,993.5604824074678,0.850460407858483,0.5696364891084005,1.1764404297929645,1111.0497827354832,55.34922018768582,1.2527108778832703,-73.99255765236599,74.00316123303296
ML,2.383949075633356,False,0.86,58.4194941897157,11.015750737765696,0.31103942342499336,993.5604824074678,0.850460407858483,0.5696364891084005,1.1764404297929645,1111.0497827354832,55.34922018768582,6.827526170775591,-1.0425735129704812,6.906668744233591
cvxkerb,51.88927520143508,False,0.86,58.4194941897157,11.015750737765696,0.31103942342499336,993.5604824074678,0.850460407858483,0.5696364891084005,1.1764404297929645,1111.0497827354832,55.34922018768582,131.74878860787672,67.0407977226298,147.82493652604606
Optimization,48.42016666103653,False,0.86,50.812859386130626,9.189970679970672,0.3296348076880581,1045.1136495119897,2.757912501510433,0.45018116704921807,1.2215236853482634,968.4738975340501,47.08964790615669,-30.286456763968843,-19.947111555934214,36.26508958682769
ML,2.0591213587387895,False,0.86,50.812859386130626,9.189970679970672,0.3296348076880581,1045.1136495119897,2.757912501510433,0.45018116704921807,1.2215236853482634,968.4738975340501,47.08964790615669,-0.1633900177057911,-2.7504914114790084,2.7553401427964728
cvxkerb,42.63124380305367,False,0.86,50.812859386130626,9.189970679970672,0.3296348076880581,1045.1136495119897,2.757912501510433,0.45018116704921807,1.2215236853482634,968.4738975340501,47.08964790615669,-66.63561993342965,11.922409740763063,67.69379364416747
Optimization,59.97843165278478,False,0.86,50.12509847778145,9.52077999190071,0.3871271850950117,1032.6295658799645,4.10054255210026,0.5867399091449241,1.1519683215381413,1194.257064004546,54.74032081032479,-25.0498566741928,-191.14954394717026,192.78392949260262
ML,4.951061650827748,False,0.86,50.12509847778145,9.52077999190071,0.3871271850950117,1032.6295658799645,4.10054255210026,0.5867399091449241,1.1519683215381413,1194.257064004546,54.74032081032479,2.405969875306251,-4.436033524235042,5.046492293565734
cvxkerb,32.29324782292452,False,0.86,50.12509847778145,9.52077999190071,0.3871271850950117,1032.6295658799645,4.10054255210026,0.5867399091449241,1.1519683215381413,1194.257064004546,54.74032081032479,19.298746192758458,25.635611949025453,32.08778902656781
Optimization,49.73095802036503,False,0.86,61.08640652194345,11.59700122792626,0.36237533843692327,901.1262625496107,2.235801318222402,0.4699452407706736,1.186332447556901,1100.5403974534984,45.86794357157122,-31.80987628463424,-10.85816004563254,33.61201970754371
ML,3.9485009345486364,False,0.86,61.08640652194345,11.59700122792626,0.36237533843692327,901.1262625496107,2.235801318222402,0.4699452407706736,1.186332447556901,1100.5403974534984,45.86794357157122,30.314205508176453,1.2448034266128154,30.339752654938746
cvxkerb,46.772982896590776,False,0.86,61.08640652194345,11.59700122792626,0.36237533843692327,901.1262625496107,2.235801318222402,0.4699452407706736,1.186332447556901,1100.5403974534984,45.86794357157122,-117.84741901022377,-14.591561654597848,118.74732771263184
Optimization,57.86941500825411,False,0.88,54.273516115463565,8.354089260858913,0.36089991110519287,957.6423936896213,1.9237084741868262,0.5589062585809016,1.203231026337991,930.348656489619,58.96430906988945,14.621333145409737,40.09983314789183,42.682314855661495
ML,5.079668950245203,False,0.88,54.273516115463565,8.354089260858913,0.36089991110519287,957.6423936896213,1.9237084741868262,0.5589062585809016,1.203231026337991,930.348656489619,58.96430906988945,-1.2548054491089635,3.0995398591900725,3.3439025185883575
cvxkerb,45.784802890355785,False,0.88,54.273516115463565,8.354089260858913,0.36089991110519287,957.6423936896213,1.9237084741868262,0.5589062585809016,1.203231026337991,930.348656489619,58.96430906988945,3.8379230634377834,24.425549463813496,24.72523245694704
Optimization,58.13389182708287,False,0.88,46.88924851602174,11.955502848550173,0.39490693936454213,915.6548961459752,11.20095984539466,0.5226265180518924,1.2344709167075862,1067.3533350853086,53.81710225405032,-6.526700573124186,5.838909478082177,8.75732175179475
ML,6.938706186100389,False,0.88,46.88924851602174,11.955502848550173,0.39490693936454213,915.6548961459752,11.20095984539466,0.5226265180518924,1.2344709167075862,1067.3533350853086,53.81710225405032,-2.7949490432210977,-13.008756870704397,13.305618943713268
cvxkerb,33.595338010281004,False,0.88,46.88924851602174,11.955502848550173,0.39490693936454213,915.6548961459752,11.20095984539466,0.5226265180518924,1.2344709167075862,1067.3533350853086,53.81710225405032,-15.385425156029525,-1.3278400277501718,15.4426185075939
Optimization,59.76628611077601,False,0.88,64.08895389705977,8.462700894592466,0.3946264493003082,1046.6723029464188,7.6499856352099584,0.5790555510647126,1.2326727648396283,942.7679457519286,55.095086471310836,-25.475886327024554,16.8459181673828,30.541868689548686
ML,5.847168123422941,False,0.88,64.08895389705977,8.462700894592466,0.3946264493003082,1046.6723029464188,7.6499856352099584,0.5790555510647126,1.2326727648396283,942.7679457519286,55.095086471310836,17.190271661910188,-0.08695884320749982,17.19049160584666
cvxkerb,53.47650136810102,False,0.88,64.08895389705977,8.462700894592466,0.3946264493003082,1046.6723029464188,7.6499856352099584,0.5790555510647126,1.2326727648396283,942.7679457519286,55.095086471310836,68.94439135366667,-9.753195148565682,69.63084025583458
Optimization,74.2178362470887,False,0.88,51.74475501671684,10.871748094490279,0.3742821501584866,910.1707937667479,2.6534791546681795,0.50485237003178,1.204761198414281,957.8060895627801,47.67882438800001,-33.22929160395323,-22.67790814857783,40.230254019778315
ML,7.92466227493368,False,0.88,51.74475501671684,10.871748094490279,0.3742821501584866,910.1707937667479,2.6534791546681795,0.50485237003178,1.204761198414281,957.8060895627801,47.67882438800001,-8.545347986984359,2.6403533635088965,8.94396098509214
cvxkerb,38.36163394490813,False,0.88,51.74475501671684,10.871748094490279,0.3742821501584866,910.1707937667479,2.6534791546681795,0.50485237003178,1.204761198414281,957.8060895627801,47.67882438800001,-29.48556327071553,-2.125361846934508,29.56206360137556
Optimization,63.93780933602706,False,0.88,51.862310328340186,8.96762309036703,0.339850202880398,903.8345821499796,9.269974153155767,0.4841889787135172,1.1543904613630636,1161.4794771620318,60.478722576473444,-103.631767969088,29.12160857735475,107.64576823327315
ML,3.7717905163016443,False,0.88,51.862310328340186,8.96762309036703,0.339850202880398,903.8345821499796,9.269974153155767,0.4841889787135172,1.1543904613630636,1161.4794771620318,60.478722576473444,-11.799470323742113,6.041580791578492,13.25625129446636
cvxkerb,66.29650392776105,False,0.88,51.862310328340186,8.96762309036703,0.339850202880398,903.8345821499796,9.269974153155767,0.4841889787135172,1.1543904613630636,1161.4794771620318,60.478722576473444,90.51665725562236,-27.99218893122489,94.74612330799188
Optimization,50.94062738813844,False,0.88,46.430060486632705,9.558629689152461,0.37416030197372085,977.2886701861635,3.9635301056176093,0.5690711445020624,1.2372204528998896,919.033277018445,52.70940869399471,-73.29502886838496,16.75943648954859,75.18670074065358
ML,5.997310998418409,False,0.88,46.430060486632705,9.558629689152461,0.37416030197372085,977.2886701861635,3.9635301056176093,0.5690711445020624,1.2372204528998896,919.033277018445,52.70940869399471,-10.290373832763072,-0.6192556292686529,10.308989822111371
cvxkerb,32.44961401867309,False,0.88,46.430060486632705,9.558629689152461,0.37416030197372085,977.2886701861635,3.9635301056176093,0.5690711445020624,1.2372204528998896,919.033277018445,52.70940869399471,-25.534061527242688,-152.27230033738846,154.39832171405507
Optimization,51.93405991984403,False,0.88,47.64323555050047,9.505550150937902,0.3672262939932566,1056.4791617288918,6.369007228657708,0.5679668788879512,1.1700616371124652,1014.9321332910598,48.237912201047166,0.31091132865878407,70.9604801998468,70.96116132115608
ML,2.306883927065838,False,0.88,47.64323555050047,9.505550150937902,0.3672262939932566,1056.4791617288918,6.369007228657708,0.5679668788879512,1.1700616371124652,1014.9321332910598,48.237912201047166,7.603057546286343,2.2210620814162305,7.920833341362934
cvxkerb,35.78509301289144,False,0.88,47.64323555050047,9.505550150937902,0.3672262939932566,1056.4791617288918,6.369007228657708,0.5679668788879512,1.1700616371124652,1014.9321332910598,48.237912201047166,68.33074062252261,37.44570346238968,77.91835997899138
Optimization,55.56456080240784,False,0.88,60.65303125645753,9.821273640247714,0.3698074338478649,977.5904337309784,1.9189589402895302,0.5296298987045813,1.2079967820203144,1279.221312741156,46.37501904177355,-30.071154237322162,-13.734230890809586,33.05908975345339
ML,8.471737363124799,False,0.88,60.65303125645753,9.821273640247714,0.3698074338478649,977.5904337309784,1.9189589402895302,0.5296298987045813,1.2079967820203144,1279.221312741156,46.37501904177355,0.056465572531415154,-12.899497948915167,12.89962153301204
cvxkerb,36.51942801723783,False,0.88,60.65303125645753,9.821273640247714,0.3698074338478649,977.5904337309784,1.9189589402895302,0.5296298987045813,1.2079967820203144,1279.221312741156,46.37501904177355,-25.342834837429884,-127.89780520774767,130.3844617067395
Optimization,60.31184779353871,False,0.88,61.93101551639725,9.707621282545215,0.3552018172295651,946.1883329197489,8.922030429348903,0.5563976636541563,1.230903455024034,1212.293092011468,49.30009536540057,-79.54782466445576,-69.36619622531828,105.54395097596242
ML,8.288405633092971,False,0.88,61.93101551639725,9.707621282545215,0.3552018172295651,946.1883329197489,8.922030429348903,0.5563976636541563,1.230903455024034,1212.293092011468,49.30009536540057,-2.973820407782787,-8.176544896129755,8.700545629796498
cvxkerb,56.19282094631691,False,0.88,61.93101551639725,9.707621282545215,0.3552018172295651,946.1883329197489,8.922030429348903,0.5563976636541563,1.230903455024034,1212.293092011468,49.30009536540057,12.603940418932137,-5.864689234349332,13.901578827582288
Optimization,54.24589342148931,False,0.9,54.977020474885485,8.860340915140371,0.3271860726725916,933.941047831049,8.621522139878001,0.6040178062508164,1.1962328497459283,1185.634809074007,59.71870783874891,-156.31861552629468,-50.53990970360738,164.28570246039772
ML,8.45599938263613,False,0.9,54.977020474885485,8.860340915140371,0.3271860726725916,933.941047831049,8.621522139878001,0.6040178062508164,1.1962328497459283,1185.634809074007,59.71870783874891,1.9663411458390165,-0.7318177849531587,2.0981074262757007
cvxkerb,52.63846402672051,False,0.9,54.977020474885485,8.860340915140371,0.3271860726725916,933.941047831049,8.621522139878001,0.6040178062508164,1.1962328497459283,1185.634809074007,59.71870783874891,195.04622531122044,189.74806678351393,272.11644356090693
Optimization,67.0045820178959,False,0.9,45.36711448758284,9.247110587220089,0.363782217925941,901.8689906972488,0.3957233241911209,0.6203775964940766,1.218402486169207,1006.1478932481376,58.75925680237418,27.47347123045325,-23.18829622211516,35.9511989109557
ML,8.983540861084707,False,0.9,45.36711448758284,9.247110587220089,0.363782217925941,901.8689906972488,0.3957233241911209,0.6203775964940766,1.218402486169207,1006.1478932481376,58.75925680237418,-1.1981759097511426,-3.621442102478426,3.8145076238370974
cvxkerb,93.54683531765977,False,0.9,45.36711448758284,9.247110587220089,0.363782217925941,901.8689906972488,0.3957233241911209,0.6203775964940766,1.218402486169207,1006.1478932481376,58.75925680237418,-34.366647737336834,31.903376622783377,46.89234390214846
Optimization,65.9418164064323,False,0.9,47.937931377555586,11.8834167914708,0.3947477234395625,1076.9143974116525,2.574678255960027,0.5768110112021967,1.226089147296124,1294.4111712785718,48.60847644162741,4.433394367424328,-9.92508843387829,10.870251424756209
ML,5.3313956820120225,False,0.9,47.937931377555586,11.8834167914708,0.3947477234395625,1076.9143974116525,2.574678255960027,0.5768110112021967,1.226089147296124,1294.4111712785718,48.60847644162741,-9.06801294963199,-11.347118152870232,14.52535539082919
cvxkerb,39.69575464424871,False,0.9,47.937931377555586,11.8834167914708,0.3947477234395625,1076.9143974116525,2.574678255960027,0.5768110112021967,1.226089147296124,1294.4111712785718,48.60847644162741,134.42515776944597,6.993761172901127,134.60696763794965
Optimization,59.37795468590342,False,0.9,60.367998578975595,8.356826235267855,0.3211158037431927,1000.4263281839064,0.2401406835452975,0.5005709957525117,1.2017401289824965,905.9844793025203,50.29092572452083,32.98660041612003,9.726984278807548,34.39084224285499
ML,11.83977867208145,False,0.9,60.367998578975595,8.356826235267855,0.3211158037431927,1000.4263281839064,0.2401406835452975,0.5005709957525117,1.2017401289824965,905.9844793025203,50.29092572452083,6.070152993335423,-3.4199359671951366,6.96726053640984
cvxkerb,47.583837676377264,False,0.9,60.367998578975595,8.356826235267855,0.3211158037431927,1000.4263281839064,0.2401406835452975,0.5005709957525117,1.2017401289824965,905.9844793025203,50.29092572452083,-22.990714405294337,55.592871930846826,60.159291538259865
Optimization,61.0696088493369,False,0.9,57.504230677150304,11.94552868651557,0.35335897301104086,922.621151300344,9.93928277779186,0.5003706724691418,1.2277302148143918,1282.8428384000206,58.93591027928682,36.13176267489442,-61.55112850090061,71.3725836279539
ML,7.822049040341447,False,0.9,57.504230677150304,11.94552868651557,0.35335897301104086,922.621151300344,9.93928277779186,0.5003706724691418,1.2277302148143918,1282.8428384000206,58.93591027928682,-13.284019819260399,-0.2900130463004616,13.287185184437204
cvxkerb,53.16544054695995,False,0.9,57.504230677150304,11.94552868651557,0.35335897301104086,922.621151300344,9.93928277779186,0.5003706724691418,1.2277302148143918,1282.8428384000206,58.93591027928682,-117.0211942124425,126.69864597646242,172.47175649124452
Optimization,64.68532970161581,False,0.9,58.22530612530183,9.63737968352957,0.38954127111942194,932.5134137326958,11.946197383083897,0.4737705156952475,1.1514949971104238,1256.0075604595058,49.899070167319124,15.24653529539307,76.28078988038112,77.78956063180021
ML,9.680750496156026,False,0.9,58.22530612530183,9.63737968352957,0.38954127111942194,932.5134137326958,11.946197383083897,0.4737705156952475,1.1514949971104238,1256.0075604595058,49.899070167319124,-13.909531178518684,16.495193017437924,21.576988906905342
cvxkerb,42.271551609948546,False,0.9,58.22530612530183,9.63737968352957,0.38954127111942194,932.5134137326958,11.946197383083897,0.4737705156952475,1.1514949971104238,1256.0075604595058,49.899070167319124,-187.81903106327243,114.81085763351933,220.13069177216232
Optimization,63.501817496361255,False,0.9,54.627654234968546,8.31410874376629,0.3560539352416771,966.4147781647641,1.8593014240552308,0.6198069026566946,1.2021599512991121,1273.3105649516267,61.12033009206138,0.7931537801879815,-4.863484760349273,4.927735477191943
ML,3.8509472572087615,False,0.9,54.627654234968546,8.31410874376629,0.3560539352416771,966.4147781647641,1.8593014240552308,0.6198069026566946,1.2021599512991121,1273.3105649516267,61.12033009206138,-1.528873199184281,-8.234395089917996,8.375124820326535
cvxkerb,36.391808024932,False,0.9,54.627654234968546,8.31410874376629,0.3560539352416771,966.4147781647641,1.8593014240552308,0.6198069026566946,1.2021599512991121,1273.3105649516267,61.12033009206138,10.79956430527547,125.15815540860262,125.62322418433506
Optimization,54.747448499092926,False,0.9,56.096135165478955,9.691505873867115,0.35657515642245824,973.0902969306547,11.233756025185354,0.4609809781821549,1.2173391479029836,1256.5130659311003,61.07769417470507,-27.481519152953602,-14.99490101706422,31.306244608156202
ML,6.245002058898611,False,0.9,56.096135165478955,9.691505873867115,0.35657515642245824,973.0902969306547,11.233756025185354,0.4609809781821549,1.2173391479029836,1256.5130659311003,61.07769417470507,2.632438852024679,3.293099545749211,4.215950536695452
cvxkerb,47.768283923907426,False,0.9,56.096135165478955,9.691505873867115,0.35657515642245824,973.0902969306547,11.233756025185354,0.4609809781821549,1.2173391479029836,1256.5130659311003,61.07769417470507,-74.66145411256178,-140.9973380994535,159.54492182872437
Optimization,53.805345579961134,False,0.9,56.167689551404436,11.669395606026995,0.33914797303340155,1068.9900754545208,0.0028904942143976875,0.48370292869183684,1.1530423539654084,1031.2588722060275,63.163791913930055,-17.759509096463805,34.00973907989847,38.36746689097619
ML,9.019720949756849,False,0.9,56.167689551404436,11.669395606026995,0.33914797303340155,1068.9900754545208,0.0028904942143976875,0.48370292869183684,1.1530423539654084,1031.2588722060275,63.163791913930055,-0.10673246890966649,-2.3053555815268187,2.3078249884244713
cvxkerb,59.047968841141,False,0.9,56.167689551404436,11.669395606026995,0.33914797303340155,1068.9900754545208,0.0028904942143976875,0.48370292869183684,1.1530423539654084,1031.2588722060275,63.163791913930055,-43.2579201892485,55.94605816777596,70.71922711407106
Optimization,59.87681452993655,False,0.92,46.837006744584016,9.78007473490142,0.39995051897085165,1067.045858169203,10.72150865000539,0.6146452718492998,1.1603041693430982,990.9793016259198,45.06243302712819,45.60047539285197,39.507317989471346,60.33433127809825
ML,8.426026418022285,False,0.92,46.837006744584016,9.78007473490142,0.39995051897085165,1067.045858169203,10.72150865000539,0.6146452718492998,1.1603041693430982,990.9793016259198,45.06243302712819,-5.061641657735505,-20.799435509464946,21.406464766133496
cvxkerb,38.49372288752251,False,0.92,46.837006744584016,9.78007473490142,0.39995051897085165,1067.045858169203,10.72150865000539,0.6146452718492998,1.1603041693430982,990.9793016259198,45.06243302712819,65.0897502849631,5.871958973642888,65.35407787083373
Optimization,66.79188364389339,False,0.92,53.80296894448265,10.049714205506625,0.36727136115004366,977.4261017942297,3.0156922457058815,0.4832401073617491,1.1849474119532626,1196.7225900984688,60.134098202229396,-48.85714519793023,42.43592227733583,64.71343088122994
ML,10.530404975975763,False,0.92,53.80296894448265,10.049714205506625,0.36727136115004366,977.4261017942297,3.0156922457058815,0.4832401073617491,1.1849474119532626,1196.7225900984688,60.134098202229396,13.374429333221714,12.01351889475162,17.977763938373858
cvxkerb,36.20654205922603,False,0.92,53.80296894448265,10.049714205506625,0.36727136115004366,977.4261017942297,3.0156922457058815,0.4832401073617491,1.1849474119532626,1196.7225900984688,60.134098202229396,58.80361871355831,-10.07260433861165,59.66006144793821
Optimization,75.66169644576253,False,0.92,48.7248987659955,9.941379588537671,0.38301772429995873,1090.122354948578,7.611031841418448,0.5207811334423634,1.2103325565644598,1024.80052244338,63.196472816641204,-35.12697229053044,-60.90705693490042,70.31055231450607
ML,15.57468870655413,False,0.92,48.7248987659955,9.941379588537671,0.38301772429995873,1090.122354948578,7.611031841418448,0.5207811334423634,1.2103325565644598,1024.80052244338,63.196472816641204,-7.305009715179191,-2.3949400680543915,7.687581210526152
cvxkerb,56.76370036340204,False,0.92,48.7248987659955,9.941379588537671,0.38301772429995873,1090.122354948578,7.611031841418448,0.5207811334423634,1.2103325565644598,1024.80052244338,63.196472816641204,-74.86366599017656,-4.916712202781098,75.0249461470896
Optimization,69.99082530255929,False,0.92,49.342808080753436,9.494563273866794,0.33329120962314035,935.230782500572,7.287200041217855,0.5453248321017258,1.2365700992324005,912.8438321928234,57.877358551102525,38.61301885185443,22.495712168398178,44.688055348348776
ML,6.207971075962272,False,0.92,49.342808080753436,9.494563273866794,0.33329120962314035,935.230782500572,7.287200041217855,0.5453248321017258,1.2365700992324005,912.8438321928234,57.877358551102525,4.378841899093687,-2.861864636766437,5.231111313710758
cvxkerb,38.60356274607235,False,0.92,49.342808080753436,9.494563273866794,0.33329120962314035,935.230782500572,7.287200041217855,0.5453248321017258,1.2365700992324005,912.8438321928234,57.877358551102525,-10.788264993075602,13.50207749720944,17.28273005926639
Optimization,64.26348957709116,False,0.92,58.444682996012105,8.021356567878755,0.39848715661136025,1075.5665207151628,10.741274708761104,0.5818489074101744,1.1844786928654536,1257.4594596361924,50.830338563023844,14.479806786652064,5.918069043949958,15.642517245882582
ML,8.657732873896455,False,0.92,58.444682996012105,8.021356567878755,0.39848715661136025,1075.5665207151628,10.741274708761104,0.5818489074101744,1.1844786928654536,1257.4594596361924,50.830338563023844,-7.519871435618155,4.608266002281387,8.819556789091408
cvxkerb,41.543991034095185,False,0.92,58.444682996012105,8.021356567878755,0.39848715661136025,1075.5665207151628,10.741274708761104,0.5818489074101744,1.1844786928654536,1257.4594596361924,50.830338563023844,-8.207576373861437,-247.08817058423668,247.22444934228818
Optimization,67.20716891100108,False,0.92,60.50381538587811,10.107075629077968,0.3316717122025216,951.6316335316957,0.45296780360920064,0.5666390323766092,1.1729961415401033,959.2535688065532,58.07659927655355,-72.91627328111446,60.367572975206876,94.66270002552797
ML,8.290825277831512,False,0.92,60.50381538587811,10.107075629077968,0.3316717122025216,951.6316335316957,0.45296780360920064,0.5666390323766092,1.1729961415401033,959.2535688065532,58.07659927655355,0.07217234065769217,-7.011711241129647,7.012082670344087
cvxkerb,42.24666629571057,False,0.92,60.50381538587811,10.107075629077968,0.3316717122025216,951.6316335316957,0.45296780360920064,0.5666390323766092,1.1729961415401033,959.2535688065532,58.07659927655355,-14.707213748547144,1.348000177176452,14.768860508621573
Optimization,58.83493175548346,False,0.92,56.13904183328351,10.62318511959888,0.34970236477772065,906.4127034189083,7.347735466084761,0.5932347753912861,1.1916749060624052,1202.9182288284771,49.54002598676841,7.654818997280915,24.32735024999889,25.50325908716872
ML,7.205883204563503,False,0.92,56.13904183328351,10.62318511959888,0.34970236477772065,906.4127034189083,7.347735466084761,0.5932347753912861,1.1916749060624052,1202.9182288284771,49.54002598676841,-3.3259824886055545,-8.262755968175526,8.907036303065743
cvxkerb,37.101890285716046,False,0.92,56.13904183328351,10.62318511959888,0.34970236477772065,906.4127034189083,7.347735466084761,0.5932347753912861,1.1916749060624052,1202.9182288284771,49.54002598676841,155.11794760611673,35.32852956994824,159.09017151008632
Optimization,67.92135455374282,False,0.92,51.75511974264458,10.812126799896525,0.32226036365412375,952.2400342547826,6.142825455235488,0.5139236251016143,1.1667621563840584,1005.1522807957303,45.71496788931729,2.050266043235981,10.89928054888281,11.090442161217094
ML,14.540157746570118,False,0.92,51.75511974264458,10.812126799896525,0.32226036365412375,952.2400342547826,6.142825455235488,0.5139236251016143,1.1667621563840584,1005.1522807957303,45.71496788931729,-1.0984325875370673,0.5998992894638191,1.2515723338515325
cvxkerb,51.08333858965441,False,0.92,51.75511974264458,10.812126799896525,0.32226036365412375,952.2400342547826,6.142825455235488,0.5139236251016143,1.1667621563840584,1005.1522807957303,45.71496788931729,-8.128699958019148,-0.7960913749130738,8.16758988225483
Optimization,57.67382019287577,False,0.92,61.935660543376585,10.402959097801574,0.36818330320328585,1098.7003120791417,2.788026551088218,0.5747891149522777,1.1960321390057398,915.7807811690766,45.2894128300573,73.09610698128138,90.83235684289447,116.5914143728167
ML,13.184289928064203,False,0.92,61.935660543376585,10.402959097801574,0.36818330320328585,1098.7003120791417,2.788026551088218,0.5747891149522777,1.1960321390057398,915.7807811690766,45.2894128300573,28.41642741317525,22.485253994891703,36.236445661006144
cvxkerb,54.25965864524859,False,0.92,61.935660543376585,10.402959097801574,0.36818330320328585,1098.7003120791417,2.788026551088218,0.5747891149522777,1.1960321390057398,915.7807811690766,45.2894128300573,-160.11986519832277,136.86456722744384,210.64254317085272
Optimization,82.90154293361388,False,0.9400000000000001,52.82756186727494,11.554772859139193,0.3240227166395545,956.0432813981142,0.6374474903880132,0.6091163673084565,1.1917055236232705,991.6466455645597,49.63580555233159,4.538437390898824,155.12952881243643,155.1959024057003
ML,13.5550071992577,False,0.9400000000000001,52.82756186727494,11.554772859139193,0.3240227166395545,956.0432813981142,0.6374474903880132,0.6091163673084565,1.1917055236232705,991.6466455645597,49.63580555233159,12.686763323310815,-2.8491555283753445,13.002755509759316
cvxkerb,41.596893839261,False,0.9400000000000001,52.82756186727494,11.554772859139193,0.3240227166395545,956.0432813981142,0.6374474903880132,0.6091163673084565,1.1917055236232705,991.6466455645597,49.63580555233159,-80.27742235484884,99.99670275970334,128.2334008858505
Optimization,71.33403978712641,False,0.9400000000000001,47.798379544539884,10.052566006053109,0.32424188138872106,936.8662697976382,0.7780106254342947,0.6025305117512282,1.1927441920856559,1150.6574733247035,59.55186686609487,-122.77730282245085,-67.69749040233735,140.20419499833218
ML,12.668056217427772,False,0.9400000000000001,47.798379544539884,10.052566006053109,0.32424188138872106,936.8662697976382,0.7780106254342947,0.6025305117512282,1.1927441920856559,1150.6574733247035,59.55186686609487,-15.978537520559176,-0.695550547259055,15.993669118113884
cvxkerb,37.92492640181245,False,0.9400000000000001,47.798379544539884,10.052566006053109,0.32424188138872106,936.8662697976382,0.7780106254342947,0.6025305117512282,1.1927441920856559,1150.6574733247035,59.55186686609487,6.661170964666759,-24.962710821901187,25.836178707354964
Optimization,61.92588469488303,False,0.9400000000000001,63.585613033716186,10.869737803513015,0.37626534899114844,940.2922991586321,2.810333107401755,0.5542535507648132,1.1672099852649862,1022.1726770732129,51.42924955895609,9.912698713148655,-14.389751464613,17.473595594238496
ML,17.670269860880445,False,0.9400000000000001,63.585613033716186,10.869737803513015,0.37626534899114844,940.2922991586321,2.810333107401755,0.5542535507648132,1.1672099852649862,1022.1726770732129,51.42924955895609,7.7668415905064565,-12.972122854336343,15.11951717615401
cvxkerb,47.22418234150143,False,0.9400000000000001,63.585613033716186,10.869737803513015,0.37626534899114844,940.2922991586321,2.810333107401755,0.5542535507648132,1.1672099852649862,1022.1726770732129,51.42924955895609,-52.35639465285744,83.33348960757424,98.4157637333646
Optimization,72.24131619981776,False,0.9400000000000001,51.30112993215199,10.16752069310488,0.30912448413042554,1035.789084856134,8.70115222677181,0.6430063245819838,1.1760397358745072,907.382567617209,55.91216928854301,94.08588634369711,-45.720690773841795,104.60657519447022
ML,13.068431244231176,False,0.9400000000000001,51.30112993215199,10.16752069310488,0.30912448413042554,1035.789084856134,8.70115222677181,0.6430063245819838,1.1760397358745072,907.382567617209,55.91216928854301,-10.735079048433315,19.18552214891073,21.98468062771111
cvxkerb,47.540914339072664,False,0.9400000000000001,51.30112993215199,10.16752069310488,0.30912448413042554,1035.789084856134,8.70115222677181,0.6430063245819838,1.1760397358745072,907.382567617209,55.91216928854301,-16.08820695081184,125.94872296828358,126.97208835107656
Optimization,100.82711983702615,False,0.9400000000000001,50.49144631102043,10.184395232013163,0.3214007113173874,995.1053043252386,3.818102514104438,0.5033406861274429,1.2466985018028038,964.0296421946922,60.7465167491479,-3.931896938656648,-8.39782191775404,9.27271408480428
ML,16.41180597410399,False,0.9400000000000001,50.49144631102043,10.184395232013163,0.3214007113173874,995.1053043252386,3.818102514104438,0.5033406861274429,1.2466985018028038,964.0296421946922,60.7465167491479,12.309048127605521,0.4571896072249668,12.3175357983918
cvxkerb,45.22919709454664,False,0.9400000000000001,50.49144631102043,10.184395232013163,0.3214007113173874,995.1053043252386,3.818102514104438,0.5033406861274429,1.2466985018028038,964.0296421946922,60.7465167491479,-25.08546299600068,35.75390743341941,43.676336275851284
Optimization,64.9574819952308,False,0.9400000000000001,58.602193968665546,10.676320067449133,0.3942334494935037,1064.6175058013762,0.5036727149220721,0.5442165701409026,1.1897953056201334,1024.0588884363208,54.02673450308195,-23.39103206457792,-1.5719930741450447,23.443795410966896
ML,15.268982973630338,False,0.9400000000000001,58.602193968665546,10.676320067449133,0.3942334494935037,1064.6175058013762,0.5036727149220721,0.5442165701409026,1.1897953056201334,1024.0588884363208,54.02673450308195,4.505984403579288,-10.604672361412401,11.522281516184364
cvxkerb,42.229538768044,False,0.9400000000000001,58.602193968665546,10.676320067449133,0.3942334494935037,1064.6175058013762,0.5036727149220721,0.5442165701409026,1.1897953056201334,1024.0588884363208,54.02673450308195,-228.6110665779227,-26.61315610384216,230.15490400967536
Optimization,80.49391363125348,False,0.9400000000000001,46.97314753465618,10.476372381084479,0.3143691607261734,1004.4746527933602,0.08663936404461303,0.5133192696825294,1.2177190723672655,1093.6155760911392,64.56538971997976,-33.924580606566714,31.820039159418243,46.51227860939897
ML,9.373969433232546,False,0.9400000000000001,46.97314753465618,10.476372381084479,0.3143691607261734,1004.4746527933602,0.08663936404461303,0.5133192696825294,1.2177190723672655,1093.6155760911392,64.56538971997976,-11.93782578670544,1.2649264425606712,12.004654239869575
cvxkerb,46.05642379714439,False,0.9400000000000001,46.97314753465618,10.476372381084479,0.3143691607261734,1004.4746527933602,0.08663936404461303,0.5133192696825294,1.2177190723672655,1093.6155760911392,64.56538971997976,-16.419802925949188,55.88291490902545,58.24525823495324
Optimization,66.81398708245042,False,0.9400000000000001,48.81618982892614,10.211367183939073,0.3253245363040251,1091.1242759562713,0.3435743260278339,0.4899456560222473,1.1742310606387447,1065.6271303071267,49.65460483740107,-76.48169533168401,49.01983155899717,90.84268603955407
ML,17.752430489038222,False,0.9400000000000001,48.81618982892614,10.211367183939073,0.3253245363040251,1091.1242759562713,0.3435743260278339,0.4899456560222473,1.1742310606387447,1065.6271303071267,49.65460483740107,5.82658194865881,-2.4103019870877485,6.30544311475378
cvxkerb,43.142453937843534,False,0.9400000000000001,48.81618982892614,10.211367183939073,0.3253245363040251,1091.1242759562713,0.3435743260278339,0.4899456560222473,1.1742310606387447,1065.6271303071267,49.65460483740107,49.50862739584698,-69.57928108842476,85.39543631484551
Optimization,61.348309428381825,False,0.9400000000000001,59.095916722643736,11.620312511177925,0.3434607653867253,997.6184520529952,11.129074037793147,0.5541982777298714,1.198759843804956,1131.3316410817217,58.78459472725904,16.14564627953009,-59.80200183835588,61.94321042421375
ML,10.992959805334205,False,0.9400000000000001,59.095916722643736,11.620312511177925,0.3434607653867253,997.6184520529952,11.129074037793147,0.5541982777298714,1.198759843804956,1131.3316410817217,58.78459472725904,-0.3707018346587565,2.8594736583759377,2.8834024091626955
cvxkerb,65.05124890854509,False,0.9400000000000001,59.095916722643736,11.620312511177925,0.3434607653867253,997.6184520529952,11.129074037793147,0.5541982777298714,1.198759843804956,1131.3316410817217,58.78459472725904,59.90910230664982,225.59974146445683,233.41881648234445
Optimization,66.1336762849037,False,0.96,52.325060119969486,10.406194025518825,0.3606316947374532,973.0050608077646,10.853687127375451,0.5506456690772236,1.19647842059375,1299.0054982647584,54.87000728145233,-23.152440170518815,29.561089829980663,37.54854881064832
ML,17.841976590651917,False,0.96,52.325060119969486,10.406194025518825,0.3606316947374532,973.0050608077646,10.853687127375451,0.5506456690772236,1.19647842059375,1299.0054982647584,54.87000728145233,3.458593778737364,-1.7162799910464543,3.8610216179124426
cvxkerb,87.93280439499543,False,0.96,52.325060119969486,10.406194025518825,0.3606316947374532,973.0050608077646,10.853687127375451,0.5506456690772236,1.19647842059375,1299.0054982647584,54.87000728145233,-41.256934100551184,333.30895231910085,335.85263480793753
Optimization,65.88641591236163,False,0.96,55.90725704267283,8.204825396761317,0.37455030853527727,1001.066406667176,7.772508897482757,0.550527960995107,1.1991811322322457,968.7156437911067,50.57427430282298,16.938533879775555,17.36295741483618,24.256673724682845
ML,16.67940208978153,False,0.96,55.90725704267283,8.204825396761317,0.37455030853527727,1001.066406667176,7.772508897482757,0.550527960995107,1.1991811322322457,968.7156437911067,50.57427430282298,-18.765832624410912,-8.221843499972222,20.48792777772902
cvxkerb,41.96713173565875,False,0.96,55.90725704267283,8.204825396761317,0.37455030853527727,1001.066406667176,7.772508897482757,0.550527960995107,1.1991811322322457,968.7156437911067,50.57427430282298,133.18158450555,97.16378118166887,164.8579231487774
Optimization,68.09416139067591,False,0.96,46.64466443021201,9.673056323610304,0.3559301872076827,937.4822575967554,5.378718985298694,0.570205175497738,1.1827376680115398,1212.3779275801949,61.80899163277611,71.51144256844367,-34.72063263434381,79.4947089355567
ML,14.803177170414566,False,0.96,46.64466443021201,9.673056323610304,0.3559301872076827,937.4822575967554,5.378718985298694,0.570205175497738,1.1827376680115398,1212.3779275801949,61.80899163277611,11.663335688002725,-16.63085473790025,20.313018699449305
cvxkerb,43.059852089880216,False,0.96,46.64466443021201,9.673056323610304,0.3559301872076827,937.4822575967554,5.378718985298694,0.570205175497738,1.1827376680115398,1212.3779275801949,61.80899163277611,5.91723488250774,66.64035357658267,66.90254399846631
Optimization,82.54329135658311,False,0.96,64.45713209420686,9.066624768530017,0.37160934824899616,978.8516470991491,8.124983663413296,0.5451963380698441,1.249377310276793,1191.5608543163,64.0498260086865,40.090448538363745,-16.189520394532167,43.235918338947826
ML,19.772460135155015,False,0.96,64.45713209420686,9.066624768530017,0.37160934824899616,978.8516470991491,8.124983663413296,0.5451963380698441,1.249377310276793,1191.5608543163,64.0498260086865,1.8446318780820468,0.9871318761505007,2.092151071636297
cvxkerb,47.49314489058197,False,0.96,64.45713209420686,9.066624768530017,0.37160934824899616,978.8516470991491,8.124983663413296,0.5451963380698441,1.249377310276793,1191.5608543163,64.0498260086865,702.0041605837679,-226.45903300162453,737.6269620241328
Optimization,67.69169918546199,False,0.96,52.210658357032955,11.193983854415652,0.3524037669867587,1014.419963394325,10.236162707855106,0.6111856306830717,1.16322115228203,1185.5658336334536,53.70872257804071,-26.61692854603622,-31.203737996131398,41.01382876733179
ML,21.642940309321624,False,0.96,52.210658357032955,11.193983854415652,0.3524037669867587,1014.419963394325,10.236162707855106,0.6111856306830717,1.16322115228203,1185.5658336334536,53.70872257804071,-2.3665448000031906,2.0756224817757847,3.1478155881936933
cvxkerb,42.62429972007129,False,0.96,52.210658357032955,11.193983854415652,0.3524037669867587,1014.419963394325,10.236162707855106,0.6111856306830717,1.16322115228203,1185.5658336334536,53.70872257804071,34.60711954345207,18.33311850826798,39.163196464703695
Optimization,80.34507078717431,False,0.96,48.330911771876025,10.114519350146477,0.3590116422344471,959.6083396693829,0.42077938822462446,0.45745077612283924,1.1526347332193916,1195.6498668546185,51.360194096285966,-42.75299212211785,34.33302804795129,54.83224553431385
ML,16.223184397594338,False,0.96,48.330911771876025,10.114519350146477,0.3590116422344471,959.6083396693829,0.42077938822462446,0.45745077612283924,1.1526347332193916,1195.6498668546185,51.360194096285966,-8.827654868145274,-5.738846187542919,10.529095214469514
cvxkerb,45.25626949548299,False,0.96,48.330911771876025,10.114519350146477,0.3590116422344471,959.6083396693829,0.42077938822462446,0.45745077612283924,1.1526347332193916,1195.6498668546185,51.360194096285966,62.18510977365959,239.09647101434857,247.05082539647043
Optimization,73.05047383906354,False,0.96,55.88400004227256,10.959185487744396,0.37059366177116204,1006.8379783617238,8.146836250316483,0.6247119204545226,1.1932271287788168,1065.1052290995174,60.2849124170476,-1.9265941771624708,13.761971212243196,13.896172738206978
ML,13.440179358186235,False,0.96,55.88400004227256,10.959185487744396,0.37059366177116204,1006.8379783617238,8.146836250316483,0.6247119204545226,1.1932271287788168,1065.1052290995174,60.2849124170476,7.334221388296602,-16.901433523913987,18.424148787279993
cvxkerb,38.62117068546591,False,0.96,55.88400004227256,10.959185487744396,0.37059366177116204,1006.8379783617238,8.146836250316483,0.6247119204545226,1.1932271287788168,1065.1052290995174,60.2849124170476,-77.0657038651733,-94.85343034359772,122.21413977188699
Optimization,69.95742962269229,False,0.96,57.249790141941666,10.951812481011753,0.3767278301053648,1081.0746376524855,4.913648902665326,0.6406145537244274,1.2365429405082686,1018.6006284095756,48.18566074698917,-2.1679255312349093,76.66312138268437,76.6937682034543
ML,16.909531921504943,False,0.96,57.249790141941666,10.951812481011753,0.3767278301053648,1081.0746376524855,4.913648902665326,0.6406145537244274,1.2365429405082686,1018.6006284095756,48.18566074698917,4.9666420258532655,-1.2976567809768569,5.133365965347401
cvxkerb,85.70799914010823,False,0.96,57.249790141941666,10.951812481011753,0.3767278301053648,1081.0746376524855,4.913648902665326,0.6406145537244274,1.2365429405082686,1018.6006284095756,48.18566074698917,29.756822701634967,29.02758914136759,41.570054470214245
Optimization,102.44428672428806,False,0.96,53.68142163631961,11.714088300169719,0.35902990717555994,1026.0014270893046,10.145030420409238,0.5093600410103678,1.1854265721327626,1262.3807676778579,63.01926992077527,43.66073913762145,14.079727131100563,45.8748172544554
ML,29.631974580913642,False,0.96,53.68142163631961,11.714088300169719,0.35902990717555994,1026.0014270893046,10.145030420409238,0.5093600410103678,1.1854265721327626,1262.3807676778579,63.01926992077527,-1.3665387173258687,11.180101978824057,11.263308054157811
cvxkerb,42.62500954509567,False,0.96,53.68142163631961,11.714088300169719,0.35902990717555994,1026.0014270893046,10.145030420409238,0.5093600410103678,1.1854265721327626,1262.3807676778579,63.01926992077527,78.30855233481846,2.287552925454525,78.34195725894112
Optimization,69.17756412754115,False,0.98,47.790535611193384,11.107073085400291,0.362584666605061,981.8287575835245,3.0482537891467527,0.6219457567004465,1.2200188259294054,1119.0959637876547,57.19137067796928,4.67459385373372,-27.2681739711088,27.665956325708688
ML,29.486070403092544,False,0.98,47.790535611193384,11.107073085400291,0.362584666605061,981.8287575835245,3.0482537891467527,0.6219457567004465,1.2200188259294054,1119.0959637876547,57.19137067796928,-3.7888011894049067,3.7664105439260207,5.34236491062087
cvxkerb,67.30341115238801,False,0.98,47.790535611193384,11.107073085400291,0.362584666605061,981.8287575835245,3.0482537891467527,0.6219457567004465,1.2200188259294054,1119.0959637876547,57.19137067796928,-141.91751741012678,13.238266278299125,142.5336221454741
Optimization,72.89727560922645,False,0.98,60.03752488738382,8.560258237435747,0.33482746153631915,977.9098328963045,6.135548954952415,0.6358152720513648,1.2374296560222173,953.8101969156738,48.455793037649265,39.61281675392247,29.442447454975262,49.35618465115411
ML,23.71405825631108,False,0.98,60.03752488738382,8.560258237435747,0.33482746153631915,977.9098328963045,6.135548954952415,0.6358152720513648,1.2374296560222173,953.8101969156738,48.455793037649265,2.930807496080477,-18.518805153383266,18.74928737013906
cvxkerb,49.06651084649097,False,0.98,60.03752488738382,8.560258237435747,0.33482746153631915,977.9098328963045,6.135548954952415,0.6358152720513648,1.2374296560222173,953.8101969156738,48.455793037649265,12.276786976398094,-80.70339079113188,81.63183682638783
Optimization,75.04672644258277,False,0.98,52.36620764173463,9.456109876858266,0.39594395957411654,988.7889920653438,9.061127607577758,0.6001622762748878,1.176554418480324,1128.7478757486929,62.886057866372965,77.77665211113187,25.37895966628143,81.81258587380533
ML,31.78780533804397,False,0.98,52.36620764173463,9.456109876858266,0.39594395957411654,988.7889920653438,9.061127607577758,0.6001622762748878,1.176554418480324,1128.7478757486929,62.886057866372965,8.684349922920692,-17.187286754842056,19.256706872591216
cvxkerb,50.298206023522496,False,0.98,52.36620764173463,9.456109876858266,0.39594395957411654,988.7889920653438,9.061127607577758,0.6001622762748878,1.176554418480324,1128.7478757486929,62.886057866372965,148.3747227830526,189.3095951773666,240.52688246257657
Optimization,68.30054786919142,False,0.98,47.78375605515974,8.013551391930557,0.3245290093643643,1040.91720642667,1.1903343613545432,0.6317774880772936,1.1715022569356184,981.8374457167104,48.63015923242991,-95.41308180645402,20.687768492370207,97.63011802204784
ML,25.842071756283925,False,0.98,47.78375605515974,8.013551391930557,0.3245290093643643,1040.91720642667,1.1903343613545432,0.6317774880772936,1.1715022569356184,981.8374457167104,48.63015923242991,6.504142460678966,-2.991375747104029,7.159064045611634
cvxkerb,43.57370511223141,False,0.98,47.78375605515974,8.013551391930557,0.3245290093643643,1040.91720642667,1.1903343613545432,0.6317774880772936,1.1715022569356184,981.8374457167104,48.63015923242991,132.14220743956005,64.81793023585612,147.18331110238017
Optimization,70.34931155054285,False,0.98,46.366967428963896,11.820394224662744,0.3193014985405699,1076.548415241416,9.713678515385213,0.6435719848162832,1.197789066094575,1190.9589175383805,52.41421314075568,-45.46163382658926,9.21835924720547,46.38683323307836
ML,25.174379279191054,False,0.98,46.366967428963896,11.820394224662744,0.3193014985405699,1076.548415241416,9.713678515385213,0.6435719848162832,1.197789066094575,1190.9589175383805,52.41421314075568,-8.885515353613945,1.49383017860322,9.010211523699923
cvxkerb,43.3928394962283,False,0.98,46.366967428963896,11.820394224662744,0.3193014985405699,1076.548415241416,9.713678515385213,0.6435719848162832,1.197789066094575,1190.9589175383805,52.41421314075568,-189.07347278996247,147.46950168097953,239.78330225203985
Optimization,72.98723577896395,False,0.98,49.62177844269137,10.036013781930473,0.3887818114964999,1038.751584069815,4.735548838872384,0.5244937877824216,1.1955735814008484,970.8165764239625,57.68001534831976,-95.07275298866261,51.14406340703368,107.95621141289618
ML,24.91427261796103,False,0.98,49.62177844269137,10.036013781930473,0.3887818114964999,1038.751584069815,4.735548838872384,0.5244937877824216,1.1955735814008484,970.8165764239625,57.68001534831976,15.733194326684817,-17.307833298582352,23.390051244337695
cvxkerb,41.68163533176806,False,0.98,49.62177844269137,10.036013781930473,0.3887818114964999,1038.751584069815,4.735548838872384,0.5244937877824216,1.1955735814008484,970.8165764239625,57.68001534831976,-3.44809570894009,-31.951737375533238,32.13725074322722
Optimization,76.8785130905863,False,0.98,55.53284527050395,9.806185443892225,0.3579610899228284,1075.430980074239,10.412968680980768,0.5402152143649719,1.1515366250734722,1070.5775222857212,57.12387074848281,47.7359894522414,27.598374026801952,55.139776367952
ML,28.856514662839533,False,0.98,55.53284527050395,9.806185443892225,0.3579610899228284,1075.430980074239,10.412968680980768,0.5402152143649719,1.1515366250734722,1070.5775222857212,57.12387074848281,-6.424693362503055,-0.6532748835623305,6.457821062532175
cvxkerb,46.00014998200997,False,0.98,55.53284527050395,9.806185443892225,0.3579610899228284,1075.430980074239,10.412968680980768,0.5402152143649719,1.1515366250734722,1070.5775222857212,57.12387074848281,5.841630866695415,86.0737918780709,86.27179318556091
Optimization,70.75033262367616,False,0.98,57.61559466209864,10.350247088599193,0.33535488542043373,996.4902940762236,7.168191611734237,0.5444924227829782,1.219831332394056,1073.4787732427837,49.04546363484061,-3.026607924374625,5.008264578203015,5.851757822498322
ML,22.693892013691972,False,0.98,57.61559466209864,10.350247088599193,0.33535488542043373,996.4902940762236,7.168191611734237,0.5444924227829782,1.219831332394056,1073.4787732427837,49.04546363484061,-14.366294796563924,14.60621452040286,20.487360220336026
cvxkerb,55.82432627467181,False,0.98,57.61559466209864,10.350247088599193,0.33535488542043373,996.4902940762236,7.168191611734237,0.5444924227829782,1.219831332394056,1073.4787732427837,49.04546363484061,0.6093998672756502,142.59427721404828,142.59557939289382
Optimization,72.7763595172203,False,0.98,51.77872439874052,11.277335009195443,0.3130698253748313,934.6746313515016,4.090518475007238,0.5316974777764547,1.1848702810842977,1205.458813009288,46.939027852534295,-51.15446810408469,-72.35278423326831,88.60984704488378
ML,24.640677853347587,False,0.98,51.77872439874052,11.277335009195443,0.3130698253748313,934.6746313515016,4.090518475007238,0.5316974777764547,1.1848702810842977,1205.458813009288,46.939027852534295,-13.29967958220943,-4.373693973916165,14.000381279340537
cvxkerb,63.699241510217824,False,0.98,51.77872439874052,11.277335009195443,0.3130698253748313,934.6746313515016,4.090518475007238,0.5316974777764547,1.1848702810842977,1205.458813009288,46.939027852534295,37.38196215013521,109.9287776334319,116.11092647195035
Optimization,72.69019711323664,False,1.0,59.00612707767614,8.8067998505241,0.3429745381075667,998.8085733871467,0.6626115210048678,0.6409275026720112,1.1628577260796877,1178.9845068906907,55.12462072181761,18.36665640476443,7.9985455846293565,20.032743171120327
ML,33.24437140725612,False,1.0,59.00612707767614,8.8067998505241,0.3429745381075667,998.8085733871467,0.6626115210048678,0.6409275026720112,1.1628577260796877,1178.9845068906907,55.12462072181761,6.811109364608019,0.2671755346430641,6.816347522167782
cvxkerb,88.69929847873779,False,1.0,59.00612707767614,8.8067998505241,0.3429745381075667,998.8085733871467,0.6626115210048678,0.6409275026720112,1.1628577260796877,1178.9845068906907,55.12462072181761,-162.71695068721579,29.386606463890296,165.34926271504622
Optimization,103.18641681407405,False,1.0,54.50493053174401,11.418430250933485,0.34713681101729976,1073.7256341020723,3.4989212349091834,0.4757626147525976,1.2355314464362939,1134.9660655170667,62.78184796497921,11.629511596032046,-34.7091324558823,36.60559268475551
ML,37.617728607089816,False,1.0,54.50493053174401,11.418430250933485,0.34713681101729976,1073.7256341020723,3.4989212349091834,0.4757626147525976,1.2355314464362939,1134.9660655170667,62.78184796497921,0.09509867865149818,9.203567199204537,9.204058504211874
cvxkerb,42.079658966717865,False,1.0,54.50493053174401,11.418430250933485,0.34713681101729976,1073.7256341020723,3.4989212349091834,0.4757626147525976,1.2355314464362939,1134.9660655170667,62.78184796497921,67.14243874175428,76.55558245052045,101.82762044027474
Optimization,73.17791733268206,False,1.0,51.790578382613866,8.432583769348795,0.35065012010369256,917.1621543418878,11.634318279888081,0.45773699165143833,1.2253503901107308,1110.0409592568976,52.37241304996577,8.601250866119237,-107.65374027325589,107.9968023197148
ML,34.003651005508715,False,1.0,51.790578382613866,8.432583769348795,0.35065012010369256,917.1621543418878,11.634318279888081,0.45773699165143833,1.2253503901107308,1110.0409592568976,52.37241304996577,5.090844254125033,-7.5001231565487085,9.064686568390329
cvxkerb,78.63378085480704,False,1.0,51.790578382613866,8.432583769348795,0.35065012010369256,917.1621543418878,11.634318279888081,0.45773699165143833,1.2253503901107308,1110.0409592568976,52.37241304996577,8.21278883064078,-15.78496467567649,17.793678939136015
Optimization,92.33700014628782,False,1.0,57.00405094185162,10.054610687285319,0.3694541974037274,911.0967884135821,3.4144873232646735,0.6138461153680205,1.157989368779136,1242.194381878383,46.837921841542126,-30.474757419491006,-44.84895466125272,54.223053897617426
ML,33.5826624704949,False,1.0,57.00405094185162,10.054610687285319,0.3694541974037274,911.0967884135821,3.4144873232646735,0.6138461153680205,1.157989368779136,1242.194381878383,46.837921841542126,1.1580723972933027,0.5067875661103768,1.264106528160003
cvxkerb,52.76061711094068,False,1.0,57.00405094185162,10.054610687285319,0.3694541974037274,911.0967884135821,3.4144873232646735,0.6138461153680205,1.157989368779136,1242.194381878383,46.837921841542126,-264.9131340920836,150.87781826073626,304.86568297794696
Optimization,94.11059957977777,False,1.0,53.23564054971549,9.895233739840554,0.34145208293901813,1068.4332060122765,2.760005430580798,0.4511441863083929,1.2151319897226238,980.9848734555326,62.80230272619619,28.426409071751266,-0.21142831385662014,28.427195335566307
ML,33.8407525028,False,1.0,53.23564054971549,9.895233739840554,0.34145208293901813,1068.4332060122765,2.760005430580798,0.4511441863083929,1.2151319897226238,980.9848734555326,62.80230272619619,-9.83580559850397,-16.96342629335446,19.60869458637243
cvxkerb,40.370068543553685,False,1.0,53.23564054971549,9.895233739840554,0.34145208293901813,1068.4332060122765,2.760005430580798,0.4511441863083929,1.2151319897226238,980.9848734555326,62.80230272619619,114.8972769026611,68.65033613933939,133.84413656074392
Optimization,98.42146848687496,False,1.0,53.4058052010851,10.308309770527062,0.3872948730409002,1072.7246001839908,4.458234902922879,0.49177777854296867,1.2275146077728594,1073.2320814408524,48.84083987118008,-13.85850655261112,45.09608000409741,47.17748017438743
ML,34.02200111190154,False,1.0,53.4058052010851,10.308309770527062,0.3872948730409002,1072.7246001839908,4.458234902922879,0.49177777854296867,1.2275146077728594,1073.2320814408524,48.84083987118008,6.823726995419052,-2.3822789995622116,7.227620863034105
cvxkerb,77.98768495035293,False,1.0,53.4058052010851,10.308309770527062,0.3872948730409002,1072.7246001839908,4.458234902922879,0.49177777854296867,1.2275146077728594,1073.2320814408524,48.84083987118008,8.917034785693708,-39.34909154828574,40.34680303375527
Optimization,79.7708464653304,False,1.0,46.61693603286508,11.499733297402596,0.38587512591908923,980.7140784899202,8.428753710485122,0.5614131865367834,1.2352956113673748,1026.0223877274618,55.473447999979705,30.64379939489116,10.70148878220149,32.45865529423418
ML,33.537508715367714,False,1.0,46.61693603286508,11.499733297402596,0.38587512591908923,980.7140784899202,8.428753710485122,0.5614131865367834,1.2352956113673748,1026.0223877274618,55.473447999979705,-7.853474061727192,8.348377946089197,11.461782983854226
cvxkerb,48.5404928312589,False,1.0,46.61693603286508,11.499733297402596,0.38587512591908923,980.7140784899202,8.428753710485122,0.5614131865367834,1.2352956113673748,1026.0223877274618,55.473447999979705,159.13937336334993,-56.8612415711933,168.99272454013305
Optimization,95.02265137445703,False,1.0,56.38670403552188,10.770453773700403,0.35921901804292183,1075.7395167652153,4.282663947364814,0.509977148011161,1.1713838889495263,915.113187225838,45.86027928760111,113.4997567857128,75.49504303949635,136.31469588401453
ML,34.864750476356264,False,1.0,56.38670403552188,10.770453773700403,0.35921901804292183,1075.7395167652153,4.282663947364814,0.509977148011161,1.1713838889495263,915.113187225838,45.86027928760111,20.66947799134552,8.182708949100135,22.230250699899905
cvxkerb,57.22521143441908,False,1.0,56.38670403552188,10.770453773700403,0.35921901804292183,1075.7395167652153,4.282663947364814,0.509977148011161,1.1713838889495263,915.113187225838,45.86027928760111,-12.129974993883902,75.56697376861418,76.53433097570444
Optimization,80.38401578285738,False,1.0,47.75797643460668,10.364971623002457,0.3314785623716958,910.4697533619205,11.383873892478778,0.5782980738128576,1.2376918931870846,1170.4224020053011,52.13967384280226,176.56476159358564,36.43656397789694,180.28515809992544
ML,42.05573191738671,False,1.0,47.75797643460668,10.364971623002457,0.3314785623716958,910.4697533619205,11.383873892478778,0.5782980738128576,1.2376918931870846,1170.4224020053011,52.13967384280226,2.314847513018899,-33.53658326717574,33.61637898770095
cvxkerb,52.0126839281105,False,1.0,47.75797643460668,10.364971623002457,0.3314785623716958,910.4697533619205,11.383873892478778,0.5782980738128576,1.2376918931870846,1170.4224020053011,52.13967384280226,-54.16785612243887,60.21867740545708,80.99657860282585
